// @generated by scripts/gen-term-font.py from the fonts in compositor/term/font/.
// Do not edit: regenerate with `python3 scripts/gen-term-font.py`, and check with
// `--check`.
//
//   Hack Version 3.003, Hack-Regular.ttf
//     Copyright (c) 2018 Source Foundry Authors / Copyright (c) 2003 by Bitstream, Inc. All Rights Reserved.
//     SHA-256 15f55cc0c85a2988d2b4b3a8cdb5d77fdfbaf319e1bb5309d725db9818fb7125
//   Hack Version 3.003, Hack-Bold.ttf
//     Copyright (c) 2018 Source Foundry Authors / Copyright (c) 2003 by Bitstream, Inc. All Rights Reserved.
//     SHA-256 5bbf531eff7f8a0c2559c9a0656718e2828a012a9b1f60b5f54006d59a4de8d4
// Licence: MIT and the Bitstream Vera License; see compositor/term/LICENSE-hack,
//          which a binary shipping this file must reproduce.

//! The Hack faces at 20 pixels per em, as cells of coverage.
//!
//! One byte a pixel, `0x00` where the glyph covers none of it and `0xFF`
//! where it covers all of it: 12 bytes a row, 24 rows a cell, top
//! row first, with the baseline below row 18.

/// The cell a glyph is drawn in, in pixels.
pub(crate) const WIDTH: usize = 12;
/// Rows in a cell, ascent and descent together.
pub(crate) const HEIGHT: usize = 24;

/// The first code point in the tables.
pub(crate) const FIRST: u32 = 0x20;

/// One glyph: coverage, row by row.
pub(crate) type Cell = [u8; WIDTH * HEIGHT];

/// Regular: printable ASCII, 0x20..=0x7E, indexed by code
/// point minus [`FIRST`].
#[rustfmt::skip]
pub(crate) static REGULAR: [Cell; 95] = [
    // 0x20 ' '
    [
        0x00, 0x00, 0x00, 0x00, 0x00, 0x00, 0x00, 0x00, 0x00, 0x00, 0x00, 0x00, // ............
        0x00, 0x00, 0x00, 0x00, 0x00, 0x00, 0x00, 0x00, 0x00, 0x00, 0x00, 0x00, // ............
        0x00, 0x00, 0x00, 0x00, 0x00, 0x00, 0x00, 0x00, 0x00, 0x00, 0x00, 0x00, // ............
        0x00, 0x00, 0x00, 0x00, 0x00, 0x00, 0x00, 0x00, 0x00, 0x00, 0x00, 0x00, // ............
        0x00, 0x00, 0x00, 0x00, 0x00, 0x00, 0x00, 0x00, 0x00, 0x00, 0x00, 0x00, // ............
        0x00, 0x00, 0x00, 0x00, 0x00, 0x00, 0x00, 0x00, 0x00, 0x00, 0x00, 0x00, // ............
        0x00, 0x00, 0x00, 0x00, 0x00, 0x00, 0x00, 0x00, 0x00, 0x00, 0x00, 0x00, // ............
        0x00, 0x00, 0x00, 0x00, 0x00, 0x00, 0x00, 0x00, 0x00, 0x00, 0x00, 0x00, // ............
        0x00, 0x00, 0x00, 0x00, 0x00, 0x00, 0x00, 0x00, 0x00, 0x00, 0x00, 0x00, // ............
        0x00, 0x00, 0x00, 0x00, 0x00, 0x00, 0x00, 0x00, 0x00, 0x00, 0x00, 0x00, // ............
        0x00, 0x00, 0x00, 0x00, 0x00, 0x00, 0x00, 0x00, 0x00, 0x00, 0x00, 0x00, // ............
        0x00, 0x00, 0x00, 0x00, 0x00, 0x00, 0x00, 0x00, 0x00, 0x00, 0x00, 0x00, // ............
        0x00, 0x00, 0x00, 0x00, 0x00, 0x00, 0x00, 0x00, 0x00, 0x00, 0x00, 0x00, // ............
        0x00, 0x00, 0x00, 0x00, 0x00, 0x00, 0x00, 0x00, 0x00, 0x00, 0x00, 0x00, // ............
        0x00, 0x00, 0x00, 0x00, 0x00, 0x00, 0x00, 0x00, 0x00, 0x00, 0x00, 0x00, // ............
        0x00, 0x00, 0x00, 0x00, 0x00, 0x00, 0x00, 0x00, 0x00, 0x00, 0x00, 0x00, // ............
        0x00, 0x00, 0x00, 0x00, 0x00, 0x00, 0x00, 0x00, 0x00, 0x00, 0x00, 0x00, // ............
        0x00, 0x00, 0x00, 0x00, 0x00, 0x00, 0x00, 0x00, 0x00, 0x00, 0x00, 0x00, // ............
        0x00, 0x00, 0x00, 0x00, 0x00, 0x00, 0x00, 0x00, 0x00, 0x00, 0x00, 0x00, // ............
        0x00, 0x00, 0x00, 0x00, 0x00, 0x00, 0x00, 0x00, 0x00, 0x00, 0x00, 0x00, // ............
        0x00, 0x00, 0x00, 0x00, 0x00, 0x00, 0x00, 0x00, 0x00, 0x00, 0x00, 0x00, // ............
        0x00, 0x00, 0x00, 0x00, 0x00, 0x00, 0x00, 0x00, 0x00, 0x00, 0x00, 0x00, // ............
        0x00, 0x00, 0x00, 0x00, 0x00, 0x00, 0x00, 0x00, 0x00, 0x00, 0x00, 0x00, // ............
        0x00, 0x00, 0x00, 0x00, 0x00, 0x00, 0x00, 0x00, 0x00, 0x00, 0x00, 0x00, // ............
    ],
    // 0x21 '!'
    [
        0x00, 0x00, 0x00, 0x00, 0x00, 0x00, 0x00, 0x00, 0x00, 0x00, 0x00, 0x00, // ............
        0x00, 0x00, 0x00, 0x00, 0x00, 0x00, 0x00, 0x00, 0x00, 0x00, 0x00, 0x00, // ............
        0x00, 0x00, 0x00, 0x00, 0x00, 0x00, 0x00, 0x00, 0x00, 0x00, 0x00, 0x00, // ............
        0x00, 0x00, 0x00, 0x00, 0x00, 0x00, 0x00, 0x00, 0x00, 0x00, 0x00, 0x00, // ............
        0x00, 0x00, 0x00, 0x00, 0x30, 0x9F, 0x9F, 0x2D, 0x00, 0x00, 0x00, 0x00, // ....:++:....
        0x00, 0x00, 0x00, 0x00, 0x4D, 0xFF, 0xFF, 0x49, 0x00, 0x00, 0x00, 0x00, // ....-@@-....
        0x00, 0x00, 0x00, 0x00, 0x4D, 0xFF, 0xFF, 0x49, 0x00, 0x00, 0x00, 0x00, // ....-@@-....
        0x00, 0x00, 0x00, 0x00, 0x4D, 0xFF, 0xFF, 0x49, 0x00, 0x00, 0x00, 0x00, // ....-@@-....
        0x00, 0x00, 0x00, 0x00, 0x4C, 0xFF, 0xFF, 0x48, 0x00, 0x00, 0x00, 0x00, // ....-@@-....
        0x00, 0x00, 0x00, 0x00, 0x32, 0xFF, 0xFF, 0x31, 0x00, 0x00, 0x00, 0x00, // ....:@@:....
        0x00, 0x00, 0x00, 0x00, 0x0F, 0xFF, 0xFF, 0x13, 0x00, 0x00, 0x00, 0x00, // .....@@.....
        0x00, 0x00, 0x00, 0x00, 0x00, 0xEC, 0xF4, 0x00, 0x00, 0x00, 0x00, 0x00, // .....%%.....
        0x00, 0x00, 0x00, 0x00, 0x00, 0xC9, 0xD6, 0x00, 0x00, 0x00, 0x00, 0x00, // .....##.....
        0x00, 0x00, 0x00, 0x00, 0x00, 0xA7, 0xB8, 0x00, 0x00, 0x00, 0x00, 0x00, // .....**.....
        0x00, 0x00, 0x00, 0x00, 0x00, 0x24, 0x29, 0x00, 0x00, 0x00, 0x00, 0x00, // .....::.....
        0x00, 0x00, 0x00, 0x00, 0x00, 0x00, 0x00, 0x00, 0x00, 0x00, 0x00, 0x00, // ............
        0x00, 0x00, 0x00, 0x00, 0x15, 0xA8, 0xAB, 0x19, 0x00, 0x00, 0x00, 0x00, // .....**.....
        0x00, 0x00, 0x00, 0x00, 0x81, 0xFF, 0xFF, 0x89, 0x00, 0x00, 0x00, 0x00, // ....+@@+....
        0x00, 0x00, 0x00, 0x00, 0x73, 0xFF, 0xFF, 0x7B, 0x00, 0x00, 0x00, 0x00, // ....=@@=....
        0x00, 0x00, 0x00, 0x00, 0x07, 0x78, 0x7B, 0x09, 0x00, 0x00, 0x00, 0x00, // .....==.....
        0x00, 0x00, 0x00, 0x00, 0x00, 0x00, 0x00, 0x00, 0x00, 0x00, 0x00, 0x00, // ............
        0x00, 0x00, 0x00, 0x00, 0x00, 0x00, 0x00, 0x00, 0x00, 0x00, 0x00, 0x00, // ............
        0x00, 0x00, 0x00, 0x00, 0x00, 0x00, 0x00, 0x00, 0x00, 0x00, 0x00, 0x00, // ............
        0x00, 0x00, 0x00, 0x00, 0x00, 0x00, 0x00, 0x00, 0x00, 0x00, 0x00, 0x00, // ............
    ],
    // 0x22 '"'
    [
        0x00, 0x00, 0x00, 0x00, 0x00, 0x00, 0x00, 0x00, 0x00, 0x00, 0x00, 0x00, // ............
        0x00, 0x00, 0x00, 0x00, 0x00, 0x00, 0x00, 0x00, 0x00, 0x00, 0x00, 0x00, // ............
        0x00, 0x00, 0x00, 0x00, 0x00, 0x00, 0x00, 0x00, 0x00, 0x00, 0x00, 0x00, // ............
        0x00, 0x00, 0x00, 0x00, 0x00, 0x00, 0x00, 0x00, 0x00, 0x00, 0x00, 0x00, // ............
        0x00, 0x00, 0x00, 0x64, 0x8F, 0x00, 0x00, 0x8A, 0x6A, 0x00, 0x00, 0x00, // ...=+..+=...
        0x00, 0x00, 0x00, 0xB2, 0xFF, 0x00, 0x00, 0xF5, 0xBD, 0x00, 0x00, 0x00, // ...*@..%*...
        0x00, 0x00, 0x00, 0xB2, 0xFF, 0x00, 0x00, 0xF5, 0xBD, 0x00, 0x00, 0x00, // ...*@..%*...
        0x00, 0x00, 0x00, 0xB2, 0xFF, 0x00, 0x00, 0xF5, 0xBD, 0x00, 0x00, 0x00, // ...*@..%*...
        0x00, 0x00, 0x00, 0xB2, 0xFF, 0x00, 0x00, 0xF5, 0xBD, 0x00, 0x00, 0x00, // ...*@..%*...
        0x00, 0x00, 0x00, 0x91, 0xCF, 0x00, 0x00, 0xC7, 0x99, 0x00, 0x00, 0x00, // ...+#..#+...
        0x00, 0x00, 0x00, 0x00, 0x00, 0x00, 0x00, 0x00, 0x00, 0x00, 0x00, 0x00, // ............
        0x00, 0x00, 0x00, 0x00, 0x00, 0x00, 0x00, 0x00, 0x00, 0x00, 0x00, 0x00, // ............
        0x00, 0x00, 0x00, 0x00, 0x00, 0x00, 0x00, 0x00, 0x00, 0x00, 0x00, 0x00, // ............
        0x00, 0x00, 0x00, 0x00, 0x00, 0x00, 0x00, 0x00, 0x00, 0x00, 0x00, 0x00, // ............
        0x00, 0x00, 0x00, 0x00, 0x00, 0x00, 0x00, 0x00, 0x00, 0x00, 0x00, 0x00, // ............
        0x00, 0x00, 0x00, 0x00, 0x00, 0x00, 0x00, 0x00, 0x00, 0x00, 0x00, 0x00, // ............
        0x00, 0x00, 0x00, 0x00, 0x00, 0x00, 0x00, 0x00, 0x00, 0x00, 0x00, 0x00, // ............
        0x00, 0x00, 0x00, 0x00, 0x00, 0x00, 0x00, 0x00, 0x00, 0x00, 0x00, 0x00, // ............
        0x00, 0x00, 0x00, 0x00, 0x00, 0x00, 0x00, 0x00, 0x00, 0x00, 0x00, 0x00, // ............
        0x00, 0x00, 0x00, 0x00, 0x00, 0x00, 0x00, 0x00, 0x00, 0x00, 0x00, 0x00, // ............
        0x00, 0x00, 0x00, 0x00, 0x00, 0x00, 0x00, 0x00, 0x00, 0x00, 0x00, 0x00, // ............
        0x00, 0x00, 0x00, 0x00, 0x00, 0x00, 0x00, 0x00, 0x00, 0x00, 0x00, 0x00, // ............
        0x00, 0x00, 0x00, 0x00, 0x00, 0x00, 0x00, 0x00, 0x00, 0x00, 0x00, 0x00, // ............
        0x00, 0x00, 0x00, 0x00, 0x00, 0x00, 0x00, 0x00, 0x00, 0x00, 0x00, 0x00, // ............
    ],
    // 0x23 '#'
    [
        0x00, 0x00, 0x00, 0x00, 0x00, 0x00, 0x00, 0x00, 0x00, 0x00, 0x00, 0x00, // ............
        0x00, 0x00, 0x00, 0x00, 0x00, 0x00, 0x00, 0x00, 0x00, 0x00, 0x00, 0x00, // ............
        0x00, 0x00, 0x00, 0x00, 0x00, 0x00, 0x00, 0x00, 0x00, 0x00, 0x00, 0x00, // ............
        0x00, 0x00, 0x00, 0x00, 0x00, 0x00, 0x00, 0x00, 0x00, 0x00, 0x00, 0x00, // ............
        0x00, 0x00, 0x00, 0x00, 0x00, 0x58, 0x3D, 0x00, 0x00, 0x5C, 0x3A, 0x00, // .....-:..-:.
        0x00, 0x00, 0x00, 0x00, 0x19, 0xFF, 0x77, 0x00, 0x22, 0xFF, 0x6D, 0x00, // .....@=.:@=.
        0x00, 0x00, 0x00, 0x00, 0x59, 0xFF, 0x37, 0x00, 0x63, 0xFF, 0x2D, 0x00, // ....-@:.=@:.
        0x00, 0x00, 0x00, 0x00, 0x99, 0xF2, 0x04, 0x00, 0xA3, 0xEA, 0x01, 0x00, // ....+%..*%..
        0x00, 0x44, 0x50, 0x50, 0xDE, 0xD4, 0x50, 0x50, 0xE5, 0xCC, 0x50, 0x50, // .---##--%#--
        0x00, 0xDB, 0xFF, 0xFF, 0xFF, 0xFF, 0xFF, 0xFF, 0xFF, 0xFF, 0xFF, 0xFF, // .#@@@@@@@@@@
        0x00, 0x29, 0x30, 0x7A, 0xFF, 0x5A, 0x30, 0x83, 0xFF, 0x51, 0x30, 0x30, // .::=@-:+@-::
        0x00, 0x00, 0x00, 0x96, 0xF4, 0x05, 0x00, 0xA0, 0xEC, 0x02, 0x00, 0x00, // ...+%..*%...
        0x00, 0x00, 0x00, 0xD6, 0xB9, 0x00, 0x00, 0xDF, 0xAD, 0x00, 0x00, 0x00, // ...#*..#*...
        0x8D, 0x8F, 0x92, 0xFE, 0xCC, 0x8F, 0x96, 0xFF, 0xC7, 0x8F, 0x7E, 0x00, // +++%#++@#+=.
        0xEA, 0xEF, 0xF6, 0xFF, 0xF1, 0xEF, 0xF7, 0xFF, 0xF0, 0xEF, 0xD2, 0x00, // %%%@%%%@%%#.
        0x00, 0x00, 0x98, 0xF2, 0x04, 0x00, 0xA2, 0xEA, 0x01, 0x00, 0x00, 0x00, // ..+%..*%....
        0x00, 0x00, 0xD8, 0xB5, 0x00, 0x00, 0xE2, 0xAB, 0x00, 0x00, 0x00, 0x00, // ..#*..%*....
        0x00, 0x1A, 0xFF, 0x74, 0x00, 0x24, 0xFF, 0x6B, 0x00, 0x00, 0x00, 0x00, // ..@=.:@=....
        0x00, 0x59, 0xFF, 0x34, 0x00, 0x65, 0xFF, 0x2A, 0x00, 0x00, 0x00, 0x00, // .-@:.=@:....
        0x00, 0x00, 0x00, 0x00, 0x00, 0x00, 0x00, 0x00, 0x00, 0x00, 0x00, 0x00, // ............
        0x00, 0x00, 0x00, 0x00, 0x00, 0x00, 0x00, 0x00, 0x00, 0x00, 0x00, 0x00, // ............
        0x00, 0x00, 0x00, 0x00, 0x00, 0x00, 0x00, 0x00, 0x00, 0x00, 0x00, 0x00, // ............
        0x00, 0x00, 0x00, 0x00, 0x00, 0x00, 0x00, 0x00, 0x00, 0x00, 0x00, 0x00, // ............
        0x00, 0x00, 0x00, 0x00, 0x00, 0x00, 0x00, 0x00, 0x00, 0x00, 0x00, 0x00, // ............
    ],
    // 0x24 '$'
    [
        0x00, 0x00, 0x00, 0x00, 0x00, 0x00, 0x00, 0x00, 0x00, 0x00, 0x00, 0x00, // ............
        0x00, 0x00, 0x00, 0x00, 0x00, 0x00, 0x00, 0x00, 0x00, 0x00, 0x00, 0x00, // ............
        0x00, 0x00, 0x00, 0x00, 0x00, 0x00, 0x00, 0x00, 0x00, 0x00, 0x00, 0x00, // ............
        0x00, 0x00, 0x00, 0x00, 0x00, 0x1D, 0x30, 0x07, 0x00, 0x00, 0x00, 0x00, // ......:.....
        0x00, 0x00, 0x00, 0x00, 0x00, 0x9B, 0xFF, 0x26, 0x00, 0x00, 0x00, 0x00, // .....+@:....
        0x00, 0x00, 0x00, 0x00, 0x00, 0x9B, 0xFF, 0x26, 0x00, 0x00, 0x00, 0x00, // .....+@:....
        0x00, 0x00, 0x00, 0x49, 0xB8, 0xF3, 0xFF, 0xD9, 0xAA, 0x69, 0x00, 0x00, // ...-*%@#*=..
        0x00, 0x00, 0x6B, 0xFF, 0xCE, 0xA6, 0xEC, 0x8D, 0xC9, 0xF0, 0x00, 0x00, // ..=@#*%+#%..
        0x00, 0x06, 0xF1, 0xDA, 0x07, 0x51, 0xDA, 0x00, 0x00, 0x27, 0x00, 0x00, // ..%#.-#..:..
        0x00, 0x21, 0xFF, 0xA3, 0x00, 0x51, 0xDA, 0x00, 0x00, 0x00, 0x00, 0x00, // .:@*.-#.....
        0x00, 0x0B, 0xF9, 0xDF, 0x0F, 0x51, 0xDA, 0x00, 0x00, 0x00, 0x00, 0x00, // ..%#.-#.....
        0x00, 0x00, 0x88, 0xFF, 0xE4, 0xB9, 0xE6, 0x30, 0x01, 0x00, 0x00, 0x00, // ..+@%*%:....
        0x00, 0x00, 0x01, 0x67, 0xD7, 0xFF, 0xFF, 0xFF, 0xDC, 0x51, 0x00, 0x00, // ...=#@@@#-..
        0x00, 0x00, 0x00, 0x00, 0x00, 0x5D, 0xE7, 0x80, 0xEB, 0xFE, 0x4E, 0x00, // .....-%+%%-.
        0x00, 0x00, 0x00, 0x00, 0x00, 0x51, 0xDA, 0x00, 0x2F, 0xFF, 0xC2, 0x00, // .....-#.:@#.
        0x00, 0x00, 0x00, 0x00, 0x00, 0x51, 0xDA, 0x00, 0x00, 0xF8, 0xDC, 0x00, // .....-#..%#.
        0x00, 0x16, 0x4B, 0x01, 0x00, 0x51, 0xDA, 0x00, 0x3B, 0xFF, 0xAC, 0x00, // ..-..-#.:@*.
        0x00, 0x25, 0xFF, 0xD8, 0x8B, 0x98, 0xEA, 0x87, 0xEE, 0xEE, 0x29, 0x00, // .:@#++%+%%:.
        0x00, 0x05, 0x58, 0xA6, 0xDB, 0xFC, 0xFF, 0xEF, 0xA9, 0x23, 0x00, 0x00, // ..-*#%@%*:..
        0x00, 0x00, 0x00, 0x00, 0x00, 0x9B, 0xFF, 0x26, 0x00, 0x00, 0x00, 0x00, // .....+@:....
        0x00, 0x00, 0x00, 0x00, 0x00, 0x9B, 0xFF, 0x26, 0x00, 0x00, 0x00, 0x00, // .....+@:....
        0x00, 0x00, 0x00, 0x00, 0x00, 0x92, 0xEF, 0x23, 0x00, 0x00, 0x00, 0x00, // .....+%:....
        0x00, 0x00, 0x00, 0x00, 0x00, 0x00, 0x00, 0x00, 0x00, 0x00, 0x00, 0x00, // ............
        0x00, 0x00, 0x00, 0x00, 0x00, 0x00, 0x00, 0x00, 0x00, 0x00, 0x00, 0x00, // ............
    ],
    // 0x25 '%'
    [
        0x00, 0x00, 0x00, 0x00, 0x00, 0x00, 0x00, 0x00, 0x00, 0x00, 0x00, 0x00, // ............
        0x00, 0x00, 0x00, 0x00, 0x00, 0x00, 0x00, 0x00, 0x00, 0x00, 0x00, 0x00, // ............
        0x00, 0x00, 0x00, 0x00, 0x00, 0x00, 0x00, 0x00, 0x00, 0x00, 0x00, 0x00, // ............
        0x00, 0x00, 0x00, 0x00, 0x00, 0x00, 0x00, 0x00, 0x00, 0x00, 0x00, 0x00, // ............
        0x00, 0x00, 0x00, 0x00, 0x00, 0x00, 0x00, 0x00, 0x00, 0x00, 0x00, 0x00, // ............
        0x00, 0x54, 0xD6, 0xF9, 0xC9, 0x3A, 0x00, 0x00, 0x00, 0x00, 0x00, 0x00, // .-#%#:......
        0x3D, 0xFD, 0xA2, 0x61, 0xB5, 0xF3, 0x21, 0x00, 0x00, 0x00, 0x00, 0x00, // :%*=*%:.....
        0x9B, 0xC6, 0x00, 0x00, 0x04, 0xE1, 0x7C, 0x00, 0x00, 0x00, 0x00, 0x00, // +#...%=.....
        0xA5, 0xB2, 0x00, 0x00, 0x00, 0xD0, 0x87, 0x00, 0x00, 0x00, 0x00, 0x00, // **...#+.....
        0x5F, 0xFA, 0x59, 0x15, 0x72, 0xFF, 0x40, 0x00, 0x00, 0x04, 0x4B, 0x63, // -%-.=@-...-=
        0x01, 0x94, 0xFE, 0xFF, 0xFA, 0x79, 0x00, 0x28, 0x89, 0xE6, 0xCD, 0x51, // .+%@%=.:+%#-
        0x00, 0x00, 0x1D, 0x3F, 0x24, 0x66, 0xC6, 0xE8, 0x8D, 0x2D, 0x00, 0x00, // ...::=#%+:..
        0x00, 0x02, 0x43, 0xA3, 0xEF, 0xAC, 0x4C, 0x17, 0x3C, 0x19, 0x00, 0x00, // ..-*%*-.:...
        0x58, 0xDF, 0xCB, 0x6B, 0x13, 0x00, 0x71, 0xF8, 0xFF, 0xFD, 0x8B, 0x01, // -##=..=%@%+.
        0x46, 0x2B, 0x00, 0x00, 0x00, 0x36, 0xFE, 0x7B, 0x19, 0x5D, 0xFA, 0x5C, // -:...:%=.-%-
        0x00, 0x00, 0x00, 0x00, 0x00, 0x7D, 0xDB, 0x00, 0x00, 0x00, 0xAE, 0xAD, // .....=#...**
        0x00, 0x00, 0x00, 0x00, 0x00, 0x74, 0xE7, 0x05, 0x00, 0x00, 0xBF, 0xA5, // .....=%...**
        0x00, 0x00, 0x00, 0x00, 0x00, 0x1F, 0xF4, 0xB4, 0x56, 0x99, 0xFE, 0x44, // ......%*-+%-
        0x00, 0x00, 0x00, 0x00, 0x00, 0x00, 0x3D, 0xCE, 0xFD, 0xDA, 0x58, 0x00, // ......:#%#-.
        0x00, 0x00, 0x00, 0x00, 0x00, 0x00, 0x00, 0x00, 0x00, 0x00, 0x00, 0x00, // ............
        0x00, 0x00, 0x00, 0x00, 0x00, 0x00, 0x00, 0x00, 0x00, 0x00, 0x00, 0x00, // ............
        0x00, 0x00, 0x00, 0x00, 0x00, 0x00, 0x00, 0x00, 0x00, 0x00, 0x00, 0x00, // ............
        0x00, 0x00, 0x00, 0x00, 0x00, 0x00, 0x00, 0x00, 0x00, 0x00, 0x00, 0x00, // ............
        0x00, 0x00, 0x00, 0x00, 0x00, 0x00, 0x00, 0x00, 0x00, 0x00, 0x00, 0x00, // ............
    ],
    // 0x26 '&'
    [
        0x00, 0x00, 0x00, 0x00, 0x00, 0x00, 0x00, 0x00, 0x00, 0x00, 0x00, 0x00, // ............
        0x00, 0x00, 0x00, 0x00, 0x00, 0x00, 0x00, 0x00, 0x00, 0x00, 0x00, 0x00, // ............
        0x00, 0x00, 0x00, 0x00, 0x00, 0x00, 0x00, 0x00, 0x00, 0x00, 0x00, 0x00, // ............
        0x00, 0x00, 0x00, 0x00, 0x00, 0x00, 0x00, 0x00, 0x00, 0x00, 0x00, 0x00, // ............
        0x00, 0x00, 0x00, 0x2E, 0xA3, 0xCE, 0xCD, 0xA9, 0x3F, 0x00, 0x00, 0x00, // ...:*##*:...
        0x00, 0x00, 0x2D, 0xF5, 0xF9, 0xBA, 0xB2, 0xE2, 0x88, 0x00, 0x00, 0x00, // ..:%%**%+...
        0x00, 0x00, 0x98, 0xFF, 0x46, 0x00, 0x00, 0x02, 0x20, 0x00, 0x00, 0x00, // ..+@-...:...
        0x00, 0x00, 0xAE, 0xFF, 0x0D, 0x00, 0x00, 0x00, 0x00, 0x00, 0x00, 0x00, // ..*@........
        0x00, 0x00, 0x82, 0xFF, 0x52, 0x00, 0x00, 0x00, 0x00, 0x00, 0x00, 0x00, // ..+@-.......
        0x00, 0x00, 0x1E, 0xF6, 0xD9, 0x0A, 0x00, 0x00, 0x00, 0x00, 0x00, 0x00, // ...%#.......
        0x00, 0x00, 0x53, 0xF5, 0xFF, 0x9B, 0x00, 0x00, 0x00, 0x00, 0x00, 0x00, // ..-%@+......
        0x00, 0x4A, 0xFC, 0xA8, 0xAF, 0xFF, 0x5A, 0x00, 0x00, 0x00, 0x61, 0x50, // .-%**@-...=-
        0x08, 0xE5, 0xD0, 0x06, 0x11, 0xE0, 0xF2, 0x26, 0x00, 0x00, 0xD8, 0xB3, // .%#..%%:..#*
        0x4B, 0xFF, 0x66, 0x00, 0x00, 0x3A, 0xFB, 0xCF, 0x08, 0x00, 0xE2, 0x9D, // -@=..:%#..%+
        0x70, 0xFF, 0x4A, 0x00, 0x00, 0x00, 0x78, 0xFF, 0x95, 0x14, 0xFD, 0x69, // =@-...=@+.%=
        0x61, 0xFF, 0x75, 0x00, 0x00, 0x00, 0x02, 0xB9, 0xFF, 0xC0, 0xF6, 0x16, // =@=....*@#%.
        0x1A, 0xF9, 0xE6, 0x1A, 0x00, 0x00, 0x00, 0x17, 0xEF, 0xFF, 0x80, 0x00, // .%%.....%@+.
        0x00, 0x78, 0xFF, 0xE4, 0x6E, 0x40, 0x53, 0xB4, 0xFF, 0xFE, 0xC9, 0x06, // .=@%=--*@%#.
        0x00, 0x00, 0x68, 0xEA, 0xFF, 0xFF, 0xFF, 0xE1, 0x5D, 0x83, 0xFF, 0x8D, // ..=%@@@%-+@+
        0x00, 0x00, 0x00, 0x06, 0x36, 0x4B, 0x2D, 0x02, 0x00, 0x00, 0x00, 0x00, // ....:-:.....
        0x00, 0x00, 0x00, 0x00, 0x00, 0x00, 0x00, 0x00, 0x00, 0x00, 0x00, 0x00, // ............
        0x00, 0x00, 0x00, 0x00, 0x00, 0x00, 0x00, 0x00, 0x00, 0x00, 0x00, 0x00, // ............
        0x00, 0x00, 0x00, 0x00, 0x00, 0x00, 0x00, 0x00, 0x00, 0x00, 0x00, 0x00, // ............
        0x00, 0x00, 0x00, 0x00, 0x00, 0x00, 0x00, 0x00, 0x00, 0x00, 0x00, 0x00, // ............
    ],
    // 0x27 '\''
    [
        0x00, 0x00, 0x00, 0x00, 0x00, 0x00, 0x00, 0x00, 0x00, 0x00, 0x00, 0x00, // ............
        0x00, 0x00, 0x00, 0x00, 0x00, 0x00, 0x00, 0x00, 0x00, 0x00, 0x00, 0x00, // ............
        0x00, 0x00, 0x00, 0x00, 0x00, 0x00, 0x00, 0x00, 0x00, 0x00, 0x00, 0x00, // ............
        0x00, 0x00, 0x00, 0x00, 0x00, 0x00, 0x00, 0x00, 0x00, 0x00, 0x00, 0x00, // ............
        0x00, 0x00, 0x00, 0x00, 0x00, 0x79, 0x7B, 0x00, 0x00, 0x00, 0x00, 0x00, // .....==.....
        0x00, 0x00, 0x00, 0x00, 0x00, 0xD7, 0xDA, 0x00, 0x00, 0x00, 0x00, 0x00, // .....##.....
        0x00, 0x00, 0x00, 0x00, 0x00, 0xD7, 0xDA, 0x00, 0x00, 0x00, 0x00, 0x00, // .....##.....
        0x00, 0x00, 0x00, 0x00, 0x00, 0xD7, 0xDA, 0x00, 0x00, 0x00, 0x00, 0x00, // .....##.....
        0x00, 0x00, 0x00, 0x00, 0x00, 0xD7, 0xDA, 0x00, 0x00, 0x00, 0x00, 0x00, // .....##.....
        0x00, 0x00, 0x00, 0x00, 0x00, 0xAF, 0xB1, 0x00, 0x00, 0x00, 0x00, 0x00, // .....**.....
        0x00, 0x00, 0x00, 0x00, 0x00, 0x00, 0x00, 0x00, 0x00, 0x00, 0x00, 0x00, // ............
        0x00, 0x00, 0x00, 0x00, 0x00, 0x00, 0x00, 0x00, 0x00, 0x00, 0x00, 0x00, // ............
        0x00, 0x00, 0x00, 0x00, 0x00, 0x00, 0x00, 0x00, 0x00, 0x00, 0x00, 0x00, // ............
        0x00, 0x00, 0x00, 0x00, 0x00, 0x00, 0x00, 0x00, 0x00, 0x00, 0x00, 0x00, // ............
        0x00, 0x00, 0x00, 0x00, 0x00, 0x00, 0x00, 0x00, 0x00, 0x00, 0x00, 0x00, // ............
        0x00, 0x00, 0x00, 0x00, 0x00, 0x00, 0x00, 0x00, 0x00, 0x00, 0x00, 0x00, // ............
        0x00, 0x00, 0x00, 0x00, 0x00, 0x00, 0x00, 0x00, 0x00, 0x00, 0x00, 0x00, // ............
        0x00, 0x00, 0x00, 0x00, 0x00, 0x00, 0x00, 0x00, 0x00, 0x00, 0x00, 0x00, // ............
        0x00, 0x00, 0x00, 0x00, 0x00, 0x00, 0x00, 0x00, 0x00, 0x00, 0x00, 0x00, // ............
        0x00, 0x00, 0x00, 0x00, 0x00, 0x00, 0x00, 0x00, 0x00, 0x00, 0x00, 0x00, // ............
        0x00, 0x00, 0x00, 0x00, 0x00, 0x00, 0x00, 0x00, 0x00, 0x00, 0x00, 0x00, // ............
        0x00, 0x00, 0x00, 0x00, 0x00, 0x00, 0x00, 0x00, 0x00, 0x00, 0x00, 0x00, // ............
        0x00, 0x00, 0x00, 0x00, 0x00, 0x00, 0x00, 0x00, 0x00, 0x00, 0x00, 0x00, // ............
        0x00, 0x00, 0x00, 0x00, 0x00, 0x00, 0x00, 0x00, 0x00, 0x00, 0x00, 0x00, // ............
    ],
    // 0x28 '('
    [
        0x00, 0x00, 0x00, 0x00, 0x00, 0x00, 0x00, 0x00, 0x00, 0x00, 0x00, 0x00, // ............
        0x00, 0x00, 0x00, 0x00, 0x00, 0x00, 0x00, 0x00, 0x00, 0x00, 0x00, 0x00, // ............
        0x00, 0x00, 0x00, 0x00, 0x00, 0x00, 0x00, 0x00, 0x00, 0x00, 0x00, 0x00, // ............
        0x00, 0x00, 0x00, 0x00, 0x00, 0x0C, 0x30, 0x10, 0x00, 0x00, 0x00, 0x00, // ......:.....
        0x00, 0x00, 0x00, 0x00, 0x00, 0x9A, 0xED, 0x11, 0x00, 0x00, 0x00, 0x00, // .....+%.....
        0x00, 0x00, 0x00, 0x00, 0x2D, 0xFD, 0x7B, 0x00, 0x00, 0x00, 0x00, 0x00, // ....:%=.....
        0x00, 0x00, 0x00, 0x00, 0xA9, 0xF8, 0x13, 0x00, 0x00, 0x00, 0x00, 0x00, // ....*%......
        0x00, 0x00, 0x00, 0x19, 0xFB, 0xAD, 0x00, 0x00, 0x00, 0x00, 0x00, 0x00, // ....%*......
        0x00, 0x00, 0x00, 0x6F, 0xFF, 0x60, 0x00, 0x00, 0x00, 0x00, 0x00, 0x00, // ...=@=......
        0x00, 0x00, 0x00, 0xB5, 0xFF, 0x23, 0x00, 0x00, 0x00, 0x00, 0x00, 0x00, // ...*@:......
        0x00, 0x00, 0x00, 0xE9, 0xF4, 0x01, 0x00, 0x00, 0x00, 0x00, 0x00, 0x00, // ...%%.......
        0x00, 0x00, 0x0C, 0xFF, 0xD8, 0x00, 0x00, 0x00, 0x00, 0x00, 0x00, 0x00, // ...@#.......
        0x00, 0x00, 0x1A, 0xFF, 0xCC, 0x00, 0x00, 0x00, 0x00, 0x00, 0x00, 0x00, // ...@#.......
        0x00, 0x00, 0x15, 0xFF, 0xD2, 0x00, 0x00, 0x00, 0x00, 0x00, 0x00, 0x00, // ...@#.......
        0x00, 0x00, 0x02, 0xF8, 0xE8, 0x00, 0x00, 0x00, 0x00, 0x00, 0x00, 0x00, // ...%%.......
        0x00, 0x00, 0x00, 0xCF, 0xFE, 0x0F, 0x00, 0x00, 0x00, 0x00, 0x00, 0x00, // ...#%.......
        0x00, 0x00, 0x00, 0x90, 0xFF, 0x45, 0x00, 0x00, 0x00, 0x00, 0x00, 0x00, // ...+@-......
        0x00, 0x00, 0x00, 0x3F, 0xFF, 0x8C, 0x00, 0x00, 0x00, 0x00, 0x00, 0x00, // ...:@+......
        0x00, 0x00, 0x00, 0x01, 0xD9, 0xE1, 0x02, 0x00, 0x00, 0x00, 0x00, 0x00, // ....#%......
        0x00, 0x00, 0x00, 0x00, 0x64, 0xFF, 0x4C, 0x00, 0x00, 0x00, 0x00, 0x00, // ....=@-.....
        0x00, 0x00, 0x00, 0x00, 0x04, 0xD7, 0xC4, 0x00, 0x00, 0x00, 0x00, 0x00, // .....##.....
        0x00, 0x00, 0x00, 0x00, 0x00, 0x3E, 0x9F, 0x20, 0x00, 0x00, 0x00, 0x00, // .....:+:....
        0x00, 0x00, 0x00, 0x00, 0x00, 0x00, 0x00, 0x00, 0x00, 0x00, 0x00, 0x00, // ............
        0x00, 0x00, 0x00, 0x00, 0x00, 0x00, 0x00, 0x00, 0x00, 0x00, 0x00, 0x00, // ............
    ],
    // 0x29 ')'
    [
        0x00, 0x00, 0x00, 0x00, 0x00, 0x00, 0x00, 0x00, 0x00, 0x00, 0x00, 0x00, // ............
        0x00, 0x00, 0x00, 0x00, 0x00, 0x00, 0x00, 0x00, 0x00, 0x00, 0x00, 0x00, // ............
        0x00, 0x00, 0x00, 0x00, 0x00, 0x00, 0x00, 0x00, 0x00, 0x00, 0x00, 0x00, // ............
        0x00, 0x00, 0x00, 0x00, 0x0E, 0x30, 0x0D, 0x00, 0x00, 0x00, 0x00, 0x00, // .....:......
        0x00, 0x00, 0x00, 0x00, 0x0C, 0xE8, 0xA5, 0x00, 0x00, 0x00, 0x00, 0x00, // .....%*.....
        0x00, 0x00, 0x00, 0x00, 0x00, 0x74, 0xFE, 0x37, 0x00, 0x00, 0x00, 0x00, // .....=%:....
        0x00, 0x00, 0x00, 0x00, 0x00, 0x0F, 0xF4, 0xB4, 0x00, 0x00, 0x00, 0x00, // ......%*....
        0x00, 0x00, 0x00, 0x00, 0x00, 0x00, 0xA3, 0xFE, 0x22, 0x00, 0x00, 0x00, // ......*%:...
        0x00, 0x00, 0x00, 0x00, 0x00, 0x00, 0x54, 0xFF, 0x79, 0x00, 0x00, 0x00, // ......-@=...
        0x00, 0x00, 0x00, 0x00, 0x00, 0x00, 0x17, 0xFF, 0xBF, 0x00, 0x00, 0x00, // .......@*...
        0x00, 0x00, 0x00, 0x00, 0x00, 0x00, 0x00, 0xE9, 0xF3, 0x01, 0x00, 0x00, // .......%%...
        0x00, 0x00, 0x00, 0x00, 0x00, 0x00, 0x00, 0xCD, 0xFF, 0x16, 0x00, 0x00, // .......#@...
        0x00, 0x00, 0x00, 0x00, 0x00, 0x00, 0x00, 0xC2, 0xFF, 0x25, 0x00, 0x00, // .......#@:..
        0x00, 0x00, 0x00, 0x00, 0x00, 0x00, 0x00, 0xC6, 0xFF, 0x1F, 0x00, 0x00, // .......#@...
        0x00, 0x00, 0x00, 0x00, 0x00, 0x00, 0x00, 0xDB, 0xFD, 0x08, 0x00, 0x00, // .......#%...
        0x00, 0x00, 0x00, 0x00, 0x00, 0x00, 0x07, 0xFA, 0xDA, 0x00, 0x00, 0x00, // .......%#...
        0x00, 0x00, 0x00, 0x00, 0x00, 0x00, 0x37, 0xFF, 0x9C, 0x00, 0x00, 0x00, // ......:@+...
        0x00, 0x00, 0x00, 0x00, 0x00, 0x00, 0x7F, 0xFF, 0x4C, 0x00, 0x00, 0x00, // ......=@-...
        0x00, 0x00, 0x00, 0x00, 0x00, 0x00, 0xD7, 0xE3, 0x04, 0x00, 0x00, 0x00, // ......#%....
        0x00, 0x00, 0x00, 0x00, 0x00, 0x41, 0xFF, 0x72, 0x00, 0x00, 0x00, 0x00, // .....-@=....
        0x00, 0x00, 0x00, 0x00, 0x00, 0xB9, 0xE0, 0x09, 0x00, 0x00, 0x00, 0x00, // .....*%.....
        0x00, 0x00, 0x00, 0x00, 0x18, 0x9F, 0x45, 0x00, 0x00, 0x00, 0x00, 0x00, // .....+-.....
        0x00, 0x00, 0x00, 0x00, 0x00, 0x00, 0x00, 0x00, 0x00, 0x00, 0x00, 0x00, // ............
        0x00, 0x00, 0x00, 0x00, 0x00, 0x00, 0x00, 0x00, 0x00, 0x00, 0x00, 0x00, // ............
    ],
    // 0x2A '*'
    [
        0x00, 0x00, 0x00, 0x00, 0x00, 0x00, 0x00, 0x00, 0x00, 0x00, 0x00, 0x00, // ............
        0x00, 0x00, 0x00, 0x00, 0x00, 0x00, 0x00, 0x00, 0x00, 0x00, 0x00, 0x00, // ............
        0x00, 0x00, 0x00, 0x00, 0x00, 0x00, 0x00, 0x00, 0x00, 0x00, 0x00, 0x00, // ............
        0x00, 0x00, 0x00, 0x00, 0x00, 0x00, 0x00, 0x00, 0x00, 0x00, 0x00, 0x00, // ............
        0x00, 0x00, 0x00, 0x00, 0x00, 0x00, 0x00, 0x00, 0x00, 0x00, 0x00, 0x00, // ............
        0x00, 0x00, 0x00, 0x00, 0x00, 0x7B, 0x79, 0x00, 0x00, 0x00, 0x00, 0x00, // .....==.....
        0x00, 0x00, 0x00, 0x00, 0x00, 0x98, 0x96, 0x00, 0x00, 0x00, 0x00, 0x00, // .....++.....
        0x00, 0x00, 0x00, 0x00, 0x00, 0xA4, 0xA2, 0x00, 0x00, 0x00, 0x00, 0x00, // .....**.....
        0x00, 0x7C, 0x9F, 0x4C, 0x07, 0xB0, 0xAE, 0x07, 0x4C, 0xA0, 0x7B, 0x00, // .=+-.**.-*=.
        0x00, 0x30, 0xA1, 0xF8, 0xF0, 0xEE, 0xEE, 0xF1, 0xF8, 0xA0, 0x2F, 0x00, // .:*%%%%%%*:.
        0x00, 0x00, 0x00, 0x17, 0x9B, 0xFF, 0xFF, 0x9A, 0x16, 0x00, 0x00, 0x00, // ....+@@+....
        0x00, 0x00, 0x00, 0x02, 0xC1, 0xDE, 0xDF, 0xBF, 0x01, 0x00, 0x00, 0x00, // ....###*....
        0x00, 0x00, 0x00, 0x6A, 0xF8, 0x35, 0x36, 0xF9, 0x68, 0x00, 0x00, 0x00, // ...=%::%=...
        0x00, 0x00, 0x1E, 0xF2, 0x6C, 0x00, 0x00, 0x6E, 0xF1, 0x1D, 0x00, 0x00, // ...%=..=%...
        0x00, 0x00, 0x3B, 0x97, 0x00, 0x00, 0x00, 0x00, 0x98, 0x3A, 0x00, 0x00, // ..:+....+:..
        0x00, 0x00, 0x00, 0x00, 0x00, 0x00, 0x00, 0x00, 0x00, 0x00, 0x00, 0x00, // ............
        0x00, 0x00, 0x00, 0x00, 0x00, 0x00, 0x00, 0x00, 0x00, 0x00, 0x00, 0x00, // ............
        0x00, 0x00, 0x00, 0x00, 0x00, 0x00, 0x00, 0x00, 0x00, 0x00, 0x00, 0x00, // ............
        0x00, 0x00, 0x00, 0x00, 0x00, 0x00, 0x00, 0x00, 0x00, 0x00, 0x00, 0x00, // ............
        0x00, 0x00, 0x00, 0x00, 0x00, 0x00, 0x00, 0x00, 0x00, 0x00, 0x00, 0x00, // ............
        0x00, 0x00, 0x00, 0x00, 0x00, 0x00, 0x00, 0x00, 0x00, 0x00, 0x00, 0x00, // ............
        0x00, 0x00, 0x00, 0x00, 0x00, 0x00, 0x00, 0x00, 0x00, 0x00, 0x00, 0x00, // ............
        0x00, 0x00, 0x00, 0x00, 0x00, 0x00, 0x00, 0x00, 0x00, 0x00, 0x00, 0x00, // ............
        0x00, 0x00, 0x00, 0x00, 0x00, 0x00, 0x00, 0x00, 0x00, 0x00, 0x00, 0x00, // ............
    ],
    // 0x2B '+'
    [
        0x00, 0x00, 0x00, 0x00, 0x00, 0x00, 0x00, 0x00, 0x00, 0x00, 0x00, 0x00, // ............
        0x00, 0x00, 0x00, 0x00, 0x00, 0x00, 0x00, 0x00, 0x00, 0x00, 0x00, 0x00, // ............
        0x00, 0x00, 0x00, 0x00, 0x00, 0x00, 0x00, 0x00, 0x00, 0x00, 0x00, 0x00, // ............
        0x00, 0x00, 0x00, 0x00, 0x00, 0x00, 0x00, 0x00, 0x00, 0x00, 0x00, 0x00, // ............
        0x00, 0x00, 0x00, 0x00, 0x00, 0x00, 0x00, 0x00, 0x00, 0x00, 0x00, 0x00, // ............
        0x00, 0x00, 0x00, 0x00, 0x00, 0x00, 0x00, 0x00, 0x00, 0x00, 0x00, 0x00, // ............
        0x00, 0x00, 0x00, 0x00, 0x00, 0x00, 0x00, 0x00, 0x00, 0x00, 0x00, 0x00, // ............
        0x00, 0x00, 0x00, 0x00, 0x00, 0x5A, 0x5D, 0x00, 0x00, 0x00, 0x00, 0x00, // .....--.....
        0x00, 0x00, 0x00, 0x00, 0x00, 0xCD, 0xD5, 0x00, 0x00, 0x00, 0x00, 0x00, // .....##.....
        0x00, 0x00, 0x00, 0x00, 0x00, 0xCD, 0xD5, 0x00, 0x00, 0x00, 0x00, 0x00, // .....##.....
        0x00, 0x00, 0x00, 0x00, 0x00, 0xCD, 0xD5, 0x00, 0x00, 0x00, 0x00, 0x00, // .....##.....
        0x04, 0x20, 0x20, 0x20, 0x20, 0xD3, 0xDA, 0x20, 0x20, 0x20, 0x20, 0x06, // .::::##::::.
        0x24, 0xFF, 0xFF, 0xFF, 0xFF, 0xFF, 0xFF, 0xFF, 0xFF, 0xFF, 0xFF, 0x2E, // :@@@@@@@@@@:
        0x14, 0x8F, 0x8F, 0x8F, 0x8F, 0xE9, 0xED, 0x8F, 0x8F, 0x8F, 0x8F, 0x1A, // .++++%%++++.
        0x00, 0x00, 0x00, 0x00, 0x00, 0xCD, 0xD5, 0x00, 0x00, 0x00, 0x00, 0x00, // .....##.....
        0x00, 0x00, 0x00, 0x00, 0x00, 0xCD, 0xD5, 0x00, 0x00, 0x00, 0x00, 0x00, // .....##.....
        0x00, 0x00, 0x00, 0x00, 0x00, 0xCD, 0xD5, 0x00, 0x00, 0x00, 0x00, 0x00, // .....##.....
        0x00, 0x00, 0x00, 0x00, 0x00, 0xB4, 0xBB, 0x00, 0x00, 0x00, 0x00, 0x00, // .....**.....
        0x00, 0x00, 0x00, 0x00, 0x00, 0x00, 0x00, 0x00, 0x00, 0x00, 0x00, 0x00, // ............
        0x00, 0x00, 0x00, 0x00, 0x00, 0x00, 0x00, 0x00, 0x00, 0x00, 0x00, 0x00, // ............
        0x00, 0x00, 0x00, 0x00, 0x00, 0x00, 0x00, 0x00, 0x00, 0x00, 0x00, 0x00, // ............
        0x00, 0x00, 0x00, 0x00, 0x00, 0x00, 0x00, 0x00, 0x00, 0x00, 0x00, 0x00, // ............
        0x00, 0x00, 0x00, 0x00, 0x00, 0x00, 0x00, 0x00, 0x00, 0x00, 0x00, 0x00, // ............
        0x00, 0x00, 0x00, 0x00, 0x00, 0x00, 0x00, 0x00, 0x00, 0x00, 0x00, 0x00, // ............
    ],
    // 0x2C ','
    [
        0x00, 0x00, 0x00, 0x00, 0x00, 0x00, 0x00, 0x00, 0x00, 0x00, 0x00, 0x00, // ............
        0x00, 0x00, 0x00, 0x00, 0x00, 0x00, 0x00, 0x00, 0x00, 0x00, 0x00, 0x00, // ............
        0x00, 0x00, 0x00, 0x00, 0x00, 0x00, 0x00, 0x00, 0x00, 0x00, 0x00, 0x00, // ............
        0x00, 0x00, 0x00, 0x00, 0x00, 0x00, 0x00, 0x00, 0x00, 0x00, 0x00, 0x00, // ............
        0x00, 0x00, 0x00, 0x00, 0x00, 0x00, 0x00, 0x00, 0x00, 0x00, 0x00, 0x00, // ............
        0x00, 0x00, 0x00, 0x00, 0x00, 0x00, 0x00, 0x00, 0x00, 0x00, 0x00, 0x00, // ............
        0x00, 0x00, 0x00, 0x00, 0x00, 0x00, 0x00, 0x00, 0x00, 0x00, 0x00, 0x00, // ............
        0x00, 0x00, 0x00, 0x00, 0x00, 0x00, 0x00, 0x00, 0x00, 0x00, 0x00, 0x00, // ............
        0x00, 0x00, 0x00, 0x00, 0x00, 0x00, 0x00, 0x00, 0x00, 0x00, 0x00, 0x00, // ............
        0x00, 0x00, 0x00, 0x00, 0x00, 0x00, 0x00, 0x00, 0x00, 0x00, 0x00, 0x00, // ............
        0x00, 0x00, 0x00, 0x00, 0x00, 0x00, 0x00, 0x00, 0x00, 0x00, 0x00, 0x00, // ............
        0x00, 0x00, 0x00, 0x00, 0x00, 0x00, 0x00, 0x00, 0x00, 0x00, 0x00, 0x00, // ............
        0x00, 0x00, 0x00, 0x00, 0x00, 0x00, 0x00, 0x00, 0x00, 0x00, 0x00, 0x00, // ............
        0x00, 0x00, 0x00, 0x00, 0x00, 0x00, 0x00, 0x00, 0x00, 0x00, 0x00, 0x00, // ............
        0x00, 0x00, 0x00, 0x00, 0x00, 0x00, 0x00, 0x00, 0x00, 0x00, 0x00, 0x00, // ............
        0x00, 0x00, 0x00, 0x00, 0x01, 0x4B, 0x51, 0x02, 0x00, 0x00, 0x00, 0x00, // .....--.....
        0x00, 0x00, 0x00, 0x00, 0x64, 0xFF, 0xFF, 0x74, 0x00, 0x00, 0x00, 0x00, // ....=@@=....
        0x00, 0x00, 0x00, 0x00, 0x73, 0xFF, 0xFF, 0xBF, 0x00, 0x00, 0x00, 0x00, // ....=@@*....
        0x00, 0x00, 0x00, 0x00, 0x08, 0x74, 0xD6, 0xC4, 0x00, 0x00, 0x00, 0x00, // .....=##....
        0x00, 0x00, 0x00, 0x00, 0x00, 0x00, 0xD2, 0x98, 0x00, 0x00, 0x00, 0x00, // ......#+....
        0x00, 0x00, 0x00, 0x00, 0x00, 0x63, 0xFC, 0x31, 0x00, 0x00, 0x00, 0x00, // .....=%:....
        0x00, 0x00, 0x00, 0x03, 0x8F, 0xFA, 0x6A, 0x00, 0x00, 0x00, 0x00, 0x00, // ....+%=.....
        0x00, 0x00, 0x00, 0x00, 0x8C, 0x39, 0x00, 0x00, 0x00, 0x00, 0x00, 0x00, // ....+:......
        0x00, 0x00, 0x00, 0x00, 0x00, 0x00, 0x00, 0x00, 0x00, 0x00, 0x00, 0x00, // ............
    ],
    // 0x2D '-'
    [
        0x00, 0x00, 0x00, 0x00, 0x00, 0x00, 0x00, 0x00, 0x00, 0x00, 0x00, 0x00, // ............
        0x00, 0x00, 0x00, 0x00, 0x00, 0x00, 0x00, 0x00, 0x00, 0x00, 0x00, 0x00, // ............
        0x00, 0x00, 0x00, 0x00, 0x00, 0x00, 0x00, 0x00, 0x00, 0x00, 0x00, 0x00, // ............
        0x00, 0x00, 0x00, 0x00, 0x00, 0x00, 0x00, 0x00, 0x00, 0x00, 0x00, 0x00, // ............
        0x00, 0x00, 0x00, 0x00, 0x00, 0x00, 0x00, 0x00, 0x00, 0x00, 0x00, 0x00, // ............
        0x00, 0x00, 0x00, 0x00, 0x00, 0x00, 0x00, 0x00, 0x00, 0x00, 0x00, 0x00, // ............
        0x00, 0x00, 0x00, 0x00, 0x00, 0x00, 0x00, 0x00, 0x00, 0x00, 0x00, 0x00, // ............
        0x00, 0x00, 0x00, 0x00, 0x00, 0x00, 0x00, 0x00, 0x00, 0x00, 0x00, 0x00, // ............
        0x00, 0x00, 0x00, 0x00, 0x00, 0x00, 0x00, 0x00, 0x00, 0x00, 0x00, 0x00, // ............
        0x00, 0x00, 0x00, 0x00, 0x00, 0x00, 0x00, 0x00, 0x00, 0x00, 0x00, 0x00, // ............
        0x00, 0x00, 0x00, 0x00, 0x00, 0x00, 0x00, 0x00, 0x00, 0x00, 0x00, 0x00, // ............
        0x00, 0x00, 0x00, 0x00, 0x00, 0x00, 0x00, 0x00, 0x00, 0x00, 0x00, 0x00, // ............
        0x00, 0x00, 0xAD, 0xAF, 0xAF, 0xAF, 0xAF, 0xAF, 0xAF, 0xAF, 0x05, 0x00, // ..********..
        0x00, 0x00, 0xEC, 0xEF, 0xEF, 0xEF, 0xEF, 0xEF, 0xEF, 0xEF, 0x07, 0x00, // ..%%%%%%%%..
        0x00, 0x00, 0x00, 0x00, 0x00, 0x00, 0x00, 0x00, 0x00, 0x00, 0x00, 0x00, // ............
        0x00, 0x00, 0x00, 0x00, 0x00, 0x00, 0x00, 0x00, 0x00, 0x00, 0x00, 0x00, // ............
        0x00, 0x00, 0x00, 0x00, 0x00, 0x00, 0x00, 0x00, 0x00, 0x00, 0x00, 0x00, // ............
        0x00, 0x00, 0x00, 0x00, 0x00, 0x00, 0x00, 0x00, 0x00, 0x00, 0x00, 0x00, // ............
        0x00, 0x00, 0x00, 0x00, 0x00, 0x00, 0x00, 0x00, 0x00, 0x00, 0x00, 0x00, // ............
        0x00, 0x00, 0x00, 0x00, 0x00, 0x00, 0x00, 0x00, 0x00, 0x00, 0x00, 0x00, // ............
        0x00, 0x00, 0x00, 0x00, 0x00, 0x00, 0x00, 0x00, 0x00, 0x00, 0x00, 0x00, // ............
        0x00, 0x00, 0x00, 0x00, 0x00, 0x00, 0x00, 0x00, 0x00, 0x00, 0x00, 0x00, // ............
        0x00, 0x00, 0x00, 0x00, 0x00, 0x00, 0x00, 0x00, 0x00, 0x00, 0x00, 0x00, // ............
        0x00, 0x00, 0x00, 0x00, 0x00, 0x00, 0x00, 0x00, 0x00, 0x00, 0x00, 0x00, // ............
    ],
    // 0x2E '.'
    [
        0x00, 0x00, 0x00, 0x00, 0x00, 0x00, 0x00, 0x00, 0x00, 0x00, 0x00, 0x00, // ............
        0x00, 0x00, 0x00, 0x00, 0x00, 0x00, 0x00, 0x00, 0x00, 0x00, 0x00, 0x00, // ............
        0x00, 0x00, 0x00, 0x00, 0x00, 0x00, 0x00, 0x00, 0x00, 0x00, 0x00, 0x00, // ............
        0x00, 0x00, 0x00, 0x00, 0x00, 0x00, 0x00, 0x00, 0x00, 0x00, 0x00, 0x00, // ............
        0x00, 0x00, 0x00, 0x00, 0x00, 0x00, 0x00, 0x00, 0x00, 0x00, 0x00, 0x00, // ............
        0x00, 0x00, 0x00, 0x00, 0x00, 0x00, 0x00, 0x00, 0x00, 0x00, 0x00, 0x00, // ............
        0x00, 0x00, 0x00, 0x00, 0x00, 0x00, 0x00, 0x00, 0x00, 0x00, 0x00, 0x00, // ............
        0x00, 0x00, 0x00, 0x00, 0x00, 0x00, 0x00, 0x00, 0x00, 0x00, 0x00, 0x00, // ............
        0x00, 0x00, 0x00, 0x00, 0x00, 0x00, 0x00, 0x00, 0x00, 0x00, 0x00, 0x00, // ............
        0x00, 0x00, 0x00, 0x00, 0x00, 0x00, 0x00, 0x00, 0x00, 0x00, 0x00, 0x00, // ............
        0x00, 0x00, 0x00, 0x00, 0x00, 0x00, 0x00, 0x00, 0x00, 0x00, 0x00, 0x00, // ............
        0x00, 0x00, 0x00, 0x00, 0x00, 0x00, 0x00, 0x00, 0x00, 0x00, 0x00, 0x00, // ............
        0x00, 0x00, 0x00, 0x00, 0x00, 0x00, 0x00, 0x00, 0x00, 0x00, 0x00, 0x00, // ............
        0x00, 0x00, 0x00, 0x00, 0x00, 0x00, 0x00, 0x00, 0x00, 0x00, 0x00, 0x00, // ............
        0x00, 0x00, 0x00, 0x00, 0x00, 0x00, 0x00, 0x00, 0x00, 0x00, 0x00, 0x00, // ............
        0x00, 0x00, 0x00, 0x00, 0x00, 0x02, 0x02, 0x00, 0x00, 0x00, 0x00, 0x00, // ............
        0x00, 0x00, 0x00, 0x00, 0x35, 0xEC, 0xEA, 0x31, 0x00, 0x00, 0x00, 0x00, // ....:%%:....
        0x00, 0x00, 0x00, 0x00, 0x92, 0xFF, 0xFF, 0x8B, 0x00, 0x00, 0x00, 0x00, // ....+@@+....
        0x00, 0x00, 0x00, 0x00, 0x54, 0xFE, 0xFE, 0x4E, 0x00, 0x00, 0x00, 0x00, // ....-%%-....
        0x00, 0x00, 0x00, 0x00, 0x00, 0x29, 0x28, 0x00, 0x00, 0x00, 0x00, 0x00, // .....::.....
        0x00, 0x00, 0x00, 0x00, 0x00, 0x00, 0x00, 0x00, 0x00, 0x00, 0x00, 0x00, // ............
        0x00, 0x00, 0x00, 0x00, 0x00, 0x00, 0x00, 0x00, 0x00, 0x00, 0x00, 0x00, // ............
        0x00, 0x00, 0x00, 0x00, 0x00, 0x00, 0x00, 0x00, 0x00, 0x00, 0x00, 0x00, // ............
        0x00, 0x00, 0x00, 0x00, 0x00, 0x00, 0x00, 0x00, 0x00, 0x00, 0x00, 0x00, // ............
    ],
    // 0x2F '/'
    [
        0x00, 0x00, 0x00, 0x00, 0x00, 0x00, 0x00, 0x00, 0x00, 0x00, 0x00, 0x00, // ............
        0x00, 0x00, 0x00, 0x00, 0x00, 0x00, 0x00, 0x00, 0x00, 0x00, 0x00, 0x00, // ............
        0x00, 0x00, 0x00, 0x00, 0x00, 0x00, 0x00, 0x00, 0x00, 0x00, 0x00, 0x00, // ............
        0x00, 0x00, 0x00, 0x00, 0x00, 0x00, 0x00, 0x00, 0x00, 0x00, 0x00, 0x00, // ............
        0x00, 0x00, 0x00, 0x00, 0x00, 0x00, 0x00, 0x00, 0x42, 0x8F, 0x39, 0x00, // ........-+:.
        0x00, 0x00, 0x00, 0x00, 0x00, 0x00, 0x00, 0x01, 0xD1, 0xF4, 0x13, 0x00, // ........#%..
        0x00, 0x00, 0x00, 0x00, 0x00, 0x00, 0x00, 0x4A, 0xFF, 0x90, 0x00, 0x00, // .......-@+..
        0x00, 0x00, 0x00, 0x00, 0x00, 0x00, 0x00, 0xC1, 0xFA, 0x1E, 0x00, 0x00, // .......#%...
        0x00, 0x00, 0x00, 0x00, 0x00, 0x00, 0x3A, 0xFF, 0xA1, 0x00, 0x00, 0x00, // ......:@*...
        0x00, 0x00, 0x00, 0x00, 0x00, 0x00, 0xB1, 0xFE, 0x2B, 0x00, 0x00, 0x00, // ......*%:...
        0x00, 0x00, 0x00, 0x00, 0x00, 0x2B, 0xFE, 0xB2, 0x00, 0x00, 0x00, 0x00, // .....:%*....
        0x00, 0x00, 0x00, 0x00, 0x00, 0xA0, 0xFF, 0x3B, 0x00, 0x00, 0x00, 0x00, // .....*@:....
        0x00, 0x00, 0x00, 0x00, 0x1E, 0xFA, 0xC3, 0x00, 0x00, 0x00, 0x00, 0x00, // .....%#.....
        0x00, 0x00, 0x00, 0x00, 0x90, 0xFF, 0x4C, 0x00, 0x00, 0x00, 0x00, 0x00, // ....+@-.....
        0x00, 0x00, 0x00, 0x13, 0xF4, 0xD2, 0x01, 0x00, 0x00, 0x00, 0x00, 0x00, // ....%#......
        0x00, 0x00, 0x00, 0x7F, 0xFF, 0x5C, 0x00, 0x00, 0x00, 0x00, 0x00, 0x00, // ...=@-......
        0x00, 0x00, 0x0B, 0xEC, 0xE0, 0x04, 0x00, 0x00, 0x00, 0x00, 0x00, 0x00, // ...%%.......
        0x00, 0x00, 0x6F, 0xFF, 0x6D, 0x00, 0x00, 0x00, 0x00, 0x00, 0x00, 0x00, // ..=@=.......
        0x00, 0x05, 0xE1, 0xEB, 0x0A, 0x00, 0x00, 0x00, 0x00, 0x00, 0x00, 0x00, // ..%%........
        0x00, 0x5E, 0xFF, 0x7E, 0x00, 0x00, 0x00, 0x00, 0x00, 0x00, 0x00, 0x00, // .-@=........
        0x00, 0xB4, 0xD9, 0x13, 0x00, 0x00, 0x00, 0x00, 0x00, 0x00, 0x00, 0x00, // .*#.........
        0x00, 0x00, 0x00, 0x00, 0x00, 0x00, 0x00, 0x00, 0x00, 0x00, 0x00, 0x00, // ............
        0x00, 0x00, 0x00, 0x00, 0x00, 0x00, 0x00, 0x00, 0x00, 0x00, 0x00, 0x00, // ............
        0x00, 0x00, 0x00, 0x00, 0x00, 0x00, 0x00, 0x00, 0x00, 0x00, 0x00, 0x00, // ............
    ],
    // 0x30 '0'
    [
        0x00, 0x00, 0x00, 0x00, 0x00, 0x00, 0x00, 0x00, 0x00, 0x00, 0x00, 0x00, // ............
        0x00, 0x00, 0x00, 0x00, 0x00, 0x00, 0x00, 0x00, 0x00, 0x00, 0x00, 0x00, // ............
        0x00, 0x00, 0x00, 0x00, 0x00, 0x00, 0x00, 0x00, 0x00, 0x00, 0x00, 0x00, // ............
        0x00, 0x00, 0x00, 0x00, 0x00, 0x00, 0x00, 0x00, 0x00, 0x00, 0x00, 0x00, // ............
        0x00, 0x00, 0x00, 0x1E, 0x95, 0xCB, 0xCC, 0x98, 0x21, 0x00, 0x00, 0x00, // ....+##+:...
        0x00, 0x00, 0x25, 0xEB, 0xFF, 0xCE, 0xCC, 0xFF, 0xEE, 0x2B, 0x00, 0x00, // ..:%@##@%:..
        0x00, 0x00, 0xBB, 0xFF, 0x6E, 0x00, 0x00, 0x62, 0xFF, 0xC7, 0x00, 0x00, // ..*@=..=@#..
        0x00, 0x25, 0xFF, 0xD8, 0x01, 0x00, 0x00, 0x00, 0xCE, 0xFF, 0x31, 0x00, // .:@#....#@:.
        0x00, 0x68, 0xFF, 0x8E, 0x00, 0x48, 0x4B, 0x00, 0x84, 0xFF, 0x74, 0x00, // .=@+.--.+@=.
        0x00, 0x91, 0xFF, 0x65, 0x00, 0xB7, 0xBB, 0x00, 0x5B, 0xFF, 0x9D, 0x00, // .+@=.**.-@+.
        0x00, 0xA8, 0xFF, 0x50, 0x00, 0xE3, 0xE7, 0x00, 0x46, 0xFF, 0xB4, 0x00, // .*@-.%%.-@*.
        0x00, 0xB1, 0xFF, 0x49, 0x00, 0xF3, 0xFC, 0x00, 0x3E, 0xFF, 0xBC, 0x00, // .*@-.%%.:@*.
        0x00, 0xAE, 0xFF, 0x4C, 0x00, 0xE8, 0xF7, 0x00, 0x41, 0xFF, 0xB9, 0x00, // .*@-.%%.-@*.
        0x00, 0x9E, 0xFF, 0x5A, 0x00, 0xC6, 0xDC, 0x00, 0x50, 0xFF, 0xA9, 0x00, // .+@-.##.-@*.
        0x00, 0x7D, 0xFF, 0x7A, 0x00, 0x83, 0x9C, 0x00, 0x6F, 0xFF, 0x89, 0x00, // .=@=.++.=@+.
        0x00, 0x46, 0xFF, 0xB3, 0x00, 0x06, 0x08, 0x00, 0xA7, 0xFF, 0x52, 0x00, // .-@*....*@-.
        0x00, 0x06, 0xE9, 0xFA, 0x24, 0x00, 0x00, 0x1B, 0xF5, 0xF0, 0x0B, 0x00, // ..%%:...%%..
        0x00, 0x00, 0x67, 0xFF, 0xDB, 0x5E, 0x5C, 0xD5, 0xFF, 0x72, 0x00, 0x00, // ..=@#--#@=..
        0x00, 0x00, 0x00, 0x79, 0xF6, 0xFF, 0xFF, 0xF8, 0x7F, 0x01, 0x00, 0x00, // ...=%@@%=...
        0x00, 0x00, 0x00, 0x00, 0x0F, 0x3C, 0x3D, 0x10, 0x00, 0x00, 0x00, 0x00, // .....::.....
        0x00, 0x00, 0x00, 0x00, 0x00, 0x00, 0x00, 0x00, 0x00, 0x00, 0x00, 0x00, // ............
        0x00, 0x00, 0x00, 0x00, 0x00, 0x00, 0x00, 0x00, 0x00, 0x00, 0x00, 0x00, // ............
        0x00, 0x00, 0x00, 0x00, 0x00, 0x00, 0x00, 0x00, 0x00, 0x00, 0x00, 0x00, // ............
        0x00, 0x00, 0x00, 0x00, 0x00, 0x00, 0x00, 0x00, 0x00, 0x00, 0x00, 0x00, // ............
    ],
    // 0x31 '1'
    [
        0x00, 0x00, 0x00, 0x00, 0x00, 0x00, 0x00, 0x00, 0x00, 0x00, 0x00, 0x00, // ............
        0x00, 0x00, 0x00, 0x00, 0x00, 0x00, 0x00, 0x00, 0x00, 0x00, 0x00, 0x00, // ............
        0x00, 0x00, 0x00, 0x00, 0x00, 0x00, 0x00, 0x00, 0x00, 0x00, 0x00, 0x00, // ............
        0x00, 0x00, 0x00, 0x00, 0x00, 0x00, 0x00, 0x00, 0x00, 0x00, 0x00, 0x00, // ............
        0x00, 0x00, 0x00, 0x00, 0x00, 0x54, 0x8F, 0x5E, 0x00, 0x00, 0x00, 0x00, // .....-+-....
        0x00, 0x00, 0x00, 0x00, 0x4B, 0xFB, 0xFF, 0xA7, 0x00, 0x00, 0x00, 0x00, // ....-%@*....
        0x00, 0x00, 0x00, 0x36, 0xF4, 0xFD, 0xFF, 0xA7, 0x00, 0x00, 0x00, 0x00, // ...:%%@*....
        0x00, 0x00, 0x24, 0xE9, 0xF4, 0x80, 0xFF, 0xA7, 0x00, 0x00, 0x00, 0x00, // ..:%%+@*....
        0x00, 0x00, 0x6C, 0xFB, 0x4B, 0x4C, 0xFF, 0xA7, 0x00, 0x00, 0x00, 0x00, // ..=%--@*....
        0x00, 0x00, 0x00, 0x3C, 0x00, 0x4C, 0xFF, 0xA7, 0x00, 0x00, 0x00, 0x00, // ...:.-@*....
        0x00, 0x00, 0x00, 0x00, 0x00, 0x4C, 0xFF, 0xA7, 0x00, 0x00, 0x00, 0x00, // .....-@*....
        0x00, 0x00, 0x00, 0x00, 0x00, 0x4C, 0xFF, 0xA7, 0x00, 0x00, 0x00, 0x00, // .....-@*....
        0x00, 0x00, 0x00, 0x00, 0x00, 0x4C, 0xFF, 0xA7, 0x00, 0x00, 0x00, 0x00, // .....-@*....
        0x00, 0x00, 0x00, 0x00, 0x00, 0x4C, 0xFF, 0xA7, 0x00, 0x00, 0x00, 0x00, // .....-@*....
        0x00, 0x00, 0x00, 0x00, 0x00, 0x4C, 0xFF, 0xA7, 0x00, 0x00, 0x00, 0x00, // .....-@*....
        0x00, 0x00, 0x00, 0x00, 0x00, 0x4C, 0xFF, 0xA7, 0x00, 0x00, 0x00, 0x00, // .....-@*....
        0x00, 0x00, 0x00, 0x00, 0x00, 0x4C, 0xFF, 0xA7, 0x00, 0x00, 0x00, 0x00, // .....-@*....
        0x00, 0x00, 0x40, 0xAF, 0xAF, 0xC7, 0xFF, 0xE4, 0xAF, 0xAF, 0x78, 0x00, // ..-**#@%**=.
        0x00, 0x00, 0x5D, 0xFF, 0xFF, 0xFF, 0xFF, 0xFF, 0xFF, 0xFF, 0xAE, 0x00, // ..-@@@@@@@*.
        0x00, 0x00, 0x00, 0x00, 0x00, 0x00, 0x00, 0x00, 0x00, 0x00, 0x00, 0x00, // ............
        0x00, 0x00, 0x00, 0x00, 0x00, 0x00, 0x00, 0x00, 0x00, 0x00, 0x00, 0x00, // ............
        0x00, 0x00, 0x00, 0x00, 0x00, 0x00, 0x00, 0x00, 0x00, 0x00, 0x00, 0x00, // ............
        0x00, 0x00, 0x00, 0x00, 0x00, 0x00, 0x00, 0x00, 0x00, 0x00, 0x00, 0x00, // ............
        0x00, 0x00, 0x00, 0x00, 0x00, 0x00, 0x00, 0x00, 0x00, 0x00, 0x00, 0x00, // ............
    ],
    // 0x32 '2'
    [
        0x00, 0x00, 0x00, 0x00, 0x00, 0x00, 0x00, 0x00, 0x00, 0x00, 0x00, 0x00, // ............
        0x00, 0x00, 0x00, 0x00, 0x00, 0x00, 0x00, 0x00, 0x00, 0x00, 0x00, 0x00, // ............
        0x00, 0x00, 0x00, 0x00, 0x00, 0x00, 0x00, 0x00, 0x00, 0x00, 0x00, 0x00, // ............
        0x00, 0x00, 0x00, 0x00, 0x00, 0x00, 0x00, 0x00, 0x00, 0x00, 0x00, 0x00, // ............
        0x00, 0x01, 0x41, 0x92, 0xC4, 0xCF, 0xC3, 0x87, 0x1B, 0x00, 0x00, 0x00, // ..-+###+....
        0x00, 0x61, 0xFF, 0xFF, 0xED, 0xD0, 0xF0, 0xFF, 0xEE, 0x35, 0x00, 0x00, // .=@@%#%@%:..
        0x00, 0x63, 0xA2, 0x35, 0x01, 0x00, 0x05, 0x8B, 0xFF, 0xD7, 0x02, 0x00, // .=*:...+@#..
        0x00, 0x03, 0x00, 0x00, 0x00, 0x00, 0x00, 0x03, 0xE7, 0xFF, 0x2C, 0x00, // ........%@:.
        0x00, 0x00, 0x00, 0x00, 0x00, 0x00, 0x00, 0x00, 0xCA, 0xFF, 0x39, 0x00, // ........#@:.
        0x00, 0x00, 0x00, 0x00, 0x00, 0x00, 0x00, 0x07, 0xF0, 0xFA, 0x11, 0x00, // ........%%..
        0x00, 0x00, 0x00, 0x00, 0x00, 0x00, 0x00, 0x70, 0xFF, 0xA2, 0x00, 0x00, // .......=@*..
        0x00, 0x00, 0x00, 0x00, 0x00, 0x00, 0x31, 0xF6, 0xE2, 0x15, 0x00, 0x00, // ......:%%...
        0x00, 0x00, 0x00, 0x00, 0x00, 0x1D, 0xE3, 0xF3, 0x32, 0x00, 0x00, 0x00, // ......%%:...
        0x00, 0x00, 0x00, 0x00, 0x14, 0xD6, 0xFA, 0x47, 0x00, 0x00, 0x00, 0x00, // .....#%-....
        0x00, 0x00, 0x00, 0x0C, 0xC9, 0xFC, 0x56, 0x00, 0x00, 0x00, 0x00, 0x00, // ....#%-.....
        0x00, 0x00, 0x08, 0xBD, 0xFB, 0x58, 0x00, 0x00, 0x00, 0x00, 0x00, 0x00, // ...*%-......
        0x00, 0x05, 0xB2, 0xFD, 0x5B, 0x00, 0x00, 0x00, 0x00, 0x00, 0x00, 0x00, // ..*%-.......
        0x00, 0x72, 0xFF, 0xE9, 0xAF, 0xAF, 0xAF, 0xAF, 0xAF, 0xAF, 0x3C, 0x00, // .=@%******:.
        0x00, 0x83, 0xFF, 0xFF, 0xFF, 0xFF, 0xFF, 0xFF, 0xFF, 0xFF, 0x57, 0x00, // .+@@@@@@@@-.
        0x00, 0x00, 0x00, 0x00, 0x00, 0x00, 0x00, 0x00, 0x00, 0x00, 0x00, 0x00, // ............
        0x00, 0x00, 0x00, 0x00, 0x00, 0x00, 0x00, 0x00, 0x00, 0x00, 0x00, 0x00, // ............
        0x00, 0x00, 0x00, 0x00, 0x00, 0x00, 0x00, 0x00, 0x00, 0x00, 0x00, 0x00, // ............
        0x00, 0x00, 0x00, 0x00, 0x00, 0x00, 0x00, 0x00, 0x00, 0x00, 0x00, 0x00, // ............
        0x00, 0x00, 0x00, 0x00, 0x00, 0x00, 0x00, 0x00, 0x00, 0x00, 0x00, 0x00, // ............
    ],
    // 0x33 '3'
    [
        0x00, 0x00, 0x00, 0x00, 0x00, 0x00, 0x00, 0x00, 0x00, 0x00, 0x00, 0x00, // ............
        0x00, 0x00, 0x00, 0x00, 0x00, 0x00, 0x00, 0x00, 0x00, 0x00, 0x00, 0x00, // ............
        0x00, 0x00, 0x00, 0x00, 0x00, 0x00, 0x00, 0x00, 0x00, 0x00, 0x00, 0x00, // ............
        0x00, 0x00, 0x00, 0x00, 0x00, 0x00, 0x00, 0x00, 0x00, 0x00, 0x00, 0x00, // ............
        0x00, 0x07, 0x5E, 0x97, 0xC2, 0xCF, 0xC9, 0x94, 0x2B, 0x00, 0x00, 0x00, // ..-+###+:...
        0x00, 0x1B, 0xFF, 0xFF, 0xE7, 0xCF, 0xE7, 0xFF, 0xFA, 0x56, 0x00, 0x00, // ..@@%#%@%-..
        0x00, 0x0F, 0x61, 0x17, 0x00, 0x00, 0x00, 0x55, 0xFC, 0xF1, 0x0E, 0x00, // ..=....-%%..
        0x00, 0x00, 0x00, 0x00, 0x00, 0x00, 0x00, 0x00, 0xB9, 0xFF, 0x44, 0x00, // ........*@-.
        0x00, 0x00, 0x00, 0x00, 0x00, 0x00, 0x00, 0x00, 0xAF, 0xFF, 0x47, 0x00, // ........*@-.
        0x00, 0x00, 0x00, 0x00, 0x00, 0x00, 0x00, 0x2E, 0xF4, 0xEE, 0x0E, 0x00, // .......:%%..
        0x00, 0x00, 0x00, 0x04, 0x9F, 0x9F, 0xB7, 0xF9, 0xE1, 0x3F, 0x00, 0x00, // ....++*%%:..
        0x00, 0x00, 0x00, 0x06, 0xFF, 0xFF, 0xFF, 0xF8, 0x85, 0x0C, 0x00, 0x00, // ....@@@%+...
        0x00, 0x00, 0x00, 0x00, 0x00, 0x02, 0x22, 0x89, 0xFE, 0xCB, 0x08, 0x00, // ......:+%#..
        0x00, 0x00, 0x00, 0x00, 0x00, 0x00, 0x00, 0x00, 0x9B, 0xFF, 0x67, 0x00, // ........+@=.
        0x00, 0x00, 0x00, 0x00, 0x00, 0x00, 0x00, 0x00, 0x53, 0xFF, 0x9F, 0x00, // ........-@+.
        0x00, 0x00, 0x00, 0x00, 0x00, 0x00, 0x00, 0x00, 0x61, 0xFF, 0x9E, 0x00, // ........=@+.
        0x00, 0x29, 0x08, 0x00, 0x00, 0x00, 0x00, 0x0A, 0xCC, 0xFF, 0x67, 0x00, // .:......#@=.
        0x00, 0x8B, 0xEB, 0x9D, 0x6E, 0x61, 0x81, 0xDB, 0xFF, 0xD6, 0x0A, 0x00, // .+%+==+#@#..
        0x00, 0x5B, 0xDF, 0xFF, 0xFF, 0xFF, 0xFF, 0xFB, 0xA8, 0x17, 0x00, 0x00, // .-#@@@@%*...
        0x00, 0x00, 0x00, 0x18, 0x3A, 0x45, 0x3A, 0x0F, 0x00, 0x00, 0x00, 0x00, // ....:-:.....
        0x00, 0x00, 0x00, 0x00, 0x00, 0x00, 0x00, 0x00, 0x00, 0x00, 0x00, 0x00, // ............
        0x00, 0x00, 0x00, 0x00, 0x00, 0x00, 0x00, 0x00, 0x00, 0x00, 0x00, 0x00, // ............
        0x00, 0x00, 0x00, 0x00, 0x00, 0x00, 0x00, 0x00, 0x00, 0x00, 0x00, 0x00, // ............
        0x00, 0x00, 0x00, 0x00, 0x00, 0x00, 0x00, 0x00, 0x00, 0x00, 0x00, 0x00, // ............
    ],
    // 0x34 '4'
    [
        0x00, 0x00, 0x00, 0x00, 0x00, 0x00, 0x00, 0x00, 0x00, 0x00, 0x00, 0x00, // ............
        0x00, 0x00, 0x00, 0x00, 0x00, 0x00, 0x00, 0x00, 0x00, 0x00, 0x00, 0x00, // ............
        0x00, 0x00, 0x00, 0x00, 0x00, 0x00, 0x00, 0x00, 0x00, 0x00, 0x00, 0x00, // ............
        0x00, 0x00, 0x00, 0x00, 0x00, 0x00, 0x00, 0x00, 0x00, 0x00, 0x00, 0x00, // ............
        0x00, 0x00, 0x00, 0x00, 0x00, 0x00, 0x30, 0x8F, 0x8F, 0x14, 0x00, 0x00, // ......:++...
        0x00, 0x00, 0x00, 0x00, 0x00, 0x04, 0xCF, 0xFF, 0xFF, 0x24, 0x00, 0x00, // ......#@@:..
        0x00, 0x00, 0x00, 0x00, 0x00, 0x76, 0xED, 0xE2, 0xFF, 0x24, 0x00, 0x00, // .....=%%@:..
        0x00, 0x00, 0x00, 0x00, 0x23, 0xF5, 0x69, 0xD2, 0xFF, 0x24, 0x00, 0x00, // ....:%=#@:..
        0x00, 0x00, 0x00, 0x00, 0xBA, 0xCD, 0x03, 0xD2, 0xFF, 0x24, 0x00, 0x00, // ....*#.#@:..
        0x00, 0x00, 0x00, 0x5D, 0xFE, 0x39, 0x00, 0xD2, 0xFF, 0x24, 0x00, 0x00, // ...-%:.#@:..
        0x00, 0x00, 0x14, 0xEB, 0x9E, 0x00, 0x00, 0xD2, 0xFF, 0x24, 0x00, 0x00, // ...%+..#@:..
        0x00, 0x00, 0xA2, 0xEF, 0x16, 0x00, 0x00, 0xD2, 0xFF, 0x24, 0x00, 0x00, // ..*%...#@:..
        0x00, 0x45, 0xFF, 0x6D, 0x00, 0x00, 0x00, 0xD2, 0xFF, 0x24, 0x00, 0x00, // .-@=...#@:..
        0x00, 0xDD, 0xD7, 0x13, 0x10, 0x10, 0x10, 0xD5, 0xFF, 0x32, 0x10, 0x01, // .##....#@:..
        0x01, 0xFF, 0xFF, 0xFF, 0xFF, 0xFF, 0xFF, 0xFF, 0xFF, 0xFF, 0xFF, 0x15, // .@@@@@@@@@@.
        0x00, 0x80, 0x80, 0x80, 0x80, 0x80, 0x80, 0xE8, 0xFF, 0x91, 0x80, 0x0B, // .++++++%@++.
        0x00, 0x00, 0x00, 0x00, 0x00, 0x00, 0x00, 0xD2, 0xFF, 0x24, 0x00, 0x00, // .......#@:..
        0x00, 0x00, 0x00, 0x00, 0x00, 0x00, 0x00, 0xD2, 0xFF, 0x24, 0x00, 0x00, // .......#@:..
        0x00, 0x00, 0x00, 0x00, 0x00, 0x00, 0x00, 0xD2, 0xFF, 0x24, 0x00, 0x00, // .......#@:..
        0x00, 0x00, 0x00, 0x00, 0x00, 0x00, 0x00, 0x00, 0x00, 0x00, 0x00, 0x00, // ............
        0x00, 0x00, 0x00, 0x00, 0x00, 0x00, 0x00, 0x00, 0x00, 0x00, 0x00, 0x00, // ............
        0x00, 0x00, 0x00, 0x00, 0x00, 0x00, 0x00, 0x00, 0x00, 0x00, 0x00, 0x00, // ............
        0x00, 0x00, 0x00, 0x00, 0x00, 0x00, 0x00, 0x00, 0x00, 0x00, 0x00, 0x00, // ............
        0x00, 0x00, 0x00, 0x00, 0x00, 0x00, 0x00, 0x00, 0x00, 0x00, 0x00, 0x00, // ............
    ],
    // 0x35 '5'
    [
        0x00, 0x00, 0x00, 0x00, 0x00, 0x00, 0x00, 0x00, 0x00, 0x00, 0x00, 0x00, // ............
        0x00, 0x00, 0x00, 0x00, 0x00, 0x00, 0x00, 0x00, 0x00, 0x00, 0x00, 0x00, // ............
        0x00, 0x00, 0x00, 0x00, 0x00, 0x00, 0x00, 0x00, 0x00, 0x00, 0x00, 0x00, // ............
        0x00, 0x00, 0x00, 0x00, 0x00, 0x00, 0x00, 0x00, 0x00, 0x00, 0x00, 0x00, // ............
        0x00, 0x00, 0x8C, 0x8F, 0x8F, 0x8F, 0x8F, 0x8F, 0x8F, 0x3A, 0x00, 0x00, // ..+++++++:..
        0x00, 0x00, 0xFA, 0xFF, 0xFF, 0xFF, 0xFF, 0xFF, 0xFF, 0x67, 0x00, 0x00, // ..%@@@@@@=..
        0x00, 0x00, 0xFA, 0xD4, 0x10, 0x10, 0x10, 0x10, 0x10, 0x06, 0x00, 0x00, // ..%#........
        0x00, 0x00, 0xFA, 0xD1, 0x00, 0x00, 0x00, 0x00, 0x00, 0x00, 0x00, 0x00, // ..%#........
        0x00, 0x00, 0xFA, 0xD1, 0x00, 0x00, 0x00, 0x00, 0x00, 0x00, 0x00, 0x00, // ..%#........
        0x00, 0x00, 0xFA, 0xE2, 0x87, 0x9F, 0x90, 0x4E, 0x02, 0x00, 0x00, 0x00, // ..%%+++-....
        0x00, 0x00, 0xFA, 0xFF, 0xFF, 0xFF, 0xFF, 0xFF, 0xC8, 0x15, 0x00, 0x00, // ..%@@@@@#...
        0x00, 0x00, 0x82, 0x32, 0x0A, 0x0D, 0x45, 0xCE, 0xFF, 0xB9, 0x00, 0x00, // ..+:..-#@*..
        0x00, 0x00, 0x00, 0x00, 0x00, 0x00, 0x00, 0x12, 0xEC, 0xFF, 0x2D, 0x00, // ........%@:.
        0x00, 0x00, 0x00, 0x00, 0x00, 0x00, 0x00, 0x00, 0xA0, 0xFF, 0x62, 0x00, // ........*@=.
        0x00, 0x00, 0x00, 0x00, 0x00, 0x00, 0x00, 0x00, 0x8E, 0xFF, 0x6D, 0x00, // ........+@=.
        0x00, 0x00, 0x00, 0x00, 0x00, 0x00, 0x00, 0x00, 0xB4, 0xFF, 0x53, 0x00, // ........*@-.
        0x00, 0x1D, 0x01, 0x00, 0x00, 0x00, 0x00, 0x3C, 0xFC, 0xF6, 0x12, 0x00, // .......:%%..
        0x00, 0x9A, 0xD8, 0x8D, 0x66, 0x66, 0x9B, 0xF7, 0xFF, 0x74, 0x00, 0x00, // .+#+==+%@=..
        0x00, 0x77, 0xF8, 0xFF, 0xFF, 0xFF, 0xFF, 0xE5, 0x65, 0x00, 0x00, 0x00, // .=%@@@@%=...
        0x00, 0x00, 0x07, 0x2D, 0x41, 0x44, 0x2B, 0x02, 0x00, 0x00, 0x00, 0x00, // ...:--:.....
        0x00, 0x00, 0x00, 0x00, 0x00, 0x00, 0x00, 0x00, 0x00, 0x00, 0x00, 0x00, // ............
        0x00, 0x00, 0x00, 0x00, 0x00, 0x00, 0x00, 0x00, 0x00, 0x00, 0x00, 0x00, // ............
        0x00, 0x00, 0x00, 0x00, 0x00, 0x00, 0x00, 0x00, 0x00, 0x00, 0x00, 0x00, // ............
        0x00, 0x00, 0x00, 0x00, 0x00, 0x00, 0x00, 0x00, 0x00, 0x00, 0x00, 0x00, // ............
    ],
    // 0x36 '6'
    [
        0x00, 0x00, 0x00, 0x00, 0x00, 0x00, 0x00, 0x00, 0x00, 0x00, 0x00, 0x00, // ............
        0x00, 0x00, 0x00, 0x00, 0x00, 0x00, 0x00, 0x00, 0x00, 0x00, 0x00, 0x00, // ............
        0x00, 0x00, 0x00, 0x00, 0x00, 0x00, 0x00, 0x00, 0x00, 0x00, 0x00, 0x00, // ............
        0x00, 0x00, 0x00, 0x00, 0x00, 0x00, 0x00, 0x00, 0x00, 0x00, 0x00, 0x00, // ............
        0x00, 0x00, 0x00, 0x03, 0x5E, 0xB2, 0xCF, 0xCC, 0xA4, 0x43, 0x00, 0x00, // ....-*##*-..
        0x00, 0x00, 0x07, 0xB8, 0xFF, 0xFC, 0xD7, 0xD8, 0xFB, 0xAD, 0x00, 0x00, // ...*@%##%*..
        0x00, 0x00, 0x8C, 0xFF, 0xB8, 0x1A, 0x00, 0x00, 0x10, 0x42, 0x00, 0x00, // ..+@*....-..
        0x00, 0x10, 0xF6, 0xE2, 0x0B, 0x00, 0x00, 0x00, 0x00, 0x00, 0x00, 0x00, // ..%%........
        0x00, 0x56, 0xFF, 0x7F, 0x00, 0x00, 0x00, 0x00, 0x00, 0x00, 0x00, 0x00, // .-@=........
        0x00, 0x88, 0xFF, 0x43, 0x2B, 0x89, 0x9F, 0x83, 0x2B, 0x00, 0x00, 0x00, // .+@-:+++:...
        0x00, 0xA4, 0xFF, 0x73, 0xF9, 0xF8, 0xEF, 0xFF, 0xFC, 0x66, 0x00, 0x00, // .*@=%%%@%=..
        0x00, 0xB0, 0xFF, 0xF6, 0x83, 0x07, 0x00, 0x3D, 0xEF, 0xFA, 0x27, 0x00, // .*@%+..:%%:.
        0x00, 0xB0, 0xFF, 0xCA, 0x00, 0x00, 0x00, 0x00, 0x7D, 0xFF, 0x84, 0x00, // .*@#....=@+.
        0x00, 0xA2, 0xFF, 0x84, 0x00, 0x00, 0x00, 0x00, 0x41, 0xFF, 0xB2, 0x00, // .*@+....-@*.
        0x00, 0x84, 0xFF, 0x77, 0x00, 0x00, 0x00, 0x00, 0x36, 0xFF, 0xBB, 0x00, // .+@=....:@*.
        0x00, 0x50, 0xFF, 0x95, 0x00, 0x00, 0x00, 0x00, 0x4F, 0xFF, 0xA5, 0x00, // .-@+....-@*.
        0x00, 0x0B, 0xF0, 0xE8, 0x10, 0x00, 0x00, 0x00, 0xA7, 0xFF, 0x67, 0x00, // ..%%....*@=.
        0x00, 0x00, 0x75, 0xFF, 0xCE, 0x59, 0x48, 0x9A, 0xFF, 0xDE, 0x0B, 0x00, // ..=@#--+@#..
        0x00, 0x00, 0x01, 0x80, 0xF7, 0xFF, 0xFF, 0xFF, 0xC5, 0x23, 0x00, 0x00, // ...+%@@@#:..
        0x00, 0x00, 0x00, 0x00, 0x0F, 0x3C, 0x42, 0x22, 0x00, 0x00, 0x00, 0x00, // .....:-:....
        0x00, 0x00, 0x00, 0x00, 0x00, 0x00, 0x00, 0x00, 0x00, 0x00, 0x00, 0x00, // ............
        0x00, 0x00, 0x00, 0x00, 0x00, 0x00, 0x00, 0x00, 0x00, 0x00, 0x00, 0x00, // ............
        0x00, 0x00, 0x00, 0x00, 0x00, 0x00, 0x00, 0x00, 0x00, 0x00, 0x00, 0x00, // ............
        0x00, 0x00, 0x00, 0x00, 0x00, 0x00, 0x00, 0x00, 0x00, 0x00, 0x00, 0x00, // ............
    ],
    // 0x37 '7'
    [
        0x00, 0x00, 0x00, 0x00, 0x00, 0x00, 0x00, 0x00, 0x00, 0x00, 0x00, 0x00, // ............
        0x00, 0x00, 0x00, 0x00, 0x00, 0x00, 0x00, 0x00, 0x00, 0x00, 0x00, 0x00, // ............
        0x00, 0x00, 0x00, 0x00, 0x00, 0x00, 0x00, 0x00, 0x00, 0x00, 0x00, 0x00, // ............
        0x00, 0x00, 0x00, 0x00, 0x00, 0x00, 0x00, 0x00, 0x00, 0x00, 0x00, 0x00, // ............
        0x00, 0x5C, 0x8F, 0x8F, 0x8F, 0x8F, 0x8F, 0x8F, 0x8F, 0x8F, 0x4D, 0x00, // .-++++++++-.
        0x00, 0xA4, 0xFF, 0xFF, 0xFF, 0xFF, 0xFF, 0xFF, 0xFF, 0xFF, 0x6E, 0x00, // .*@@@@@@@@=.
        0x00, 0x0A, 0x10, 0x10, 0x10, 0x10, 0x10, 0x10, 0xD8, 0xFA, 0x16, 0x00, // ........#%..
        0x00, 0x00, 0x00, 0x00, 0x00, 0x00, 0x00, 0x38, 0xFF, 0xAF, 0x00, 0x00, // .......:@*..
        0x00, 0x00, 0x00, 0x00, 0x00, 0x00, 0x00, 0x9C, 0xFF, 0x4E, 0x00, 0x00, // .......+@-..
        0x00, 0x00, 0x00, 0x00, 0x00, 0x00, 0x0D, 0xF3, 0xE8, 0x05, 0x00, 0x00, // .......%%...
        0x00, 0x00, 0x00, 0x00, 0x00, 0x00, 0x65, 0xFF, 0x8C, 0x00, 0x00, 0x00, // ......=@+...
        0x00, 0x00, 0x00, 0x00, 0x00, 0x00, 0xCA, 0xFF, 0x2B, 0x00, 0x00, 0x00, // ......#@:...
        0x00, 0x00, 0x00, 0x00, 0x00, 0x2F, 0xFF, 0xC9, 0x00, 0x00, 0x00, 0x00, // .....:@#....
        0x00, 0x00, 0x00, 0x00, 0x00, 0x93, 0xFF, 0x68, 0x00, 0x00, 0x00, 0x00, // .....+@=....
        0x00, 0x00, 0x00, 0x00, 0x09, 0xEE, 0xF6, 0x10, 0x00, 0x00, 0x00, 0x00, // .....%%.....
        0x00, 0x00, 0x00, 0x00, 0x5C, 0xFF, 0xA6, 0x00, 0x00, 0x00, 0x00, 0x00, // ....-@*.....
        0x00, 0x00, 0x00, 0x00, 0xC1, 0xFF, 0x45, 0x00, 0x00, 0x00, 0x00, 0x00, // ....#@-.....
        0x00, 0x00, 0x00, 0x27, 0xFE, 0xE1, 0x02, 0x00, 0x00, 0x00, 0x00, 0x00, // ...:%%......
        0x00, 0x00, 0x00, 0x8A, 0xFF, 0x83, 0x00, 0x00, 0x00, 0x00, 0x00, 0x00, // ...+@+......
        0x00, 0x00, 0x00, 0x00, 0x00, 0x00, 0x00, 0x00, 0x00, 0x00, 0x00, 0x00, // ............
        0x00, 0x00, 0x00, 0x00, 0x00, 0x00, 0x00, 0x00, 0x00, 0x00, 0x00, 0x00, // ............
        0x00, 0x00, 0x00, 0x00, 0x00, 0x00, 0x00, 0x00, 0x00, 0x00, 0x00, 0x00, // ............
        0x00, 0x00, 0x00, 0x00, 0x00, 0x00, 0x00, 0x00, 0x00, 0x00, 0x00, 0x00, // ............
        0x00, 0x00, 0x00, 0x00, 0x00, 0x00, 0x00, 0x00, 0x00, 0x00, 0x00, 0x00, // ............
    ],
    // 0x38 '8'
    [
        0x00, 0x00, 0x00, 0x00, 0x00, 0x00, 0x00, 0x00, 0x00, 0x00, 0x00, 0x00, // ............
        0x00, 0x00, 0x00, 0x00, 0x00, 0x00, 0x00, 0x00, 0x00, 0x00, 0x00, 0x00, // ............
        0x00, 0x00, 0x00, 0x00, 0x00, 0x00, 0x00, 0x00, 0x00, 0x00, 0x00, 0x00, // ............
        0x00, 0x00, 0x00, 0x00, 0x00, 0x00, 0x00, 0x00, 0x00, 0x00, 0x00, 0x00, // ............
        0x00, 0x00, 0x00, 0x49, 0xAA, 0xCE, 0xCF, 0xAB, 0x4D, 0x00, 0x00, 0x00, // ...-*##*-...
        0x00, 0x00, 0x7E, 0xFF, 0xF6, 0xB9, 0xB8, 0xF4, 0xFF, 0x8A, 0x00, 0x00, // ..=@%**%@+..
        0x00, 0x21, 0xFC, 0xF1, 0x25, 0x00, 0x00, 0x1E, 0xEB, 0xFE, 0x2A, 0x00, // .:%%:...%%:.
        0x00, 0x59, 0xFF, 0xA5, 0x00, 0x00, 0x00, 0x00, 0x9B, 0xFF, 0x64, 0x00, // .-@*....+@=.
        0x00, 0x53, 0xFF, 0x9D, 0x00, 0x00, 0x00, 0x00, 0x93, 0xFF, 0x5D, 0x00, // .-@+....+@-.
        0x00, 0x12, 0xF0, 0xE1, 0x0C, 0x00, 0x00, 0x09, 0xDA, 0xF5, 0x19, 0x00, // ..%%....#%..
        0x00, 0x00, 0x45, 0xEA, 0xD9, 0x87, 0x86, 0xD5, 0xED, 0x4D, 0x00, 0x00, // ..-%#++#%-..
        0x00, 0x00, 0x0D, 0x86, 0xF9, 0xFF, 0xFF, 0xFA, 0x8C, 0x10, 0x00, 0x00, // ...+%@@%+...
        0x00, 0x0B, 0xD1, 0xFA, 0x73, 0x1E, 0x1D, 0x6E, 0xF8, 0xD9, 0x10, 0x00, // ..#%=..=%#..
        0x00, 0x72, 0xFF, 0x8B, 0x00, 0x00, 0x00, 0x00, 0x81, 0xFF, 0x7E, 0x00, // .=@+....+@=.
        0x00, 0xAD, 0xFF, 0x4A, 0x00, 0x00, 0x00, 0x00, 0x3F, 0xFF, 0xB8, 0x00, // .*@-....:@*.
        0x00, 0xB2, 0xFF, 0x51, 0x00, 0x00, 0x00, 0x00, 0x46, 0xFF, 0xBC, 0x00, // .*@-....-@*.
        0x00, 0x84, 0xFF, 0xA7, 0x00, 0x00, 0x00, 0x00, 0x9A, 0xFF, 0x8E, 0x00, // .+@*....+@+.
        0x00, 0x1C, 0xEF, 0xFF, 0xA5, 0x4E, 0x4B, 0x9C, 0xFF, 0xF2, 0x21, 0x00, // ..%@*--+@%:.
        0x00, 0x00, 0x30, 0xCA, 0xFF, 0xFF, 0xFF, 0xFF, 0xCC, 0x34, 0x00, 0x00, // ..:#@@@@#:..
        0x00, 0x00, 0x00, 0x00, 0x1F, 0x41, 0x41, 0x1F, 0x00, 0x00, 0x00, 0x00, // .....--.....
        0x00, 0x00, 0x00, 0x00, 0x00, 0x00, 0x00, 0x00, 0x00, 0x00, 0x00, 0x00, // ............
        0x00, 0x00, 0x00, 0x00, 0x00, 0x00, 0x00, 0x00, 0x00, 0x00, 0x00, 0x00, // ............
        0x00, 0x00, 0x00, 0x00, 0x00, 0x00, 0x00, 0x00, 0x00, 0x00, 0x00, 0x00, // ............
        0x00, 0x00, 0x00, 0x00, 0x00, 0x00, 0x00, 0x00, 0x00, 0x00, 0x00, 0x00, // ............
    ],
    // 0x39 '9'
    [
        0x00, 0x00, 0x00, 0x00, 0x00, 0x00, 0x00, 0x00, 0x00, 0x00, 0x00, 0x00, // ............
        0x00, 0x00, 0x00, 0x00, 0x00, 0x00, 0x00, 0x00, 0x00, 0x00, 0x00, 0x00, // ............
        0x00, 0x00, 0x00, 0x00, 0x00, 0x00, 0x00, 0x00, 0x00, 0x00, 0x00, 0x00, // ............
        0x00, 0x00, 0x00, 0x00, 0x00, 0x00, 0x00, 0x00, 0x00, 0x00, 0x00, 0x00, // ............
        0x00, 0x00, 0x01, 0x59, 0xB2, 0xCF, 0xCB, 0x94, 0x1F, 0x00, 0x00, 0x00, // ...-*##+....
        0x00, 0x00, 0x98, 0xFF, 0xF0, 0xB7, 0xCA, 0xFE, 0xED, 0x2A, 0x00, 0x00, // ..+@%*#%%:..
        0x00, 0x41, 0xFF, 0xDA, 0x15, 0x00, 0x00, 0x54, 0xFE, 0xC4, 0x00, 0x00, // .-@#...-%#..
        0x00, 0x95, 0xFF, 0x66, 0x00, 0x00, 0x00, 0x00, 0xBB, 0xFF, 0x2C, 0x00, // .+@=....*@:.
        0x00, 0xBA, 0xFF, 0x37, 0x00, 0x00, 0x00, 0x00, 0x85, 0xFF, 0x6C, 0x00, // .*@:....+@=.
        0x00, 0xBE, 0xFF, 0x33, 0x00, 0x00, 0x00, 0x00, 0x80, 0xFF, 0x92, 0x00, // .*@:....+@+.
        0x00, 0xA2, 0xFF, 0x56, 0x00, 0x00, 0x00, 0x00, 0xA9, 0xFF, 0xA7, 0x00, // .*@-....*@*.
        0x00, 0x5A, 0xFF, 0xBE, 0x03, 0x00, 0x00, 0x29, 0xF7, 0xFF, 0xAE, 0x00, // .-@*...:%@*.
        0x00, 0x04, 0xC8, 0xFF, 0xC7, 0x7D, 0x8F, 0xEE, 0xC0, 0xFF, 0xA8, 0x00, // ..#@#=+%#@*.
        0x00, 0x00, 0x10, 0x9B, 0xF3, 0xFF, 0xF5, 0x94, 0x41, 0xFF, 0x93, 0x00, // ...+%@%+-@+.
        0x00, 0x00, 0x00, 0x00, 0x02, 0x10, 0x04, 0x00, 0x66, 0xFF, 0x6D, 0x00, // ........=@=.
        0x00, 0x00, 0x00, 0x00, 0x00, 0x00, 0x00, 0x00, 0xBB, 0xFF, 0x2E, 0x00, // ........*@:.
        0x00, 0x00, 0x03, 0x00, 0x00, 0x00, 0x00, 0x5B, 0xFF, 0xC7, 0x00, 0x00, // .......-@#..
        0x00, 0x00, 0xA3, 0x9C, 0x69, 0x68, 0xA8, 0xFD, 0xF3, 0x2F, 0x00, 0x00, // ..*+==*%%:..
        0x00, 0x00, 0x93, 0xFE, 0xFF, 0xFF, 0xFF, 0xCB, 0x33, 0x00, 0x00, 0x00, // ..+%@@@#:...
        0x00, 0x00, 0x00, 0x17, 0x3E, 0x43, 0x21, 0x00, 0x00, 0x00, 0x00, 0x00, // ....:-:.....
        0x00, 0x00, 0x00, 0x00, 0x00, 0x00, 0x00, 0x00, 0x00, 0x00, 0x00, 0x00, // ............
        0x00, 0x00, 0x00, 0x00, 0x00, 0x00, 0x00, 0x00, 0x00, 0x00, 0x00, 0x00, // ............
        0x00, 0x00, 0x00, 0x00, 0x00, 0x00, 0x00, 0x00, 0x00, 0x00, 0x00, 0x00, // ............
        0x00, 0x00, 0x00, 0x00, 0x00, 0x00, 0x00, 0x00, 0x00, 0x00, 0x00, 0x00, // ............
    ],
    // 0x3A ':'
    [
        0x00, 0x00, 0x00, 0x00, 0x00, 0x00, 0x00, 0x00, 0x00, 0x00, 0x00, 0x00, // ............
        0x00, 0x00, 0x00, 0x00, 0x00, 0x00, 0x00, 0x00, 0x00, 0x00, 0x00, 0x00, // ............
        0x00, 0x00, 0x00, 0x00, 0x00, 0x00, 0x00, 0x00, 0x00, 0x00, 0x00, 0x00, // ............
        0x00, 0x00, 0x00, 0x00, 0x00, 0x00, 0x00, 0x00, 0x00, 0x00, 0x00, 0x00, // ............
        0x00, 0x00, 0x00, 0x00, 0x00, 0x00, 0x00, 0x00, 0x00, 0x00, 0x00, 0x00, // ............
        0x00, 0x00, 0x00, 0x00, 0x00, 0x00, 0x00, 0x00, 0x00, 0x00, 0x00, 0x00, // ............
        0x00, 0x00, 0x00, 0x00, 0x00, 0x00, 0x00, 0x00, 0x00, 0x00, 0x00, 0x00, // ............
        0x00, 0x00, 0x00, 0x00, 0x00, 0x00, 0x00, 0x00, 0x00, 0x00, 0x00, 0x00, // ............
        0x00, 0x00, 0x00, 0x00, 0x1A, 0xC0, 0xC9, 0x28, 0x00, 0x00, 0x00, 0x00, // .....##:....
        0x00, 0x00, 0x00, 0x00, 0x7C, 0xFF, 0xFF, 0x98, 0x00, 0x00, 0x00, 0x00, // ....=@@+....
        0x00, 0x00, 0x00, 0x00, 0x59, 0xFF, 0xFF, 0x75, 0x00, 0x00, 0x00, 0x00, // ....-@@=....
        0x00, 0x00, 0x00, 0x00, 0x00, 0x4B, 0x55, 0x02, 0x00, 0x00, 0x00, 0x00, // .....--.....
        0x00, 0x00, 0x00, 0x00, 0x00, 0x00, 0x00, 0x00, 0x00, 0x00, 0x00, 0x00, // ............
        0x00, 0x00, 0x00, 0x00, 0x00, 0x00, 0x00, 0x00, 0x00, 0x00, 0x00, 0x00, // ............
        0x00, 0x00, 0x00, 0x00, 0x00, 0x00, 0x00, 0x00, 0x00, 0x00, 0x00, 0x00, // ............
        0x00, 0x00, 0x00, 0x00, 0x1A, 0xC1, 0xCB, 0x29, 0x00, 0x00, 0x00, 0x00, // .....##:....
        0x00, 0x00, 0x00, 0x00, 0x7C, 0xFF, 0xFF, 0x98, 0x00, 0x00, 0x00, 0x00, // ....=@@+....
        0x00, 0x00, 0x00, 0x00, 0x58, 0xFF, 0xFF, 0x74, 0x00, 0x00, 0x00, 0x00, // ....-@@=....
        0x00, 0x00, 0x00, 0x00, 0x00, 0x49, 0x53, 0x02, 0x00, 0x00, 0x00, 0x00, // .....--.....
        0x00, 0x00, 0x00, 0x00, 0x00, 0x00, 0x00, 0x00, 0x00, 0x00, 0x00, 0x00, // ............
        0x00, 0x00, 0x00, 0x00, 0x00, 0x00, 0x00, 0x00, 0x00, 0x00, 0x00, 0x00, // ............
        0x00, 0x00, 0x00, 0x00, 0x00, 0x00, 0x00, 0x00, 0x00, 0x00, 0x00, 0x00, // ............
        0x00, 0x00, 0x00, 0x00, 0x00, 0x00, 0x00, 0x00, 0x00, 0x00, 0x00, 0x00, // ............
        0x00, 0x00, 0x00, 0x00, 0x00, 0x00, 0x00, 0x00, 0x00, 0x00, 0x00, 0x00, // ............
    ],
    // 0x3B ';'
    [
        0x00, 0x00, 0x00, 0x00, 0x00, 0x00, 0x00, 0x00, 0x00, 0x00, 0x00, 0x00, // ............
        0x00, 0x00, 0x00, 0x00, 0x00, 0x00, 0x00, 0x00, 0x00, 0x00, 0x00, 0x00, // ............
        0x00, 0x00, 0x00, 0x00, 0x00, 0x00, 0x00, 0x00, 0x00, 0x00, 0x00, 0x00, // ............
        0x00, 0x00, 0x00, 0x00, 0x00, 0x00, 0x00, 0x00, 0x00, 0x00, 0x00, 0x00, // ............
        0x00, 0x00, 0x00, 0x00, 0x00, 0x00, 0x00, 0x00, 0x00, 0x00, 0x00, 0x00, // ............
        0x00, 0x00, 0x00, 0x00, 0x00, 0x00, 0x00, 0x00, 0x00, 0x00, 0x00, 0x00, // ............
        0x00, 0x00, 0x00, 0x00, 0x00, 0x00, 0x00, 0x00, 0x00, 0x00, 0x00, 0x00, // ............
        0x00, 0x00, 0x00, 0x00, 0x00, 0x00, 0x00, 0x00, 0x00, 0x00, 0x00, 0x00, // ............
        0x00, 0x00, 0x00, 0x00, 0x00, 0x3D, 0x37, 0x00, 0x00, 0x00, 0x00, 0x00, // .....::.....
        0x00, 0x00, 0x00, 0x00, 0x71, 0xFF, 0xFF, 0x5C, 0x00, 0x00, 0x00, 0x00, // ....=@@-....
        0x00, 0x00, 0x00, 0x00, 0xAE, 0xFF, 0xFF, 0x98, 0x00, 0x00, 0x00, 0x00, // ....*@@+....
        0x00, 0x00, 0x00, 0x00, 0x50, 0xFA, 0xF6, 0x3F, 0x00, 0x00, 0x00, 0x00, // ....-%%:....
        0x00, 0x00, 0x00, 0x00, 0x00, 0x11, 0x0E, 0x00, 0x00, 0x00, 0x00, 0x00, // ............
        0x00, 0x00, 0x00, 0x00, 0x00, 0x00, 0x00, 0x00, 0x00, 0x00, 0x00, 0x00, // ............
        0x00, 0x00, 0x00, 0x00, 0x00, 0x00, 0x00, 0x00, 0x00, 0x00, 0x00, 0x00, // ............
        0x00, 0x00, 0x00, 0x00, 0x00, 0x00, 0x00, 0x00, 0x00, 0x00, 0x00, 0x00, // ............
        0x00, 0x00, 0x00, 0x00, 0x2B, 0xD5, 0xE0, 0x41, 0x00, 0x00, 0x00, 0x00, // ....:#%-....
        0x00, 0x00, 0x00, 0x00, 0x88, 0xFF, 0xFF, 0xC6, 0x00, 0x00, 0x00, 0x00, // ....+@@#....
        0x00, 0x00, 0x00, 0x00, 0x46, 0xF9, 0xFF, 0xEA, 0x00, 0x00, 0x00, 0x00, // ....-%@%....
        0x00, 0x00, 0x00, 0x00, 0x00, 0x11, 0xAB, 0xDC, 0x00, 0x00, 0x00, 0x00, // ......*#....
        0x00, 0x00, 0x00, 0x00, 0x00, 0x07, 0xE2, 0x9C, 0x00, 0x00, 0x00, 0x00, // ......%+....
        0x00, 0x00, 0x00, 0x00, 0x04, 0x9E, 0xF4, 0x25, 0x00, 0x00, 0x00, 0x00, // .....+%:....
        0x00, 0x00, 0x00, 0x08, 0xCE, 0xED, 0x44, 0x00, 0x00, 0x00, 0x00, 0x00, // ....#%-.....
        0x00, 0x00, 0x00, 0x00, 0x62, 0x15, 0x00, 0x00, 0x00, 0x00, 0x00, 0x00, // ....=.......
    ],
    // 0x3C '<'
    [
        0x00, 0x00, 0x00, 0x00, 0x00, 0x00, 0x00, 0x00, 0x00, 0x00, 0x00, 0x00, // ............
        0x00, 0x00, 0x00, 0x00, 0x00, 0x00, 0x00, 0x00, 0x00, 0x00, 0x00, 0x00, // ............
        0x00, 0x00, 0x00, 0x00, 0x00, 0x00, 0x00, 0x00, 0x00, 0x00, 0x00, 0x00, // ............
        0x00, 0x00, 0x00, 0x00, 0x00, 0x00, 0x00, 0x00, 0x00, 0x00, 0x00, 0x00, // ............
        0x00, 0x00, 0x00, 0x00, 0x00, 0x00, 0x00, 0x00, 0x00, 0x00, 0x00, 0x00, // ............
        0x00, 0x00, 0x00, 0x00, 0x00, 0x00, 0x00, 0x00, 0x00, 0x00, 0x00, 0x00, // ............
        0x00, 0x00, 0x00, 0x00, 0x00, 0x00, 0x00, 0x00, 0x00, 0x00, 0x00, 0x00, // ............
        0x00, 0x00, 0x00, 0x00, 0x00, 0x00, 0x00, 0x00, 0x00, 0x00, 0x02, 0x06, // ............
        0x00, 0x00, 0x00, 0x00, 0x00, 0x00, 0x00, 0x00, 0x1D, 0x7F, 0xE1, 0x2E, // .........=%:
        0x00, 0x00, 0x00, 0x00, 0x00, 0x04, 0x4F, 0xB4, 0xFC, 0xFF, 0xDD, 0x1E, // ......-*%@#.
        0x00, 0x00, 0x00, 0x21, 0x84, 0xE6, 0xFF, 0xF3, 0x9F, 0x3F, 0x01, 0x00, // ...:+%@%+:..
        0x04, 0x55, 0xBA, 0xFD, 0xFE, 0xC0, 0x60, 0x0C, 0x00, 0x00, 0x00, 0x00, // .-*%%#=.....
        0x24, 0xFF, 0xFE, 0x91, 0x22, 0x00, 0x00, 0x00, 0x00, 0x00, 0x00, 0x00, // :@%+:.......
        0x14, 0xCB, 0xFF, 0xF7, 0xA7, 0x48, 0x03, 0x00, 0x00, 0x00, 0x00, 0x00, // .#@%*-......
        0x00, 0x00, 0x30, 0x95, 0xF0, 0xFF, 0xE5, 0x89, 0x2A, 0x00, 0x00, 0x00, // ..:+%@%+:...
        0x00, 0x00, 0x00, 0x00, 0x0A, 0x60, 0xC5, 0xFF, 0xFF, 0xCA, 0x6B, 0x09, // .....=#@@#=.
        0x00, 0x00, 0x00, 0x00, 0x00, 0x00, 0x00, 0x2B, 0x8F, 0xED, 0xFF, 0x2E, // .......:+%@:
        0x00, 0x00, 0x00, 0x00, 0x00, 0x00, 0x00, 0x00, 0x00, 0x08, 0x5A, 0x1B, // ..........-.
        0x00, 0x00, 0x00, 0x00, 0x00, 0x00, 0x00, 0x00, 0x00, 0x00, 0x00, 0x00, // ............
        0x00, 0x00, 0x00, 0x00, 0x00, 0x00, 0x00, 0x00, 0x00, 0x00, 0x00, 0x00, // ............
        0x00, 0x00, 0x00, 0x00, 0x00, 0x00, 0x00, 0x00, 0x00, 0x00, 0x00, 0x00, // ............
        0x00, 0x00, 0x00, 0x00, 0x00, 0x00, 0x00, 0x00, 0x00, 0x00, 0x00, 0x00, // ............
        0x00, 0x00, 0x00, 0x00, 0x00, 0x00, 0x00, 0x00, 0x00, 0x00, 0x00, 0x00, // ............
        0x00, 0x00, 0x00, 0x00, 0x00, 0x00, 0x00, 0x00, 0x00, 0x00, 0x00, 0x00, // ............
    ],
    // 0x3D '='
    [
        0x00, 0x00, 0x00, 0x00, 0x00, 0x00, 0x00, 0x00, 0x00, 0x00, 0x00, 0x00, // ............
        0x00, 0x00, 0x00, 0x00, 0x00, 0x00, 0x00, 0x00, 0x00, 0x00, 0x00, 0x00, // ............
        0x00, 0x00, 0x00, 0x00, 0x00, 0x00, 0x00, 0x00, 0x00, 0x00, 0x00, 0x00, // ............
        0x00, 0x00, 0x00, 0x00, 0x00, 0x00, 0x00, 0x00, 0x00, 0x00, 0x00, 0x00, // ............
        0x00, 0x00, 0x00, 0x00, 0x00, 0x00, 0x00, 0x00, 0x00, 0x00, 0x00, 0x00, // ............
        0x00, 0x00, 0x00, 0x00, 0x00, 0x00, 0x00, 0x00, 0x00, 0x00, 0x00, 0x00, // ............
        0x00, 0x00, 0x00, 0x00, 0x00, 0x00, 0x00, 0x00, 0x00, 0x00, 0x00, 0x00, // ............
        0x00, 0x00, 0x00, 0x00, 0x00, 0x00, 0x00, 0x00, 0x00, 0x00, 0x00, 0x00, // ............
        0x00, 0x00, 0x00, 0x00, 0x00, 0x00, 0x00, 0x00, 0x00, 0x00, 0x00, 0x00, // ............
        0x02, 0x10, 0x10, 0x10, 0x10, 0x10, 0x10, 0x10, 0x10, 0x10, 0x10, 0x03, // ............
        0x24, 0xFF, 0xFF, 0xFF, 0xFF, 0xFF, 0xFF, 0xFF, 0xFF, 0xFF, 0xFF, 0x2E, // :@@@@@@@@@@:
        0x14, 0x8F, 0x8F, 0x8F, 0x8F, 0x8F, 0x8F, 0x8F, 0x8F, 0x8F, 0x8F, 0x1A, // .++++++++++.
        0x00, 0x00, 0x00, 0x00, 0x00, 0x00, 0x00, 0x00, 0x00, 0x00, 0x00, 0x00, // ............
        0x04, 0x20, 0x20, 0x20, 0x20, 0x20, 0x20, 0x20, 0x20, 0x20, 0x20, 0x06, // .::::::::::.
        0x24, 0xFF, 0xFF, 0xFF, 0xFF, 0xFF, 0xFF, 0xFF, 0xFF, 0xFF, 0xFF, 0x2E, // :@@@@@@@@@@:
        0x14, 0x8F, 0x8F, 0x8F, 0x8F, 0x8F, 0x8F, 0x8F, 0x8F, 0x8F, 0x8F, 0x1A, // .++++++++++.
        0x00, 0x00, 0x00, 0x00, 0x00, 0x00, 0x00, 0x00, 0x00, 0x00, 0x00, 0x00, // ............
        0x00, 0x00, 0x00, 0x00, 0x00, 0x00, 0x00, 0x00, 0x00, 0x00, 0x00, 0x00, // ............
        0x00, 0x00, 0x00, 0x00, 0x00, 0x00, 0x00, 0x00, 0x00, 0x00, 0x00, 0x00, // ............
        0x00, 0x00, 0x00, 0x00, 0x00, 0x00, 0x00, 0x00, 0x00, 0x00, 0x00, 0x00, // ............
        0x00, 0x00, 0x00, 0x00, 0x00, 0x00, 0x00, 0x00, 0x00, 0x00, 0x00, 0x00, // ............
        0x00, 0x00, 0x00, 0x00, 0x00, 0x00, 0x00, 0x00, 0x00, 0x00, 0x00, 0x00, // ............
        0x00, 0x00, 0x00, 0x00, 0x00, 0x00, 0x00, 0x00, 0x00, 0x00, 0x00, 0x00, // ............
        0x00, 0x00, 0x00, 0x00, 0x00, 0x00, 0x00, 0x00, 0x00, 0x00, 0x00, 0x00, // ............
    ],
    // 0x3E '>'
    [
        0x00, 0x00, 0x00, 0x00, 0x00, 0x00, 0x00, 0x00, 0x00, 0x00, 0x00, 0x00, // ............
        0x00, 0x00, 0x00, 0x00, 0x00, 0x00, 0x00, 0x00, 0x00, 0x00, 0x00, 0x00, // ............
        0x00, 0x00, 0x00, 0x00, 0x00, 0x00, 0x00, 0x00, 0x00, 0x00, 0x00, 0x00, // ............
        0x00, 0x00, 0x00, 0x00, 0x00, 0x00, 0x00, 0x00, 0x00, 0x00, 0x00, 0x00, // ............
        0x00, 0x00, 0x00, 0x00, 0x00, 0x00, 0x00, 0x00, 0x00, 0x00, 0x00, 0x00, // ............
        0x00, 0x00, 0x00, 0x00, 0x00, 0x00, 0x00, 0x00, 0x00, 0x00, 0x00, 0x00, // ............
        0x00, 0x00, 0x00, 0x00, 0x00, 0x00, 0x00, 0x00, 0x00, 0x00, 0x00, 0x00, // ............
        0x05, 0x04, 0x00, 0x00, 0x00, 0x00, 0x00, 0x00, 0x00, 0x00, 0x00, 0x00, // ............
        0x24, 0xE4, 0x83, 0x20, 0x00, 0x00, 0x00, 0x00, 0x00, 0x00, 0x00, 0x00, // :%+:........
        0x17, 0xDA, 0xFF, 0xFD, 0xB8, 0x53, 0x05, 0x00, 0x00, 0x00, 0x00, 0x00, // .#@%*-......
        0x00, 0x01, 0x3B, 0x9B, 0xF1, 0xFF, 0xE8, 0x89, 0x25, 0x00, 0x00, 0x00, // ..:+%@%+:...
        0x00, 0x00, 0x00, 0x00, 0x0A, 0x5C, 0xBC, 0xFD, 0xFE, 0xBE, 0x59, 0x05, // .....-*%%*-.
        0x00, 0x00, 0x00, 0x00, 0x00, 0x00, 0x00, 0x1F, 0x8B, 0xFD, 0xFF, 0x2E, // ........+%@:
        0x00, 0x00, 0x00, 0x00, 0x00, 0x02, 0x44, 0xA3, 0xF5, 0xFF, 0xCF, 0x1B, // ......-*%@#.
        0x00, 0x00, 0x00, 0x26, 0x85, 0xE2, 0xFF, 0xF2, 0x9A, 0x34, 0x00, 0x00, // ...:+%@%+:..
        0x07, 0x67, 0xC6, 0xFF, 0xFF, 0xC9, 0x64, 0x0C, 0x00, 0x00, 0x00, 0x00, // .=#@@#=.....
        0x24, 0xFF, 0xEF, 0x93, 0x2F, 0x00, 0x00, 0x00, 0x00, 0x00, 0x00, 0x00, // :@%+:.......
        0x15, 0x5E, 0x09, 0x00, 0x00, 0x00, 0x00, 0x00, 0x00, 0x00, 0x00, 0x00, // .-..........
        0x00, 0x00, 0x00, 0x00, 0x00, 0x00, 0x00, 0x00, 0x00, 0x00, 0x00, 0x00, // ............
        0x00, 0x00, 0x00, 0x00, 0x00, 0x00, 0x00, 0x00, 0x00, 0x00, 0x00, 0x00, // ............
        0x00, 0x00, 0x00, 0x00, 0x00, 0x00, 0x00, 0x00, 0x00, 0x00, 0x00, 0x00, // ............
        0x00, 0x00, 0x00, 0x00, 0x00, 0x00, 0x00, 0x00, 0x00, 0x00, 0x00, 0x00, // ............
        0x00, 0x00, 0x00, 0x00, 0x00, 0x00, 0x00, 0x00, 0x00, 0x00, 0x00, 0x00, // ............
        0x00, 0x00, 0x00, 0x00, 0x00, 0x00, 0x00, 0x00, 0x00, 0x00, 0x00, 0x00, // ............
    ],
    // 0x3F '?'
    [
        0x00, 0x00, 0x00, 0x00, 0x00, 0x00, 0x00, 0x00, 0x00, 0x00, 0x00, 0x00, // ............
        0x00, 0x00, 0x00, 0x00, 0x00, 0x00, 0x00, 0x00, 0x00, 0x00, 0x00, 0x00, // ............
        0x00, 0x00, 0x00, 0x00, 0x00, 0x00, 0x00, 0x00, 0x00, 0x00, 0x00, 0x00, // ............
        0x00, 0x00, 0x00, 0x00, 0x00, 0x00, 0x00, 0x00, 0x00, 0x00, 0x00, 0x00, // ............
        0x00, 0x00, 0x06, 0x61, 0xB6, 0xE3, 0xE9, 0xC3, 0x60, 0x01, 0x00, 0x00, // ...=*%%#=...
        0x00, 0x00, 0x96, 0xFF, 0xE7, 0xB4, 0xC0, 0xFB, 0xFF, 0x81, 0x00, 0x00, // ..+@%*#%@+..
        0x00, 0x00, 0x80, 0x57, 0x03, 0x00, 0x00, 0x3E, 0xFD, 0xF7, 0x0A, 0x00, // ..+-...:%%..
        0x00, 0x00, 0x00, 0x00, 0x00, 0x00, 0x00, 0x00, 0xD6, 0xFF, 0x25, 0x00, // ........#@:.
        0x00, 0x00, 0x00, 0x00, 0x00, 0x00, 0x00, 0x19, 0xF6, 0xF2, 0x09, 0x00, // ........%%..
        0x00, 0x00, 0x00, 0x00, 0x00, 0x00, 0x0F, 0xCA, 0xFF, 0x6B, 0x00, 0x00, // .......#@=..
        0x00, 0x00, 0x00, 0x00, 0x00, 0x0D, 0xC9, 0xFF, 0x85, 0x00, 0x00, 0x00, // ......#@+...
        0x00, 0x00, 0x00, 0x00, 0x00, 0xA6, 0xFF, 0x85, 0x00, 0x00, 0x00, 0x00, // .....*@+....
        0x00, 0x00, 0x00, 0x00, 0x15, 0xFD, 0xD1, 0x01, 0x00, 0x00, 0x00, 0x00, // .....%#.....
        0x00, 0x00, 0x00, 0x00, 0x2C, 0xFF, 0xAD, 0x00, 0x00, 0x00, 0x00, 0x00, // ....:@*.....
        0x00, 0x00, 0x00, 0x00, 0x11, 0x60, 0x41, 0x00, 0x00, 0x00, 0x00, 0x00, // .....=-.....
        0x00, 0x00, 0x00, 0x00, 0x00, 0x00, 0x00, 0x00, 0x00, 0x00, 0x00, 0x00, // ............
        0x00, 0x00, 0x00, 0x00, 0x13, 0x84, 0x59, 0x00, 0x00, 0x00, 0x00, 0x00, // .....+-.....
        0x00, 0x00, 0x00, 0x00, 0x92, 0xFF, 0xFE, 0x23, 0x00, 0x00, 0x00, 0x00, // ....+@%:....
        0x00, 0x00, 0x00, 0x00, 0x80, 0xFF, 0xF7, 0x18, 0x00, 0x00, 0x00, 0x00, // ....+@%.....
        0x00, 0x00, 0x00, 0x00, 0x04, 0x54, 0x2F, 0x00, 0x00, 0x00, 0x00, 0x00, // .....-:.....
        0x00, 0x00, 0x00, 0x00, 0x00, 0x00, 0x00, 0x00, 0x00, 0x00, 0x00, 0x00, // ............
        0x00, 0x00, 0x00, 0x00, 0x00, 0x00, 0x00, 0x00, 0x00, 0x00, 0x00, 0x00, // ............
        0x00, 0x00, 0x00, 0x00, 0x00, 0x00, 0x00, 0x00, 0x00, 0x00, 0x00, 0x00, // ............
        0x00, 0x00, 0x00, 0x00, 0x00, 0x00, 0x00, 0x00, 0x00, 0x00, 0x00, 0x00, // ............
    ],
    // 0x40 '@'
    [
        0x00, 0x00, 0x00, 0x00, 0x00, 0x00, 0x00, 0x00, 0x00, 0x00, 0x00, 0x00, // ............
        0x00, 0x00, 0x00, 0x00, 0x00, 0x00, 0x00, 0x00, 0x00, 0x00, 0x00, 0x00, // ............
        0x00, 0x00, 0x00, 0x00, 0x00, 0x00, 0x00, 0x00, 0x00, 0x00, 0x00, 0x00, // ............
        0x00, 0x00, 0x00, 0x00, 0x00, 0x00, 0x00, 0x00, 0x00, 0x00, 0x00, 0x00, // ............
        0x00, 0x00, 0x00, 0x00, 0x00, 0x00, 0x00, 0x00, 0x00, 0x00, 0x00, 0x00, // ............
        0x00, 0x00, 0x00, 0x00, 0x28, 0x77, 0x9B, 0x98, 0x67, 0x0F, 0x00, 0x00, // ....:=++=...
        0x00, 0x00, 0x0C, 0xA2, 0xFE, 0xF1, 0xC7, 0xD1, 0xFD, 0xE7, 0x30, 0x00, // ...*%%##%%:.
        0x00, 0x06, 0xC2, 0xF5, 0x69, 0x06, 0x00, 0x00, 0x26, 0xD9, 0xDC, 0x05, // ..#%=...:##.
        0x00, 0x80, 0xFD, 0x46, 0x00, 0x00, 0x00, 0x00, 0x00, 0x3C, 0xFF, 0x49, // .+%-.....:@-
        0x0D, 0xF2, 0x9B, 0x00, 0x00, 0x03, 0x51, 0x7F, 0x65, 0x0D, 0xF2, 0x77, // .%+...-==.%=
        0x56, 0xFF, 0x2F, 0x00, 0x08, 0xBD, 0xFF, 0xF2, 0xF9, 0xD6, 0xEE, 0x80, // -@:..*@%%#%+
        0x8E, 0xEA, 0x00, 0x00, 0x7E, 0xFE, 0x62, 0x01, 0x0B, 0xA6, 0xFF, 0x80, // +%..=%=..*@+
        0xAE, 0xC6, 0x00, 0x00, 0xD8, 0xB9, 0x00, 0x00, 0x00, 0x11, 0xFA, 0x80, // *#..#*....%+
        0xBA, 0xB9, 0x00, 0x00, 0xF6, 0x8C, 0x00, 0x00, 0x00, 0x00, 0xE0, 0x80, // **..%+....%+
        0xB4, 0xC1, 0x00, 0x00, 0xE8, 0xA0, 0x00, 0x00, 0x00, 0x03, 0xF1, 0x80, // *#..%*....%+
        0x9A, 0xDE, 0x00, 0x00, 0xA6, 0xEF, 0x1C, 0x00, 0x00, 0x60, 0xFF, 0x80, // +#..*%...=@+
        0x68, 0xFE, 0x1B, 0x00, 0x27, 0xF0, 0xE7, 0x96, 0xA6, 0xF5, 0xF7, 0x80, // =%..:%%+*%%+
        0x1C, 0xFC, 0x7B, 0x00, 0x00, 0x2B, 0xAC, 0xDC, 0xC2, 0x45, 0x9E, 0x58, // .%=..:*##-+-
        0x00, 0xA2, 0xF1, 0x23, 0x00, 0x00, 0x00, 0x00, 0x00, 0x00, 0x00, 0x00, // .*%:........
        0x00, 0x16, 0xE3, 0xDC, 0x2C, 0x00, 0x00, 0x00, 0x00, 0x00, 0x00, 0x00, // ..%#:.......
        0x00, 0x00, 0x26, 0xD8, 0xFA, 0xA6, 0x60, 0x50, 0x5C, 0x81, 0x00, 0x00, // ..:#%*=--+..
        0x00, 0x00, 0x00, 0x09, 0x70, 0xCC, 0xFC, 0xFF, 0xFF, 0xE0, 0x14, 0x00, // ....=#%@@%..
        0x00, 0x00, 0x00, 0x00, 0x00, 0x00, 0x07, 0x1D, 0x13, 0x00, 0x00, 0x00, // ............
        0x00, 0x00, 0x00, 0x00, 0x00, 0x00, 0x00, 0x00, 0x00, 0x00, 0x00, 0x00, // ............
    ],
    // 0x41 'A'
    [
        0x00, 0x00, 0x00, 0x00, 0x00, 0x00, 0x00, 0x00, 0x00, 0x00, 0x00, 0x00, // ............
        0x00, 0x00, 0x00, 0x00, 0x00, 0x00, 0x00, 0x00, 0x00, 0x00, 0x00, 0x00, // ............
        0x00, 0x00, 0x00, 0x00, 0x00, 0x00, 0x00, 0x00, 0x00, 0x00, 0x00, 0x00, // ............
        0x00, 0x00, 0x00, 0x00, 0x00, 0x00, 0x00, 0x00, 0x00, 0x00, 0x00, 0x00, // ............
        0x00, 0x00, 0x00, 0x00, 0x26, 0x8F, 0x8F, 0x2C, 0x00, 0x00, 0x00, 0x00, // ....:++:....
        0x00, 0x00, 0x00, 0x00, 0x81, 0xFF, 0xFF, 0x8C, 0x00, 0x00, 0x00, 0x00, // ....+@@+....
        0x00, 0x00, 0x00, 0x00, 0xCF, 0xE9, 0xE3, 0xDA, 0x00, 0x00, 0x00, 0x00, // ....#%%#....
        0x00, 0x00, 0x00, 0x1F, 0xFF, 0xA4, 0x9C, 0xFF, 0x29, 0x00, 0x00, 0x00, // ....@*+@:...
        0x00, 0x00, 0x00, 0x6C, 0xFF, 0x5C, 0x55, 0xFF, 0x77, 0x00, 0x00, 0x00, // ...=@--@=...
        0x00, 0x00, 0x00, 0xBA, 0xFE, 0x17, 0x11, 0xFC, 0xC5, 0x00, 0x00, 0x00, // ...*%..%#...
        0x00, 0x00, 0x0F, 0xF9, 0xCD, 0x00, 0x00, 0xC5, 0xFD, 0x16, 0x00, 0x00, // ...%#..#%...
        0x00, 0x00, 0x57, 0xFF, 0x86, 0x00, 0x00, 0x7E, 0xFF, 0x62, 0x00, 0x00, // ..-@+..=@=..
        0x00, 0x00, 0xA6, 0xFF, 0x3F, 0x00, 0x00, 0x37, 0xFF, 0xB0, 0x00, 0x00, // ..*@:..:@*..
        0x00, 0x05, 0xEF, 0xFD, 0x65, 0x60, 0x60, 0x62, 0xFB, 0xF5, 0x09, 0x00, // ..%%====%%..
        0x00, 0x43, 0xFF, 0xFF, 0xFF, 0xFF, 0xFF, 0xFF, 0xFF, 0xFF, 0x4D, 0x00, // .-@@@@@@@@-.
        0x00, 0x91, 0xFF, 0x78, 0x30, 0x30, 0x30, 0x30, 0x73, 0xFF, 0x9B, 0x00, // .+@=::::=@+.
        0x00, 0xDE, 0xFE, 0x19, 0x00, 0x00, 0x00, 0x00, 0x14, 0xFD, 0xE7, 0x02, // .#%......%%.
        0x2E, 0xFF, 0xD1, 0x00, 0x00, 0x00, 0x00, 0x00, 0x00, 0xC8, 0xFF, 0x38, // :@#......#@:
        0x7C, 0xFF, 0x8A, 0x00, 0x00, 0x00, 0x00, 0x00, 0x00, 0x80, 0xFF, 0x86, // =@+......+@+
        0x00, 0x00, 0x00, 0x00, 0x00, 0x00, 0x00, 0x00, 0x00, 0x00, 0x00, 0x00, // ............
        0x00, 0x00, 0x00, 0x00, 0x00, 0x00, 0x00, 0x00, 0x00, 0x00, 0x00, 0x00, // ............
        0x00, 0x00, 0x00, 0x00, 0x00, 0x00, 0x00, 0x00, 0x00, 0x00, 0x00, 0x00, // ............
        0x00, 0x00, 0x00, 0x00, 0x00, 0x00, 0x00, 0x00, 0x00, 0x00, 0x00, 0x00, // ............
        0x00, 0x00, 0x00, 0x00, 0x00, 0x00, 0x00, 0x00, 0x00, 0x00, 0x00, 0x00, // ............
    ],
    // 0x42 'B'
    [
        0x00, 0x00, 0x00, 0x00, 0x00, 0x00, 0x00, 0x00, 0x00, 0x00, 0x00, 0x00, // ............
        0x00, 0x00, 0x00, 0x00, 0x00, 0x00, 0x00, 0x00, 0x00, 0x00, 0x00, 0x00, // ............
        0x00, 0x00, 0x00, 0x00, 0x00, 0x00, 0x00, 0x00, 0x00, 0x00, 0x00, 0x00, // ............
        0x00, 0x00, 0x00, 0x00, 0x00, 0x00, 0x00, 0x00, 0x00, 0x00, 0x00, 0x00, // ............
        0x00, 0x36, 0x8F, 0x8F, 0x8F, 0x8F, 0x8D, 0x6D, 0x21, 0x00, 0x00, 0x00, // .:+++++=:...
        0x00, 0x61, 0xFF, 0xFF, 0xFF, 0xFF, 0xFF, 0xFF, 0xFB, 0x7B, 0x00, 0x00, // .=@@@@@@%=..
        0x00, 0x61, 0xFF, 0xA0, 0x10, 0x10, 0x14, 0x4B, 0xE7, 0xFF, 0x3F, 0x00, // .=@*...-%@:.
        0x00, 0x61, 0xFF, 0x9A, 0x00, 0x00, 0x00, 0x00, 0x7A, 0xFF, 0x8A, 0x00, // .=@+....=@+.
        0x00, 0x61, 0xFF, 0x9A, 0x00, 0x00, 0x00, 0x00, 0x6D, 0xFF, 0x92, 0x00, // .=@+....=@+.
        0x00, 0x61, 0xFF, 0x9A, 0x00, 0x00, 0x00, 0x03, 0xBD, 0xFF, 0x5B, 0x00, // .=@+....*@-.
        0x00, 0x61, 0xFF, 0xD3, 0x8F, 0x8F, 0x99, 0xD7, 0xFE, 0x9E, 0x03, 0x00, // .=@#+++#%+..
        0x00, 0x61, 0xFF, 0xFF, 0xFF, 0xFF, 0xFF, 0xFF, 0xCA, 0x45, 0x00, 0x00, // .=@@@@@@#-..
        0x00, 0x61, 0xFF, 0xA0, 0x10, 0x10, 0x13, 0x43, 0xCE, 0xFE, 0x55, 0x00, // .=@*...-#%-.
        0x00, 0x61, 0xFF, 0x9A, 0x00, 0x00, 0x00, 0x00, 0x20, 0xFE, 0xDC, 0x00, // .=@+....:%#.
        0x00, 0x61, 0xFF, 0x9A, 0x00, 0x00, 0x00, 0x00, 0x00, 0xE5, 0xFF, 0x12, // .=@+.....%@.
        0x00, 0x61, 0xFF, 0x9A, 0x00, 0x00, 0x00, 0x00, 0x02, 0xF1, 0xFF, 0x12, // .=@+.....%@.
        0x00, 0x61, 0xFF, 0x9A, 0x00, 0x00, 0x00, 0x00, 0x67, 0xFF, 0xDA, 0x00, // .=@+....=@#.
        0x00, 0x61, 0xFF, 0xD9, 0x9F, 0x9F, 0xA4, 0xCF, 0xFF, 0xFA, 0x4B, 0x00, // .=@#++*#@%-.
        0x00, 0x61, 0xFF, 0xFF, 0xFF, 0xFF, 0xFB, 0xE1, 0xA3, 0x31, 0x00, 0x00, // .=@@@@%%*:..
        0x00, 0x00, 0x00, 0x00, 0x00, 0x00, 0x00, 0x00, 0x00, 0x00, 0x00, 0x00, // ............
        0x00, 0x00, 0x00, 0x00, 0x00, 0x00, 0x00, 0x00, 0x00, 0x00, 0x00, 0x00, // ............
        0x00, 0x00, 0x00, 0x00, 0x00, 0x00, 0x00, 0x00, 0x00, 0x00, 0x00, 0x00, // ............
        0x00, 0x00, 0x00, 0x00, 0x00, 0x00, 0x00, 0x00, 0x00, 0x00, 0x00, 0x00, // ............
        0x00, 0x00, 0x00, 0x00, 0x00, 0x00, 0x00, 0x00, 0x00, 0x00, 0x00, 0x00, // ............
    ],
    // 0x43 'C'
    [
        0x00, 0x00, 0x00, 0x00, 0x00, 0x00, 0x00, 0x00, 0x00, 0x00, 0x00, 0x00, // ............
        0x00, 0x00, 0x00, 0x00, 0x00, 0x00, 0x00, 0x00, 0x00, 0x00, 0x00, 0x00, // ............
        0x00, 0x00, 0x00, 0x00, 0x00, 0x00, 0x00, 0x00, 0x00, 0x00, 0x00, 0x00, // ............
        0x00, 0x00, 0x00, 0x00, 0x00, 0x00, 0x00, 0x00, 0x00, 0x00, 0x00, 0x00, // ............
        0x00, 0x00, 0x00, 0x00, 0x30, 0x98, 0xCA, 0xCF, 0xBE, 0x7B, 0x14, 0x00, // ....:+##*=..
        0x00, 0x00, 0x00, 0x73, 0xFC, 0xFE, 0xD4, 0xC4, 0xED, 0xFF, 0x7A, 0x00, // ...=%%##%@=.
        0x00, 0x00, 0x50, 0xFF, 0xE2, 0x32, 0x00, 0x00, 0x03, 0x56, 0x61, 0x00, // ..-@%:...-=.
        0x00, 0x02, 0xDA, 0xFF, 0x3E, 0x00, 0x00, 0x00, 0x00, 0x00, 0x00, 0x00, // ..#@:.......
        0x00, 0x3A, 0xFF, 0xD2, 0x00, 0x00, 0x00, 0x00, 0x00, 0x00, 0x00, 0x00, // .:@#........
        0x00, 0x74, 0xFF, 0x96, 0x00, 0x00, 0x00, 0x00, 0x00, 0x00, 0x00, 0x00, // .=@+........
        0x00, 0x95, 0xFF, 0x77, 0x00, 0x00, 0x00, 0x00, 0x00, 0x00, 0x00, 0x00, // .+@=........
        0x00, 0xA2, 0xFF, 0x6C, 0x00, 0x00, 0x00, 0x00, 0x00, 0x00, 0x00, 0x00, // .*@=........
        0x00, 0x9D, 0xFF, 0x73, 0x00, 0x00, 0x00, 0x00, 0x00, 0x00, 0x00, 0x00, // .+@=........
        0x00, 0x87, 0xFF, 0x88, 0x00, 0x00, 0x00, 0x00, 0x00, 0x00, 0x00, 0x00, // .+@+........
        0x00, 0x59, 0xFF, 0xB6, 0x00, 0x00, 0x00, 0x00, 0x00, 0x00, 0x00, 0x00, // .-@*........
        0x00, 0x14, 0xF9, 0xF6, 0x14, 0x00, 0x00, 0x00, 0x00, 0x00, 0x00, 0x00, // ..%%........
        0x00, 0x00, 0x9B, 0xFF, 0xA3, 0x02, 0x00, 0x00, 0x00, 0x06, 0x2B, 0x00, // ..+@*.....:.
        0x00, 0x00, 0x11, 0xD8, 0xFF, 0xC4, 0x6A, 0x54, 0x7F, 0xDE, 0x7A, 0x00, // ...#@#=-=#=.
        0x00, 0x00, 0x00, 0x15, 0xA4, 0xFA, 0xFF, 0xFF, 0xFF, 0xE5, 0x49, 0x00, // ....*%@@@%-.
        0x00, 0x00, 0x00, 0x00, 0x00, 0x10, 0x3B, 0x43, 0x2C, 0x02, 0x00, 0x00, // ......:-:...
        0x00, 0x00, 0x00, 0x00, 0x00, 0x00, 0x00, 0x00, 0x00, 0x00, 0x00, 0x00, // ............
        0x00, 0x00, 0x00, 0x00, 0x00, 0x00, 0x00, 0x00, 0x00, 0x00, 0x00, 0x00, // ............
        0x00, 0x00, 0x00, 0x00, 0x00, 0x00, 0x00, 0x00, 0x00, 0x00, 0x00, 0x00, // ............
        0x00, 0x00, 0x00, 0x00, 0x00, 0x00, 0x00, 0x00, 0x00, 0x00, 0x00, 0x00, // ............
    ],
    // 0x44 'D'
    [
        0x00, 0x00, 0x00, 0x00, 0x00, 0x00, 0x00, 0x00, 0x00, 0x00, 0x00, 0x00, // ............
        0x00, 0x00, 0x00, 0x00, 0x00, 0x00, 0x00, 0x00, 0x00, 0x00, 0x00, 0x00, // ............
        0x00, 0x00, 0x00, 0x00, 0x00, 0x00, 0x00, 0x00, 0x00, 0x00, 0x00, 0x00, // ............
        0x00, 0x00, 0x00, 0x00, 0x00, 0x00, 0x00, 0x00, 0x00, 0x00, 0x00, 0x00, // ............
        0x00, 0x5F, 0x8F, 0x8F, 0x8F, 0x82, 0x54, 0x0E, 0x00, 0x00, 0x00, 0x00, // .-++++-.....
        0x00, 0xA9, 0xFF, 0xFF, 0xFF, 0xFF, 0xFF, 0xF1, 0x6D, 0x00, 0x00, 0x00, // .*@@@@@%=...
        0x00, 0xA9, 0xFF, 0x5D, 0x10, 0x23, 0x67, 0xE5, 0xFF, 0x70, 0x00, 0x00, // .*@-.:=%@=..
        0x00, 0xA9, 0xFF, 0x52, 0x00, 0x00, 0x00, 0x25, 0xF7, 0xF5, 0x14, 0x00, // .*@-...:%%..
        0x00, 0xA9, 0xFF, 0x52, 0x00, 0x00, 0x00, 0x00, 0xA8, 0xFF, 0x67, 0x00, // .*@-....*@=.
        0x00, 0xA9, 0xFF, 0x52, 0x00, 0x00, 0x00, 0x00, 0x6F, 0xFF, 0xA0, 0x00, // .*@-....=@*.
        0x00, 0xA9, 0xFF, 0x52, 0x00, 0x00, 0x00, 0x00, 0x52, 0xFF, 0xBF, 0x00, // .*@-....-@*.
        0x00, 0xA9, 0xFF, 0x52, 0x00, 0x00, 0x00, 0x00, 0x49, 0xFF, 0xCA, 0x00, // .*@-....-@#.
        0x00, 0xA9, 0xFF, 0x52, 0x00, 0x00, 0x00, 0x00, 0x4D, 0xFF, 0xC6, 0x00, // .*@-....-@#.
        0x00, 0xA9, 0xFF, 0x52, 0x00, 0x00, 0x00, 0x00, 0x61, 0xFF, 0xB0, 0x00, // .*@-....=@*.
        0x00, 0xA9, 0xFF, 0x52, 0x00, 0x00, 0x00, 0x00, 0x8D, 0xFF, 0x83, 0x00, // .*@-....+@+.
        0x00, 0xA9, 0xFF, 0x52, 0x00, 0x00, 0x00, 0x05, 0xDF, 0xFF, 0x36, 0x00, // .*@-....#@:.
        0x00, 0xA9, 0xFF, 0x52, 0x00, 0x00, 0x0C, 0xA0, 0xFF, 0xBA, 0x00, 0x00, // .*@-...*@*..
        0x00, 0xA9, 0xFF, 0xBE, 0x9F, 0xB9, 0xF1, 0xFF, 0xD1, 0x17, 0x00, 0x00, // .*@*+*%@#...
        0x00, 0xA9, 0xFF, 0xFF, 0xFF, 0xEC, 0xBF, 0x6B, 0x07, 0x00, 0x00, 0x00, // .*@@@%*=....
        0x00, 0x00, 0x00, 0x00, 0x00, 0x00, 0x00, 0x00, 0x00, 0x00, 0x00, 0x00, // ............
        0x00, 0x00, 0x00, 0x00, 0x00, 0x00, 0x00, 0x00, 0x00, 0x00, 0x00, 0x00, // ............
        0x00, 0x00, 0x00, 0x00, 0x00, 0x00, 0x00, 0x00, 0x00, 0x00, 0x00, 0x00, // ............
        0x00, 0x00, 0x00, 0x00, 0x00, 0x00, 0x00, 0x00, 0x00, 0x00, 0x00, 0x00, // ............
        0x00, 0x00, 0x00, 0x00, 0x00, 0x00, 0x00, 0x00, 0x00, 0x00, 0x00, 0x00, // ............
    ],
    // 0x45 'E'
    [
        0x00, 0x00, 0x00, 0x00, 0x00, 0x00, 0x00, 0x00, 0x00, 0x00, 0x00, 0x00, // ............
        0x00, 0x00, 0x00, 0x00, 0x00, 0x00, 0x00, 0x00, 0x00, 0x00, 0x00, 0x00, // ............
        0x00, 0x00, 0x00, 0x00, 0x00, 0x00, 0x00, 0x00, 0x00, 0x00, 0x00, 0x00, // ............
        0x00, 0x00, 0x00, 0x00, 0x00, 0x00, 0x00, 0x00, 0x00, 0x00, 0x00, 0x00, // ............
        0x00, 0x0B, 0x8F, 0x8F, 0x8F, 0x8F, 0x8F, 0x8F, 0x8F, 0x8F, 0x53, 0x00, // ..++++++++-.
        0x00, 0x13, 0xFF, 0xFF, 0xFF, 0xFF, 0xFF, 0xFF, 0xFF, 0xFF, 0x93, 0x00, // ..@@@@@@@@+.
        0x00, 0x13, 0xFF, 0xE6, 0x10, 0x10, 0x10, 0x10, 0x10, 0x10, 0x09, 0x00, // ..@%........
        0x00, 0x13, 0xFF, 0xE5, 0x00, 0x00, 0x00, 0x00, 0x00, 0x00, 0x00, 0x00, // ..@%........
        0x00, 0x13, 0xFF, 0xE5, 0x00, 0x00, 0x00, 0x00, 0x00, 0x00, 0x00, 0x00, // ..@%........
        0x00, 0x13, 0xFF, 0xE5, 0x00, 0x00, 0x00, 0x00, 0x00, 0x00, 0x00, 0x00, // ..@%........
        0x00, 0x13, 0xFF, 0xF5, 0x9F, 0x9F, 0x9F, 0x9F, 0x9F, 0x9F, 0x2D, 0x00, // ..@%++++++:.
        0x00, 0x13, 0xFF, 0xFF, 0xFF, 0xFF, 0xFF, 0xFF, 0xFF, 0xFF, 0x48, 0x00, // ..@@@@@@@@-.
        0x00, 0x13, 0xFF, 0xE6, 0x10, 0x10, 0x10, 0x10, 0x10, 0x10, 0x05, 0x00, // ..@%........
        0x00, 0x13, 0xFF, 0xE5, 0x00, 0x00, 0x00, 0x00, 0x00, 0x00, 0x00, 0x00, // ..@%........
        0x00, 0x13, 0xFF, 0xE5, 0x00, 0x00, 0x00, 0x00, 0x00, 0x00, 0x00, 0x00, // ..@%........
        0x00, 0x13, 0xFF, 0xE5, 0x00, 0x00, 0x00, 0x00, 0x00, 0x00, 0x00, 0x00, // ..@%........
        0x00, 0x13, 0xFF, 0xE5, 0x00, 0x00, 0x00, 0x00, 0x00, 0x00, 0x00, 0x00, // ..@%........
        0x00, 0x13, 0xFF, 0xF7, 0xAF, 0xAF, 0xAF, 0xAF, 0xAF, 0xAF, 0x86, 0x00, // ..@%******+.
        0x00, 0x13, 0xFF, 0xFF, 0xFF, 0xFF, 0xFF, 0xFF, 0xFF, 0xFF, 0xC2, 0x00, // ..@@@@@@@@#.
        0x00, 0x00, 0x00, 0x00, 0x00, 0x00, 0x00, 0x00, 0x00, 0x00, 0x00, 0x00, // ............
        0x00, 0x00, 0x00, 0x00, 0x00, 0x00, 0x00, 0x00, 0x00, 0x00, 0x00, 0x00, // ............
        0x00, 0x00, 0x00, 0x00, 0x00, 0x00, 0x00, 0x00, 0x00, 0x00, 0x00, 0x00, // ............
        0x00, 0x00, 0x00, 0x00, 0x00, 0x00, 0x00, 0x00, 0x00, 0x00, 0x00, 0x00, // ............
        0x00, 0x00, 0x00, 0x00, 0x00, 0x00, 0x00, 0x00, 0x00, 0x00, 0x00, 0x00, // ............
    ],
    // 0x46 'F'
    [
        0x00, 0x00, 0x00, 0x00, 0x00, 0x00, 0x00, 0x00, 0x00, 0x00, 0x00, 0x00, // ............
        0x00, 0x00, 0x00, 0x00, 0x00, 0x00, 0x00, 0x00, 0x00, 0x00, 0x00, 0x00, // ............
        0x00, 0x00, 0x00, 0x00, 0x00, 0x00, 0x00, 0x00, 0x00, 0x00, 0x00, 0x00, // ............
        0x00, 0x00, 0x00, 0x00, 0x00, 0x00, 0x00, 0x00, 0x00, 0x00, 0x00, 0x00, // ............
        0x00, 0x00, 0x68, 0x8F, 0x8F, 0x8F, 0x8F, 0x8F, 0x8F, 0x8F, 0x7B, 0x00, // ..=+++++++=.
        0x00, 0x00, 0xB9, 0xFF, 0xFF, 0xFF, 0xFF, 0xFF, 0xFF, 0xFF, 0xDB, 0x00, // ..*@@@@@@@#.
        0x00, 0x00, 0xB9, 0xFF, 0x4E, 0x10, 0x10, 0x10, 0x10, 0x10, 0x0E, 0x00, // ..*@-.......
        0x00, 0x00, 0xB9, 0xFF, 0x42, 0x00, 0x00, 0x00, 0x00, 0x00, 0x00, 0x00, // ..*@-.......
        0x00, 0x00, 0xB9, 0xFF, 0x42, 0x00, 0x00, 0x00, 0x00, 0x00, 0x00, 0x00, // ..*@-.......
        0x00, 0x00, 0xB9, 0xFF, 0x42, 0x00, 0x00, 0x00, 0x00, 0x00, 0x00, 0x00, // ..*@-.......
        0x00, 0x00, 0xB9, 0xFF, 0x95, 0x70, 0x70, 0x70, 0x70, 0x70, 0x1B, 0x00, // ..*@+=====..
        0x00, 0x00, 0xB9, 0xFF, 0xFF, 0xFF, 0xFF, 0xFF, 0xFF, 0xFF, 0x3E, 0x00, // ..*@@@@@@@:.
        0x00, 0x00, 0xB9, 0xFF, 0x71, 0x40, 0x40, 0x40, 0x40, 0x40, 0x10, 0x00, // ..*@=-----..
        0x00, 0x00, 0xB9, 0xFF, 0x42, 0x00, 0x00, 0x00, 0x00, 0x00, 0x00, 0x00, // ..*@-.......
        0x00, 0x00, 0xB9, 0xFF, 0x42, 0x00, 0x00, 0x00, 0x00, 0x00, 0x00, 0x00, // ..*@-.......
        0x00, 0x00, 0xB9, 0xFF, 0x42, 0x00, 0x00, 0x00, 0x00, 0x00, 0x00, 0x00, // ..*@-.......
        0x00, 0x00, 0xB9, 0xFF, 0x42, 0x00, 0x00, 0x00, 0x00, 0x00, 0x00, 0x00, // ..*@-.......
        0x00, 0x00, 0xB9, 0xFF, 0x42, 0x00, 0x00, 0x00, 0x00, 0x00, 0x00, 0x00, // ..*@-.......
        0x00, 0x00, 0xB9, 0xFF, 0x42, 0x00, 0x00, 0x00, 0x00, 0x00, 0x00, 0x00, // ..*@-.......
        0x00, 0x00, 0x00, 0x00, 0x00, 0x00, 0x00, 0x00, 0x00, 0x00, 0x00, 0x00, // ............
        0x00, 0x00, 0x00, 0x00, 0x00, 0x00, 0x00, 0x00, 0x00, 0x00, 0x00, 0x00, // ............
        0x00, 0x00, 0x00, 0x00, 0x00, 0x00, 0x00, 0x00, 0x00, 0x00, 0x00, 0x00, // ............
        0x00, 0x00, 0x00, 0x00, 0x00, 0x00, 0x00, 0x00, 0x00, 0x00, 0x00, 0x00, // ............
        0x00, 0x00, 0x00, 0x00, 0x00, 0x00, 0x00, 0x00, 0x00, 0x00, 0x00, 0x00, // ............
    ],
    // 0x47 'G'
    [
        0x00, 0x00, 0x00, 0x00, 0x00, 0x00, 0x00, 0x00, 0x00, 0x00, 0x00, 0x00, // ............
        0x00, 0x00, 0x00, 0x00, 0x00, 0x00, 0x00, 0x00, 0x00, 0x00, 0x00, 0x00, // ............
        0x00, 0x00, 0x00, 0x00, 0x00, 0x00, 0x00, 0x00, 0x00, 0x00, 0x00, 0x00, // ............
        0x00, 0x00, 0x00, 0x00, 0x00, 0x00, 0x00, 0x00, 0x00, 0x00, 0x00, 0x00, // ............
        0x00, 0x00, 0x00, 0x03, 0x5E, 0xB0, 0xCF, 0xCC, 0xA0, 0x3E, 0x00, 0x00, // ....-*##*:..
        0x00, 0x00, 0x0F, 0xC1, 0xFF, 0xF5, 0xC7, 0xCD, 0xF9, 0xFF, 0x40, 0x00, // ...#@%##%@-.
        0x00, 0x00, 0xAF, 0xFF, 0xAB, 0x10, 0x00, 0x00, 0x14, 0x98, 0x48, 0x00, // ..*@*....+-.
        0x00, 0x3C, 0xFF, 0xDC, 0x07, 0x00, 0x00, 0x00, 0x00, 0x00, 0x07, 0x00, // .:@#........
        0x00, 0x97, 0xFF, 0x77, 0x00, 0x00, 0x00, 0x00, 0x00, 0x00, 0x00, 0x00, // .+@=........
        0x00, 0xD1, 0xFF, 0x3B, 0x00, 0x00, 0x00, 0x00, 0x00, 0x00, 0x00, 0x00, // .#@:........
        0x00, 0xF2, 0xFF, 0x1C, 0x00, 0x00, 0x00, 0x00, 0x00, 0x00, 0x00, 0x00, // .%@.........
        0x00, 0xFE, 0xFF, 0x10, 0x00, 0x00, 0x1C, 0x80, 0x80, 0x80, 0x64, 0x00, // .%@....+++=.
        0x00, 0xF9, 0xFF, 0x13, 0x00, 0x00, 0x39, 0xFF, 0xFF, 0xFF, 0xC7, 0x00, // .%@...:@@@#.
        0x00, 0xE3, 0xFF, 0x27, 0x00, 0x00, 0x07, 0x20, 0x37, 0xFF, 0xC7, 0x00, // .%@:...::@#.
        0x00, 0xB6, 0xFF, 0x52, 0x00, 0x00, 0x00, 0x00, 0x1A, 0xFF, 0xC7, 0x00, // .*@-.....@#.
        0x00, 0x6B, 0xFF, 0xA3, 0x00, 0x00, 0x00, 0x00, 0x1A, 0xFF, 0xC7, 0x00, // .=@*.....@#.
        0x00, 0x0E, 0xE9, 0xFB, 0x3D, 0x00, 0x00, 0x00, 0x1A, 0xFF, 0xC7, 0x00, // ..%%:....@#.
        0x00, 0x00, 0x4C, 0xFB, 0xF6, 0x90, 0x56, 0x5E, 0xB4, 0xFF, 0xC1, 0x00, // ..-%%+--*@#.
        0x00, 0x00, 0x00, 0x41, 0xD3, 0xFF, 0xFF, 0xFF, 0xFC, 0xAC, 0x1D, 0x00, // ...-#@@@%*..
        0x00, 0x00, 0x00, 0x00, 0x00, 0x25, 0x43, 0x3C, 0x12, 0x00, 0x00, 0x00, // .....:-:....
        0x00, 0x00, 0x00, 0x00, 0x00, 0x00, 0x00, 0x00, 0x00, 0x00, 0x00, 0x00, // ............
        0x00, 0x00, 0x00, 0x00, 0x00, 0x00, 0x00, 0x00, 0x00, 0x00, 0x00, 0x00, // ............
        0x00, 0x00, 0x00, 0x00, 0x00, 0x00, 0x00, 0x00, 0x00, 0x00, 0x00, 0x00, // ............
        0x00, 0x00, 0x00, 0x00, 0x00, 0x00, 0x00, 0x00, 0x00, 0x00, 0x00, 0x00, // ............
    ],
    // 0x48 'H'
    [
        0x00, 0x00, 0x00, 0x00, 0x00, 0x00, 0x00, 0x00, 0x00, 0x00, 0x00, 0x00, // ............
        0x00, 0x00, 0x00, 0x00, 0x00, 0x00, 0x00, 0x00, 0x00, 0x00, 0x00, 0x00, // ............
        0x00, 0x00, 0x00, 0x00, 0x00, 0x00, 0x00, 0x00, 0x00, 0x00, 0x00, 0x00, // ............
        0x00, 0x00, 0x00, 0x00, 0x00, 0x00, 0x00, 0x00, 0x00, 0x00, 0x00, 0x00, // ............
        0x00, 0x5F, 0x8F, 0x2E, 0x00, 0x00, 0x00, 0x00, 0x28, 0x8F, 0x65, 0x00, // .-+:....:+=.
        0x00, 0xA9, 0xFF, 0x52, 0x00, 0x00, 0x00, 0x00, 0x47, 0xFF, 0xB3, 0x00, // .*@-....-@*.
        0x00, 0xA9, 0xFF, 0x52, 0x00, 0x00, 0x00, 0x00, 0x47, 0xFF, 0xB3, 0x00, // .*@-....-@*.
        0x00, 0xA9, 0xFF, 0x52, 0x00, 0x00, 0x00, 0x00, 0x47, 0xFF, 0xB3, 0x00, // .*@-....-@*.
        0x00, 0xA9, 0xFF, 0x52, 0x00, 0x00, 0x00, 0x00, 0x47, 0xFF, 0xB3, 0x00, // .*@-....-@*.
        0x00, 0xA9, 0xFF, 0x52, 0x00, 0x00, 0x00, 0x00, 0x47, 0xFF, 0xB3, 0x00, // .*@-....-@*.
        0x00, 0xA9, 0xFF, 0xBE, 0x9F, 0x9F, 0x9F, 0x9F, 0xBA, 0xFF, 0xB3, 0x00, // .*@*++++*@*.
        0x00, 0xA9, 0xFF, 0xFF, 0xFF, 0xFF, 0xFF, 0xFF, 0xFF, 0xFF, 0xB3, 0x00, // .*@@@@@@@@*.
        0x00, 0xA9, 0xFF, 0x5D, 0x10, 0x10, 0x10, 0x10, 0x53, 0xFF, 0xB3, 0x00, // .*@-....-@*.
        0x00, 0xA9, 0xFF, 0x52, 0x00, 0x00, 0x00, 0x00, 0x47, 0xFF, 0xB3, 0x00, // .*@-....-@*.
        0x00, 0xA9, 0xFF, 0x52, 0x00, 0x00, 0x00, 0x00, 0x47, 0xFF, 0xB3, 0x00, // .*@-....-@*.
        0x00, 0xA9, 0xFF, 0x52, 0x00, 0x00, 0x00, 0x00, 0x47, 0xFF, 0xB3, 0x00, // .*@-....-@*.
        0x00, 0xA9, 0xFF, 0x52, 0x00, 0x00, 0x00, 0x00, 0x47, 0xFF, 0xB3, 0x00, // .*@-....-@*.
        0x00, 0xA9, 0xFF, 0x52, 0x00, 0x00, 0x00, 0x00, 0x47, 0xFF, 0xB3, 0x00, // .*@-....-@*.
        0x00, 0xA9, 0xFF, 0x52, 0x00, 0x00, 0x00, 0x00, 0x47, 0xFF, 0xB3, 0x00, // .*@-....-@*.
        0x00, 0x00, 0x00, 0x00, 0x00, 0x00, 0x00, 0x00, 0x00, 0x00, 0x00, 0x00, // ............
        0x00, 0x00, 0x00, 0x00, 0x00, 0x00, 0x00, 0x00, 0x00, 0x00, 0x00, 0x00, // ............
        0x00, 0x00, 0x00, 0x00, 0x00, 0x00, 0x00, 0x00, 0x00, 0x00, 0x00, 0x00, // ............
        0x00, 0x00, 0x00, 0x00, 0x00, 0x00, 0x00, 0x00, 0x00, 0x00, 0x00, 0x00, // ............
        0x00, 0x00, 0x00, 0x00, 0x00, 0x00, 0x00, 0x00, 0x00, 0x00, 0x00, 0x00, // ............
    ],
    // 0x49 'I'
    [
        0x00, 0x00, 0x00, 0x00, 0x00, 0x00, 0x00, 0x00, 0x00, 0x00, 0x00, 0x00, // ............
        0x00, 0x00, 0x00, 0x00, 0x00, 0x00, 0x00, 0x00, 0x00, 0x00, 0x00, 0x00, // ............
        0x00, 0x00, 0x00, 0x00, 0x00, 0x00, 0x00, 0x00, 0x00, 0x00, 0x00, 0x00, // ............
        0x00, 0x00, 0x00, 0x00, 0x00, 0x00, 0x00, 0x00, 0x00, 0x00, 0x00, 0x00, // ............
        0x00, 0x05, 0x8F, 0x8F, 0x8F, 0x8F, 0x8F, 0x8F, 0x8F, 0x8F, 0x08, 0x00, // ..++++++++..
        0x00, 0x09, 0xFF, 0xFF, 0xFF, 0xFF, 0xFF, 0xFF, 0xFF, 0xFF, 0x0F, 0x00, // ..@@@@@@@@..
        0x00, 0x01, 0x10, 0x10, 0x10, 0xFA, 0xFF, 0x10, 0x10, 0x10, 0x01, 0x00, // .....%@.....
        0x00, 0x00, 0x00, 0x00, 0x00, 0xFA, 0xFF, 0x00, 0x00, 0x00, 0x00, 0x00, // .....%@.....
        0x00, 0x00, 0x00, 0x00, 0x00, 0xFA, 0xFF, 0x00, 0x00, 0x00, 0x00, 0x00, // .....%@.....
        0x00, 0x00, 0x00, 0x00, 0x00, 0xFA, 0xFF, 0x00, 0x00, 0x00, 0x00, 0x00, // .....%@.....
        0x00, 0x00, 0x00, 0x00, 0x00, 0xFA, 0xFF, 0x00, 0x00, 0x00, 0x00, 0x00, // .....%@.....
        0x00, 0x00, 0x00, 0x00, 0x00, 0xFA, 0xFF, 0x00, 0x00, 0x00, 0x00, 0x00, // .....%@.....
        0x00, 0x00, 0x00, 0x00, 0x00, 0xFA, 0xFF, 0x00, 0x00, 0x00, 0x00, 0x00, // .....%@.....
        0x00, 0x00, 0x00, 0x00, 0x00, 0xFA, 0xFF, 0x00, 0x00, 0x00, 0x00, 0x00, // .....%@.....
        0x00, 0x00, 0x00, 0x00, 0x00, 0xFA, 0xFF, 0x00, 0x00, 0x00, 0x00, 0x00, // .....%@.....
        0x00, 0x00, 0x00, 0x00, 0x00, 0xFA, 0xFF, 0x00, 0x00, 0x00, 0x00, 0x00, // .....%@.....
        0x00, 0x00, 0x00, 0x00, 0x00, 0xFA, 0xFF, 0x00, 0x00, 0x00, 0x00, 0x00, // .....%@.....
        0x00, 0x07, 0xAF, 0xAF, 0xAF, 0xFD, 0xFF, 0xAF, 0xAF, 0xAF, 0x0A, 0x00, // ..***%@***..
        0x00, 0x09, 0xFF, 0xFF, 0xFF, 0xFF, 0xFF, 0xFF, 0xFF, 0xFF, 0x0F, 0x00, // ..@@@@@@@@..
        0x00, 0x00, 0x00, 0x00, 0x00, 0x00, 0x00, 0x00, 0x00, 0x00, 0x00, 0x00, // ............
        0x00, 0x00, 0x00, 0x00, 0x00, 0x00, 0x00, 0x00, 0x00, 0x00, 0x00, 0x00, // ............
        0x00, 0x00, 0x00, 0x00, 0x00, 0x00, 0x00, 0x00, 0x00, 0x00, 0x00, 0x00, // ............
        0x00, 0x00, 0x00, 0x00, 0x00, 0x00, 0x00, 0x00, 0x00, 0x00, 0x00, 0x00, // ............
        0x00, 0x00, 0x00, 0x00, 0x00, 0x00, 0x00, 0x00, 0x00, 0x00, 0x00, 0x00, // ............
    ],
    // 0x4A 'J'
    [
        0x00, 0x00, 0x00, 0x00, 0x00, 0x00, 0x00, 0x00, 0x00, 0x00, 0x00, 0x00, // ............
        0x00, 0x00, 0x00, 0x00, 0x00, 0x00, 0x00, 0x00, 0x00, 0x00, 0x00, 0x00, // ............
        0x00, 0x00, 0x00, 0x00, 0x00, 0x00, 0x00, 0x00, 0x00, 0x00, 0x00, 0x00, // ............
        0x00, 0x00, 0x00, 0x00, 0x00, 0x00, 0x00, 0x00, 0x00, 0x00, 0x00, 0x00, // ............
        0x00, 0x00, 0x00, 0x33, 0x8F, 0x8F, 0x8F, 0x8F, 0x8F, 0x30, 0x00, 0x00, // ...:+++++:..
        0x00, 0x00, 0x00, 0x5B, 0xFF, 0xFF, 0xFF, 0xFF, 0xFF, 0x56, 0x00, 0x00, // ...-@@@@@-..
        0x00, 0x00, 0x00, 0x06, 0x10, 0x10, 0x10, 0xA8, 0xFF, 0x56, 0x00, 0x00, // .......*@-..
        0x00, 0x00, 0x00, 0x00, 0x00, 0x00, 0x00, 0xA2, 0xFF, 0x56, 0x00, 0x00, // .......*@-..
        0x00, 0x00, 0x00, 0x00, 0x00, 0x00, 0x00, 0xA2, 0xFF, 0x56, 0x00, 0x00, // .......*@-..
        0x00, 0x00, 0x00, 0x00, 0x00, 0x00, 0x00, 0xA2, 0xFF, 0x56, 0x00, 0x00, // .......*@-..
        0x00, 0x00, 0x00, 0x00, 0x00, 0x00, 0x00, 0xA2, 0xFF, 0x56, 0x00, 0x00, // .......*@-..
        0x00, 0x00, 0x00, 0x00, 0x00, 0x00, 0x00, 0xA2, 0xFF, 0x56, 0x00, 0x00, // .......*@-..
        0x00, 0x00, 0x00, 0x00, 0x00, 0x00, 0x00, 0xA2, 0xFF, 0x56, 0x00, 0x00, // .......*@-..
        0x00, 0x00, 0x00, 0x00, 0x00, 0x00, 0x00, 0xA2, 0xFF, 0x56, 0x00, 0x00, // .......*@-..
        0x00, 0x00, 0x00, 0x00, 0x00, 0x00, 0x00, 0xA4, 0xFF, 0x54, 0x00, 0x00, // .......*@-..
        0x00, 0x00, 0x00, 0x00, 0x00, 0x00, 0x00, 0xB6, 0xFF, 0x45, 0x00, 0x00, // .......*@-..
        0x00, 0x7D, 0x08, 0x00, 0x00, 0x00, 0x0A, 0xEC, 0xFE, 0x19, 0x00, 0x00, // .=.....%%...
        0x00, 0xEF, 0xE2, 0x85, 0x56, 0x5F, 0xC1, 0xFF, 0xB9, 0x00, 0x00, 0x00, // .%%+--#@*...
        0x00, 0x8F, 0xEC, 0xFF, 0xFF, 0xFF, 0xFF, 0xBF, 0x19, 0x00, 0x00, 0x00, // .+%@@@@*....
        0x00, 0x00, 0x02, 0x2A, 0x44, 0x3F, 0x1D, 0x00, 0x00, 0x00, 0x00, 0x00, // ...:-:......
        0x00, 0x00, 0x00, 0x00, 0x00, 0x00, 0x00, 0x00, 0x00, 0x00, 0x00, 0x00, // ............
        0x00, 0x00, 0x00, 0x00, 0x00, 0x00, 0x00, 0x00, 0x00, 0x00, 0x00, 0x00, // ............
        0x00, 0x00, 0x00, 0x00, 0x00, 0x00, 0x00, 0x00, 0x00, 0x00, 0x00, 0x00, // ............
        0x00, 0x00, 0x00, 0x00, 0x00, 0x00, 0x00, 0x00, 0x00, 0x00, 0x00, 0x00, // ............
    ],
    // 0x4B 'K'
    [
        0x00, 0x00, 0x00, 0x00, 0x00, 0x00, 0x00, 0x00, 0x00, 0x00, 0x00, 0x00, // ............
        0x00, 0x00, 0x00, 0x00, 0x00, 0x00, 0x00, 0x00, 0x00, 0x00, 0x00, 0x00, // ............
        0x00, 0x00, 0x00, 0x00, 0x00, 0x00, 0x00, 0x00, 0x00, 0x00, 0x00, 0x00, // ............
        0x00, 0x00, 0x00, 0x00, 0x00, 0x00, 0x00, 0x00, 0x00, 0x00, 0x00, 0x00, // ............
        0x00, 0x5F, 0x8F, 0x2E, 0x00, 0x00, 0x00, 0x00, 0x01, 0x72, 0x8F, 0x49, // .-+:.....=+-
        0x00, 0xA9, 0xFF, 0x52, 0x00, 0x00, 0x00, 0x00, 0x8B, 0xFF, 0xBC, 0x08, // .*@-....+@*.
        0x00, 0xA9, 0xFF, 0x52, 0x00, 0x00, 0x00, 0x7E, 0xFF, 0xC5, 0x0B, 0x00, // .*@-...=@#..
        0x00, 0xA9, 0xFF, 0x52, 0x00, 0x00, 0x71, 0xFF, 0xCD, 0x0F, 0x00, 0x00, // .*@-..=@#...
        0x00, 0xA9, 0xFF, 0x52, 0x00, 0x66, 0xFE, 0xD4, 0x14, 0x00, 0x00, 0x00, // .*@-.=%#....
        0x00, 0xA9, 0xFF, 0x52, 0x5A, 0xFD, 0xDB, 0x19, 0x00, 0x00, 0x00, 0x00, // .*@--%#.....
        0x00, 0xA9, 0xFF, 0xA0, 0xFB, 0xFF, 0x52, 0x00, 0x00, 0x00, 0x00, 0x00, // .*@*%@-.....
        0x00, 0xA9, 0xFF, 0xFF, 0xEC, 0xFF, 0xD8, 0x09, 0x00, 0x00, 0x00, 0x00, // .*@@%@#.....
        0x00, 0xA9, 0xFF, 0xE9, 0x27, 0xA6, 0xFF, 0x8F, 0x00, 0x00, 0x00, 0x00, // .*@%:*@+....
        0x00, 0xA9, 0xFF, 0x5C, 0x00, 0x15, 0xEA, 0xFD, 0x3F, 0x00, 0x00, 0x00, // .*@-..%%:...
        0x00, 0xA9, 0xFF, 0x52, 0x00, 0x00, 0x59, 0xFF, 0xDD, 0x0C, 0x00, 0x00, // .*@-..-@#...
        0x00, 0xA9, 0xFF, 0x52, 0x00, 0x00, 0x00, 0xB2, 0xFF, 0x97, 0x00, 0x00, // .*@-...*@+..
        0x00, 0xA9, 0xFF, 0x52, 0x00, 0x00, 0x00, 0x1B, 0xF0, 0xFE, 0x46, 0x00, // .*@-....%%-.
        0x00, 0xA9, 0xFF, 0x52, 0x00, 0x00, 0x00, 0x00, 0x65, 0xFF, 0xE2, 0x0F, // .*@-....=@%.
        0x00, 0xA9, 0xFF, 0x52, 0x00, 0x00, 0x00, 0x00, 0x01, 0xBD, 0xFF, 0x9F, // .*@-.....*@+
        0x00, 0x00, 0x00, 0x00, 0x00, 0x00, 0x00, 0x00, 0x00, 0x00, 0x00, 0x00, // ............
        0x00, 0x00, 0x00, 0x00, 0x00, 0x00, 0x00, 0x00, 0x00, 0x00, 0x00, 0x00, // ............
        0x00, 0x00, 0x00, 0x00, 0x00, 0x00, 0x00, 0x00, 0x00, 0x00, 0x00, 0x00, // ............
        0x00, 0x00, 0x00, 0x00, 0x00, 0x00, 0x00, 0x00, 0x00, 0x00, 0x00, 0x00, // ............
        0x00, 0x00, 0x00, 0x00, 0x00, 0x00, 0x00, 0x00, 0x00, 0x00, 0x00, 0x00, // ............
    ],
    // 0x4C 'L'
    [
        0x00, 0x00, 0x00, 0x00, 0x00, 0x00, 0x00, 0x00, 0x00, 0x00, 0x00, 0x00, // ............
        0x00, 0x00, 0x00, 0x00, 0x00, 0x00, 0x00, 0x00, 0x00, 0x00, 0x00, 0x00, // ............
        0x00, 0x00, 0x00, 0x00, 0x00, 0x00, 0x00, 0x00, 0x00, 0x00, 0x00, 0x00, // ............
        0x00, 0x00, 0x00, 0x00, 0x00, 0x00, 0x00, 0x00, 0x00, 0x00, 0x00, 0x00, // ............
        0x00, 0x00, 0x81, 0x8F, 0x0C, 0x00, 0x00, 0x00, 0x00, 0x00, 0x00, 0x00, // ..++........
        0x00, 0x00, 0xE6, 0xFF, 0x15, 0x00, 0x00, 0x00, 0x00, 0x00, 0x00, 0x00, // ..%@........
        0x00, 0x00, 0xE6, 0xFF, 0x15, 0x00, 0x00, 0x00, 0x00, 0x00, 0x00, 0x00, // ..%@........
        0x00, 0x00, 0xE6, 0xFF, 0x15, 0x00, 0x00, 0x00, 0x00, 0x00, 0x00, 0x00, // ..%@........
        0x00, 0x00, 0xE6, 0xFF, 0x15, 0x00, 0x00, 0x00, 0x00, 0x00, 0x00, 0x00, // ..%@........
        0x00, 0x00, 0xE6, 0xFF, 0x15, 0x00, 0x00, 0x00, 0x00, 0x00, 0x00, 0x00, // ..%@........
        0x00, 0x00, 0xE6, 0xFF, 0x15, 0x00, 0x00, 0x00, 0x00, 0x00, 0x00, 0x00, // ..%@........
        0x00, 0x00, 0xE6, 0xFF, 0x15, 0x00, 0x00, 0x00, 0x00, 0x00, 0x00, 0x00, // ..%@........
        0x00, 0x00, 0xE6, 0xFF, 0x15, 0x00, 0x00, 0x00, 0x00, 0x00, 0x00, 0x00, // ..%@........
        0x00, 0x00, 0xE6, 0xFF, 0x15, 0x00, 0x00, 0x00, 0x00, 0x00, 0x00, 0x00, // ..%@........
        0x00, 0x00, 0xE6, 0xFF, 0x15, 0x00, 0x00, 0x00, 0x00, 0x00, 0x00, 0x00, // ..%@........
        0x00, 0x00, 0xE6, 0xFF, 0x15, 0x00, 0x00, 0x00, 0x00, 0x00, 0x00, 0x00, // ..%@........
        0x00, 0x00, 0xE6, 0xFF, 0x15, 0x00, 0x00, 0x00, 0x00, 0x00, 0x00, 0x00, // ..%@........
        0x00, 0x00, 0xE6, 0xFF, 0xB6, 0xAF, 0xAF, 0xAF, 0xAF, 0xAF, 0xAF, 0x16, // ..%@*******.
        0x00, 0x00, 0xE6, 0xFF, 0xFF, 0xFF, 0xFF, 0xFF, 0xFF, 0xFF, 0xFF, 0x1F, // ..%@@@@@@@@.
        0x00, 0x00, 0x00, 0x00, 0x00, 0x00, 0x00, 0x00, 0x00, 0x00, 0x00, 0x00, // ............
        0x00, 0x00, 0x00, 0x00, 0x00, 0x00, 0x00, 0x00, 0x00, 0x00, 0x00, 0x00, // ............
        0x00, 0x00, 0x00, 0x00, 0x00, 0x00, 0x00, 0x00, 0x00, 0x00, 0x00, 0x00, // ............
        0x00, 0x00, 0x00, 0x00, 0x00, 0x00, 0x00, 0x00, 0x00, 0x00, 0x00, 0x00, // ............
        0x00, 0x00, 0x00, 0x00, 0x00, 0x00, 0x00, 0x00, 0x00, 0x00, 0x00, 0x00, // ............
    ],
    // 0x4D 'M'
    [
        0x00, 0x00, 0x00, 0x00, 0x00, 0x00, 0x00, 0x00, 0x00, 0x00, 0x00, 0x00, // ............
        0x00, 0x00, 0x00, 0x00, 0x00, 0x00, 0x00, 0x00, 0x00, 0x00, 0x00, 0x00, // ............
        0x00, 0x00, 0x00, 0x00, 0x00, 0x00, 0x00, 0x00, 0x00, 0x00, 0x00, 0x00, // ............
        0x00, 0x00, 0x00, 0x00, 0x00, 0x00, 0x00, 0x00, 0x00, 0x00, 0x00, 0x00, // ............
        0x17, 0x8F, 0x8F, 0x53, 0x00, 0x00, 0x00, 0x00, 0x51, 0x8F, 0x8F, 0x1A, // .++-....-++.
        0x29, 0xFF, 0xFF, 0xD7, 0x00, 0x00, 0x00, 0x00, 0xD5, 0xFF, 0xFF, 0x2E, // :@@#....#@@:
        0x29, 0xFF, 0xDD, 0xFF, 0x2F, 0x00, 0x00, 0x2D, 0xFF, 0xDE, 0xFF, 0x2E, // :@#@:..:@#@:
        0x29, 0xFF, 0xA8, 0xDE, 0x85, 0x00, 0x00, 0x84, 0xE1, 0xA6, 0xFF, 0x2E, // :@*#+..+%*@:
        0x29, 0xFF, 0xA7, 0x89, 0xDB, 0x00, 0x00, 0xDB, 0x8C, 0xA4, 0xFF, 0x2E, // :@*+#..#+*@:
        0x29, 0xFF, 0xA7, 0x32, 0xFF, 0x33, 0x34, 0xFF, 0x36, 0xA4, 0xFF, 0x2E, // :@*:@::@:*@:
        0x29, 0xFF, 0xA7, 0x00, 0xDA, 0x8A, 0x8B, 0xDE, 0x01, 0xA4, 0xFF, 0x2E, // :@*.#++#.*@:
        0x29, 0xFF, 0xA7, 0x00, 0x84, 0xE0, 0xE1, 0x89, 0x00, 0xA4, 0xFF, 0x2E, // :@*.+%%+.*@:
        0x29, 0xFF, 0xA7, 0x00, 0x2E, 0xFF, 0xFF, 0x33, 0x00, 0xA4, 0xFF, 0x2E, // :@*.:@@:.*@:
        0x29, 0xFF, 0xA7, 0x00, 0x00, 0xB5, 0xB9, 0x00, 0x00, 0xA4, 0xFF, 0x2E, // :@*..**..*@:
        0x29, 0xFF, 0xA7, 0x00, 0x00, 0x00, 0x00, 0x00, 0x00, 0xA4, 0xFF, 0x2E, // :@*......*@:
        0x29, 0xFF, 0xA7, 0x00, 0x00, 0x00, 0x00, 0x00, 0x00, 0xA4, 0xFF, 0x2E, // :@*......*@:
        0x29, 0xFF, 0xA7, 0x00, 0x00, 0x00, 0x00, 0x00, 0x00, 0xA4, 0xFF, 0x2E, // :@*......*@:
        0x29, 0xFF, 0xA7, 0x00, 0x00, 0x00, 0x00, 0x00, 0x00, 0xA4, 0xFF, 0x2E, // :@*......*@:
        0x29, 0xFF, 0xA7, 0x00, 0x00, 0x00, 0x00, 0x00, 0x00, 0xA4, 0xFF, 0x2E, // :@*......*@:
        0x00, 0x00, 0x00, 0x00, 0x00, 0x00, 0x00, 0x00, 0x00, 0x00, 0x00, 0x00, // ............
        0x00, 0x00, 0x00, 0x00, 0x00, 0x00, 0x00, 0x00, 0x00, 0x00, 0x00, 0x00, // ............
        0x00, 0x00, 0x00, 0x00, 0x00, 0x00, 0x00, 0x00, 0x00, 0x00, 0x00, 0x00, // ............
        0x00, 0x00, 0x00, 0x00, 0x00, 0x00, 0x00, 0x00, 0x00, 0x00, 0x00, 0x00, // ............
        0x00, 0x00, 0x00, 0x00, 0x00, 0x00, 0x00, 0x00, 0x00, 0x00, 0x00, 0x00, // ............
    ],
    // 0x4E 'N'
    [
        0x00, 0x00, 0x00, 0x00, 0x00, 0x00, 0x00, 0x00, 0x00, 0x00, 0x00, 0x00, // ............
        0x00, 0x00, 0x00, 0x00, 0x00, 0x00, 0x00, 0x00, 0x00, 0x00, 0x00, 0x00, // ............
        0x00, 0x00, 0x00, 0x00, 0x00, 0x00, 0x00, 0x00, 0x00, 0x00, 0x00, 0x00, // ............
        0x00, 0x00, 0x00, 0x00, 0x00, 0x00, 0x00, 0x00, 0x00, 0x00, 0x00, 0x00, // ............
        0x00, 0x5C, 0x8F, 0x8A, 0x03, 0x00, 0x00, 0x00, 0x20, 0x8F, 0x62, 0x00, // .-++....:+=.
        0x00, 0xA4, 0xFF, 0xFF, 0x4D, 0x00, 0x00, 0x00, 0x38, 0xFF, 0xAE, 0x00, // .*@@-...:@*.
        0x00, 0xA4, 0xFF, 0xFF, 0xB5, 0x00, 0x00, 0x00, 0x38, 0xFF, 0xAE, 0x00, // .*@@*...:@*.
        0x00, 0xA4, 0xFF, 0xCB, 0xFD, 0x21, 0x00, 0x00, 0x38, 0xFF, 0xAE, 0x00, // .*@#%:..:@*.
        0x00, 0xA4, 0xFF, 0x64, 0xFD, 0x87, 0x00, 0x00, 0x38, 0xFF, 0xAE, 0x00, // .*@=%+..:@*.
        0x00, 0xA4, 0xFF, 0x43, 0xB6, 0xE9, 0x07, 0x00, 0x38, 0xFF, 0xAE, 0x00, // .*@-*%..:@*.
        0x00, 0xA4, 0xFF, 0x43, 0x4D, 0xFF, 0x59, 0x00, 0x38, 0xFF, 0xAE, 0x00, // .*@--@-.:@*.
        0x00, 0xA4, 0xFF, 0x43, 0x03, 0xE1, 0xC2, 0x00, 0x38, 0xFF, 0xAE, 0x00, // .*@-.%#.:@*.
        0x00, 0xA4, 0xFF, 0x43, 0x00, 0x7B, 0xFF, 0x2C, 0x38, 0xFF, 0xAE, 0x00, // .*@-.=@::@*.
        0x00, 0xA4, 0xFF, 0x43, 0x00, 0x18, 0xF9, 0x94, 0x38, 0xFF, 0xAE, 0x00, // .*@-..%+:@*.
        0x00, 0xA4, 0xFF, 0x43, 0x00, 0x00, 0xA9, 0xF1, 0x44, 0xFF, 0xAE, 0x00, // .*@-..*%-@*.
        0x00, 0xA4, 0xFF, 0x43, 0x00, 0x00, 0x40, 0xFF, 0x9F, 0xFF, 0xAE, 0x00, // .*@-..-@+@*.
        0x00, 0xA4, 0xFF, 0x43, 0x00, 0x00, 0x01, 0xD6, 0xF6, 0xFF, 0xAE, 0x00, // .*@-...#%@*.
        0x00, 0xA4, 0xFF, 0x43, 0x00, 0x00, 0x00, 0x6E, 0xFF, 0xFF, 0xAE, 0x00, // .*@-...=@@*.
        0x00, 0xA4, 0xFF, 0x43, 0x00, 0x00, 0x00, 0x10, 0xF5, 0xFF, 0xAE, 0x00, // .*@-....%@*.
        0x00, 0x00, 0x00, 0x00, 0x00, 0x00, 0x00, 0x00, 0x00, 0x00, 0x00, 0x00, // ............
        0x00, 0x00, 0x00, 0x00, 0x00, 0x00, 0x00, 0x00, 0x00, 0x00, 0x00, 0x00, // ............
        0x00, 0x00, 0x00, 0x00, 0x00, 0x00, 0x00, 0x00, 0x00, 0x00, 0x00, 0x00, // ............
        0x00, 0x00, 0x00, 0x00, 0x00, 0x00, 0x00, 0x00, 0x00, 0x00, 0x00, 0x00, // ............
        0x00, 0x00, 0x00, 0x00, 0x00, 0x00, 0x00, 0x00, 0x00, 0x00, 0x00, 0x00, // ............
    ],
    // 0x4F 'O'
    [
        0x00, 0x00, 0x00, 0x00, 0x00, 0x00, 0x00, 0x00, 0x00, 0x00, 0x00, 0x00, // ............
        0x00, 0x00, 0x00, 0x00, 0x00, 0x00, 0x00, 0x00, 0x00, 0x00, 0x00, 0x00, // ............
        0x00, 0x00, 0x00, 0x00, 0x00, 0x00, 0x00, 0x00, 0x00, 0x00, 0x00, 0x00, // ............
        0x00, 0x00, 0x00, 0x00, 0x00, 0x00, 0x00, 0x00, 0x00, 0x00, 0x00, 0x00, // ............
        0x00, 0x00, 0x00, 0x29, 0x9C, 0xCC, 0xCD, 0xA1, 0x32, 0x00, 0x00, 0x00, // ...:+##*:...
        0x00, 0x00, 0x3F, 0xF6, 0xFF, 0xD1, 0xCF, 0xFE, 0xFA, 0x4B, 0x00, 0x00, // ..:%@##%%-..
        0x00, 0x06, 0xE0, 0xFE, 0x55, 0x00, 0x00, 0x4A, 0xFC, 0xE8, 0x0A, 0x00, // ..%%-..-%%..
        0x00, 0x50, 0xFF, 0xBA, 0x00, 0x00, 0x00, 0x00, 0xAD, 0xFF, 0x5B, 0x00, // .-@*....*@-.
        0x00, 0x91, 0xFF, 0x75, 0x00, 0x00, 0x00, 0x00, 0x68, 0xFF, 0x9C, 0x00, // .+@=....=@+.
        0x00, 0xBA, 0xFF, 0x4F, 0x00, 0x00, 0x00, 0x00, 0x44, 0xFF, 0xC5, 0x00, // .*@-....-@#.
        0x00, 0xD1, 0xFF, 0x3C, 0x00, 0x00, 0x00, 0x00, 0x31, 0xFF, 0xDB, 0x00, // .#@:....:@#.
        0x00, 0xD9, 0xFF, 0x35, 0x00, 0x00, 0x00, 0x00, 0x2A, 0xFF, 0xE4, 0x00, // .#@:....:@%.
        0x00, 0xD6, 0xFF, 0x37, 0x00, 0x00, 0x00, 0x00, 0x2D, 0xFF, 0xE0, 0x00, // .#@:....:@%.
        0x00, 0xC6, 0xFF, 0x45, 0x00, 0x00, 0x00, 0x00, 0x39, 0xFF, 0xD0, 0x00, // .#@-....:@#.
        0x00, 0xA7, 0xFF, 0x61, 0x00, 0x00, 0x00, 0x00, 0x55, 0xFF, 0xB1, 0x00, // .*@=....-@*.
        0x00, 0x72, 0xFF, 0x96, 0x00, 0x00, 0x00, 0x00, 0x89, 0xFF, 0x7B, 0x00, // .=@+....+@=.
        0x00, 0x20, 0xFC, 0xEC, 0x12, 0x00, 0x00, 0x0D, 0xE4, 0xFE, 0x28, 0x00, // .:%%....%%:.
        0x00, 0x00, 0x94, 0xFF, 0xD1, 0x61, 0x5F, 0xCB, 0xFF, 0x9E, 0x00, 0x00, // ..+@#=-#@+..
        0x00, 0x00, 0x05, 0x94, 0xFA, 0xFF, 0xFF, 0xFC, 0x9C, 0x08, 0x00, 0x00, // ...+%@@%+...
        0x00, 0x00, 0x00, 0x00, 0x13, 0x3D, 0x3F, 0x15, 0x00, 0x00, 0x00, 0x00, // .....::.....
        0x00, 0x00, 0x00, 0x00, 0x00, 0x00, 0x00, 0x00, 0x00, 0x00, 0x00, 0x00, // ............
        0x00, 0x00, 0x00, 0x00, 0x00, 0x00, 0x00, 0x00, 0x00, 0x00, 0x00, 0x00, // ............
        0x00, 0x00, 0x00, 0x00, 0x00, 0x00, 0x00, 0x00, 0x00, 0x00, 0x00, 0x00, // ............
        0x00, 0x00, 0x00, 0x00, 0x00, 0x00, 0x00, 0x00, 0x00, 0x00, 0x00, 0x00, // ............
    ],
    // 0x50 'P'
    [
        0x00, 0x00, 0x00, 0x00, 0x00, 0x00, 0x00, 0x00, 0x00, 0x00, 0x00, 0x00, // ............
        0x00, 0x00, 0x00, 0x00, 0x00, 0x00, 0x00, 0x00, 0x00, 0x00, 0x00, 0x00, // ............
        0x00, 0x00, 0x00, 0x00, 0x00, 0x00, 0x00, 0x00, 0x00, 0x00, 0x00, 0x00, // ............
        0x00, 0x00, 0x00, 0x00, 0x00, 0x00, 0x00, 0x00, 0x00, 0x00, 0x00, 0x00, // ............
        0x00, 0x2E, 0x8F, 0x8F, 0x8F, 0x8F, 0x8D, 0x6E, 0x26, 0x00, 0x00, 0x00, // .:+++++=:...
        0x00, 0x52, 0xFF, 0xFF, 0xFF, 0xFF, 0xFF, 0xFF, 0xFE, 0x8F, 0x01, 0x00, // .-@@@@@@%+..
        0x00, 0x52, 0xFF, 0xAC, 0x10, 0x10, 0x17, 0x61, 0xF2, 0xFF, 0x63, 0x00, // .-@*...=%@=.
        0x00, 0x52, 0xFF, 0xA6, 0x00, 0x00, 0x00, 0x00, 0x6D, 0xFF, 0xC0, 0x00, // .-@*....=@#.
        0x00, 0x52, 0xFF, 0xA6, 0x00, 0x00, 0x00, 0x00, 0x2F, 0xFF, 0xE2, 0x00, // .-@*....:@%.
        0x00, 0x52, 0xFF, 0xA6, 0x00, 0x00, 0x00, 0x00, 0x3F, 0xFF, 0xD9, 0x00, // .-@*....:@#.
        0x00, 0x52, 0xFF, 0xA6, 0x00, 0x00, 0x00, 0x03, 0xB0, 0xFF, 0xA1, 0x00, // .-@*....*@*.
        0x00, 0x52, 0xFF, 0xD3, 0x80, 0x80, 0x86, 0xD0, 0xFF, 0xF2, 0x29, 0x00, // .-@#+++#@%:.
        0x00, 0x52, 0xFF, 0xFF, 0xFF, 0xFF, 0xFF, 0xF9, 0xB6, 0x2E, 0x00, 0x00, // .-@@@@@%*:..
        0x00, 0x52, 0xFF, 0xB1, 0x20, 0x20, 0x1E, 0x05, 0x00, 0x00, 0x00, 0x00, // .-@*::......
        0x00, 0x52, 0xFF, 0xA6, 0x00, 0x00, 0x00, 0x00, 0x00, 0x00, 0x00, 0x00, // .-@*........
        0x00, 0x52, 0xFF, 0xA6, 0x00, 0x00, 0x00, 0x00, 0x00, 0x00, 0x00, 0x00, // .-@*........
        0x00, 0x52, 0xFF, 0xA6, 0x00, 0x00, 0x00, 0x00, 0x00, 0x00, 0x00, 0x00, // .-@*........
        0x00, 0x52, 0xFF, 0xA6, 0x00, 0x00, 0x00, 0x00, 0x00, 0x00, 0x00, 0x00, // .-@*........
        0x00, 0x52, 0xFF, 0xA6, 0x00, 0x00, 0x00, 0x00, 0x00, 0x00, 0x00, 0x00, // .-@*........
        0x00, 0x00, 0x00, 0x00, 0x00, 0x00, 0x00, 0x00, 0x00, 0x00, 0x00, 0x00, // ............
        0x00, 0x00, 0x00, 0x00, 0x00, 0x00, 0x00, 0x00, 0x00, 0x00, 0x00, 0x00, // ............
        0x00, 0x00, 0x00, 0x00, 0x00, 0x00, 0x00, 0x00, 0x00, 0x00, 0x00, 0x00, // ............
        0x00, 0x00, 0x00, 0x00, 0x00, 0x00, 0x00, 0x00, 0x00, 0x00, 0x00, 0x00, // ............
        0x00, 0x00, 0x00, 0x00, 0x00, 0x00, 0x00, 0x00, 0x00, 0x00, 0x00, 0x00, // ............
    ],
    // 0x51 'Q'
    [
        0x00, 0x00, 0x00, 0x00, 0x00, 0x00, 0x00, 0x00, 0x00, 0x00, 0x00, 0x00, // ............
        0x00, 0x00, 0x00, 0x00, 0x00, 0x00, 0x00, 0x00, 0x00, 0x00, 0x00, 0x00, // ............
        0x00, 0x00, 0x00, 0x00, 0x00, 0x00, 0x00, 0x00, 0x00, 0x00, 0x00, 0x00, // ............
        0x00, 0x00, 0x00, 0x00, 0x00, 0x00, 0x00, 0x00, 0x00, 0x00, 0x00, 0x00, // ............
        0x00, 0x00, 0x00, 0x29, 0x9C, 0xCC, 0xCD, 0xA1, 0x32, 0x00, 0x00, 0x00, // ...:+##*:...
        0x00, 0x00, 0x3F, 0xF6, 0xFF, 0xD1, 0xCF, 0xFE, 0xFA, 0x4B, 0x00, 0x00, // ..:%@##%%-..
        0x00, 0x06, 0xE0, 0xFE, 0x55, 0x00, 0x00, 0x4A, 0xFC, 0xE8, 0x0A, 0x00, // ..%%-..-%%..
        0x00, 0x50, 0xFF, 0xBA, 0x00, 0x00, 0x00, 0x00, 0xAD, 0xFF, 0x5B, 0x00, // .-@*....*@-.
        0x00, 0x91, 0xFF, 0x75, 0x00, 0x00, 0x00, 0x00, 0x68, 0xFF, 0x9C, 0x00, // .+@=....=@+.
        0x00, 0xBA, 0xFF, 0x4F, 0x00, 0x00, 0x00, 0x00, 0x44, 0xFF, 0xC5, 0x00, // .*@-....-@#.
        0x00, 0xD1, 0xFF, 0x3C, 0x00, 0x00, 0x00, 0x00, 0x31, 0xFF, 0xDB, 0x00, // .#@:....:@#.
        0x00, 0xD9, 0xFF, 0x35, 0x00, 0x00, 0x00, 0x00, 0x2A, 0xFF, 0xE4, 0x00, // .#@:....:@%.
        0x00, 0xD7, 0xFF, 0x37, 0x00, 0x00, 0x00, 0x00, 0x2D, 0xFF, 0xE1, 0x00, // .#@:....:@%.
        0x00, 0xC8, 0xFF, 0x45, 0x00, 0x00, 0x00, 0x00, 0x39, 0xFF, 0xD1, 0x00, // .#@-....:@#.
        0x00, 0xA8, 0xFF, 0x61, 0x00, 0x00, 0x00, 0x00, 0x55, 0xFF, 0xB2, 0x00, // .*@=....-@*.
        0x00, 0x71, 0xFF, 0x96, 0x00, 0x00, 0x00, 0x00, 0x89, 0xFF, 0x7D, 0x00, // .=@+....+@=.
        0x00, 0x1E, 0xFB, 0xEC, 0x12, 0x00, 0x00, 0x0D, 0xE4, 0xFE, 0x2B, 0x00, // ..%%....%%:.
        0x00, 0x00, 0x8F, 0xFF, 0xD1, 0x61, 0x5F, 0xCB, 0xFF, 0xA1, 0x00, 0x00, // ..+@#=-#@*..
        0x00, 0x00, 0x05, 0x95, 0xFB, 0xFF, 0xFF, 0xFF, 0xA9, 0x09, 0x00, 0x00, // ...+%@@@*...
        0x00, 0x00, 0x00, 0x00, 0x16, 0x3F, 0x73, 0xFE, 0xCF, 0x12, 0x00, 0x00, // .....:=%#...
        0x00, 0x00, 0x00, 0x00, 0x00, 0x00, 0x00, 0x6A, 0xFE, 0xCC, 0x10, 0x00, // .......=%#..
        0x00, 0x00, 0x00, 0x00, 0x00, 0x00, 0x00, 0x00, 0x73, 0xFF, 0xC8, 0x0E, // ........=@#.
        0x00, 0x00, 0x00, 0x00, 0x00, 0x00, 0x00, 0x00, 0x00, 0x55, 0x70, 0x3D, // .........-=:
        0x00, 0x00, 0x00, 0x00, 0x00, 0x00, 0x00, 0x00, 0x00, 0x00, 0x00, 0x00, // ............
    ],
    // 0x52 'R'
    [
        0x00, 0x00, 0x00, 0x00, 0x00, 0x00, 0x00, 0x00, 0x00, 0x00, 0x00, 0x00, // ............
        0x00, 0x00, 0x00, 0x00, 0x00, 0x00, 0x00, 0x00, 0x00, 0x00, 0x00, 0x00, // ............
        0x00, 0x00, 0x00, 0x00, 0x00, 0x00, 0x00, 0x00, 0x00, 0x00, 0x00, 0x00, // ............
        0x00, 0x00, 0x00, 0x00, 0x00, 0x00, 0x00, 0x00, 0x00, 0x00, 0x00, 0x00, // ............
        0x00, 0x57, 0x8F, 0x8F, 0x8F, 0x8F, 0x83, 0x52, 0x08, 0x00, 0x00, 0x00, // .-+++++-....
        0x00, 0x9A, 0xFF, 0xFF, 0xFF, 0xFF, 0xFF, 0xFF, 0xE2, 0x33, 0x00, 0x00, // .+@@@@@@%:..
        0x00, 0x9A, 0xFF, 0x6B, 0x10, 0x10, 0x2A, 0xA6, 0xFF, 0xE3, 0x08, 0x00, // .+@=..:*@%..
        0x00, 0x9A, 0xFF, 0x61, 0x00, 0x00, 0x00, 0x03, 0xDD, 0xFF, 0x4B, 0x00, // .+@=....#@-.
        0x00, 0x9A, 0xFF, 0x61, 0x00, 0x00, 0x00, 0x00, 0xAC, 0xFF, 0x69, 0x00, // .+@=....*@=.
        0x00, 0x9A, 0xFF, 0x61, 0x00, 0x00, 0x00, 0x00, 0xC4, 0xFF, 0x54, 0x00, // .+@=....#@-.
        0x00, 0x9A, 0xFF, 0x61, 0x00, 0x00, 0x00, 0x58, 0xFE, 0xE8, 0x0D, 0x00, // .+@=...-%%..
        0x00, 0x9A, 0xFF, 0xE1, 0xCF, 0xCF, 0xE2, 0xFF, 0xCE, 0x31, 0x00, 0x00, // .+@%##%@#:..
        0x00, 0x9A, 0xFF, 0xE1, 0xCF, 0xD8, 0xFC, 0xE9, 0x55, 0x00, 0x00, 0x00, // .+@%##%%-...
        0x00, 0x9A, 0xFF, 0x61, 0x00, 0x00, 0x20, 0xDC, 0xFC, 0x39, 0x00, 0x00, // .+@=..:#%:..
        0x00, 0x9A, 0xFF, 0x61, 0x00, 0x00, 0x00, 0x3E, 0xFF, 0xC9, 0x01, 0x00, // .+@=...:@#..
        0x00, 0x9A, 0xFF, 0x61, 0x00, 0x00, 0x00, 0x00, 0xBA, 0xFF, 0x4C, 0x00, // .+@=....*@-.
        0x00, 0x9A, 0xFF, 0x61, 0x00, 0x00, 0x00, 0x00, 0x42, 0xFF, 0xCB, 0x00, // .+@=....-@#.
        0x00, 0x9A, 0xFF, 0x61, 0x00, 0x00, 0x00, 0x00, 0x00, 0xC8, 0xFF, 0x4B, // .+@=.....#@-
        0x00, 0x9A, 0xFF, 0x61, 0x00, 0x00, 0x00, 0x00, 0x00, 0x50, 0xFF, 0xCA, // .+@=.....-@#
        0x00, 0x00, 0x00, 0x00, 0x00, 0x00, 0x00, 0x00, 0x00, 0x00, 0x00, 0x00, // ............
        0x00, 0x00, 0x00, 0x00, 0x00, 0x00, 0x00, 0x00, 0x00, 0x00, 0x00, 0x00, // ............
        0x00, 0x00, 0x00, 0x00, 0x00, 0x00, 0x00, 0x00, 0x00, 0x00, 0x00, 0x00, // ............
        0x00, 0x00, 0x00, 0x00, 0x00, 0x00, 0x00, 0x00, 0x00, 0x00, 0x00, 0x00, // ............
        0x00, 0x00, 0x00, 0x00, 0x00, 0x00, 0x00, 0x00, 0x00, 0x00, 0x00, 0x00, // ............
    ],
    // 0x53 'S'
    [
        0x00, 0x00, 0x00, 0x00, 0x00, 0x00, 0x00, 0x00, 0x00, 0x00, 0x00, 0x00, // ............
        0x00, 0x00, 0x00, 0x00, 0x00, 0x00, 0x00, 0x00, 0x00, 0x00, 0x00, 0x00, // ............
        0x00, 0x00, 0x00, 0x00, 0x00, 0x00, 0x00, 0x00, 0x00, 0x00, 0x00, 0x00, // ............
        0x00, 0x00, 0x00, 0x00, 0x00, 0x00, 0x00, 0x00, 0x00, 0x00, 0x00, 0x00, // ............
        0x00, 0x00, 0x00, 0x3D, 0xA1, 0xCC, 0xCF, 0xBB, 0x84, 0x36, 0x00, 0x00, // ...:*##*+:..
        0x00, 0x00, 0x7C, 0xFE, 0xFD, 0xD3, 0xC3, 0xE5, 0xFF, 0xE1, 0x00, 0x00, // ..=%%##%@%..
        0x00, 0x36, 0xFE, 0xDC, 0x28, 0x00, 0x00, 0x00, 0x36, 0x94, 0x00, 0x00, // .:%#:...:+..
        0x00, 0x8A, 0xFF, 0x5B, 0x00, 0x00, 0x00, 0x00, 0x00, 0x00, 0x00, 0x00, // .+@-........
        0x00, 0xA1, 0xFF, 0x46, 0x00, 0x00, 0x00, 0x00, 0x00, 0x00, 0x00, 0x00, // .*@-........
        0x00, 0x82, 0xFF, 0xB1, 0x08, 0x00, 0x00, 0x00, 0x00, 0x00, 0x00, 0x00, // .+@*........
        0x00, 0x20, 0xF1, 0xFF, 0xE7, 0x96, 0x59, 0x18, 0x00, 0x00, 0x00, 0x00, // .:%@%+-.....
        0x00, 0x00, 0x30, 0xC5, 0xFF, 0xFF, 0xFF, 0xFD, 0xB0, 0x1F, 0x00, 0x00, // ..:#@@@%*...
        0x00, 0x00, 0x00, 0x00, 0x25, 0x67, 0xA3, 0xEE, 0xFF, 0xE4, 0x15, 0x00, // ....:=*%@%..
        0x00, 0x00, 0x00, 0x00, 0x00, 0x00, 0x00, 0x0C, 0xB8, 0xFF, 0x7F, 0x00, // ........*@=.
        0x00, 0x00, 0x00, 0x00, 0x00, 0x00, 0x00, 0x00, 0x3C, 0xFF, 0xB1, 0x00, // ........:@*.
        0x00, 0x00, 0x00, 0x00, 0x00, 0x00, 0x00, 0x00, 0x33, 0xFF, 0xB1, 0x00, // ........:@*.
        0x00, 0x41, 0x29, 0x00, 0x00, 0x00, 0x00, 0x00, 0x90, 0xFF, 0x82, 0x00, // .-:.....+@+.
        0x00, 0x75, 0xFD, 0xB7, 0x70, 0x52, 0x63, 0xB0, 0xFF, 0xED, 0x1A, 0x00, // .=%*=-=*@%..
        0x00, 0x3A, 0xBF, 0xFB, 0xFF, 0xFF, 0xFF, 0xFF, 0xC2, 0x2D, 0x00, 0x00, // .:*%@@@@#:..
        0x00, 0x00, 0x00, 0x0B, 0x34, 0x43, 0x3D, 0x18, 0x00, 0x00, 0x00, 0x00, // ....:-:.....
        0x00, 0x00, 0x00, 0x00, 0x00, 0x00, 0x00, 0x00, 0x00, 0x00, 0x00, 0x00, // ............
        0x00, 0x00, 0x00, 0x00, 0x00, 0x00, 0x00, 0x00, 0x00, 0x00, 0x00, 0x00, // ............
        0x00, 0x00, 0x00, 0x00, 0x00, 0x00, 0x00, 0x00, 0x00, 0x00, 0x00, 0x00, // ............
        0x00, 0x00, 0x00, 0x00, 0x00, 0x00, 0x00, 0x00, 0x00, 0x00, 0x00, 0x00, // ............
    ],
    // 0x54 'T'
    [
        0x00, 0x00, 0x00, 0x00, 0x00, 0x00, 0x00, 0x00, 0x00, 0x00, 0x00, 0x00, // ............
        0x00, 0x00, 0x00, 0x00, 0x00, 0x00, 0x00, 0x00, 0x00, 0x00, 0x00, 0x00, // ............
        0x00, 0x00, 0x00, 0x00, 0x00, 0x00, 0x00, 0x00, 0x00, 0x00, 0x00, 0x00, // ............
        0x00, 0x00, 0x00, 0x00, 0x00, 0x00, 0x00, 0x00, 0x00, 0x00, 0x00, 0x00, // ............
        0x4E, 0x8F, 0x8F, 0x8F, 0x8F, 0x8F, 0x8F, 0x8F, 0x8F, 0x8F, 0x8F, 0x53, // -++++++++++-
        0x8A, 0xFF, 0xFF, 0xFF, 0xFF, 0xFF, 0xFF, 0xFF, 0xFF, 0xFF, 0xFF, 0x94, // +@@@@@@@@@@+
        0x09, 0x10, 0x10, 0x10, 0x10, 0xF6, 0xFF, 0x15, 0x10, 0x10, 0x10, 0x09, // .....%@.....
        0x00, 0x00, 0x00, 0x00, 0x00, 0xF5, 0xFF, 0x05, 0x00, 0x00, 0x00, 0x00, // .....%@.....
        0x00, 0x00, 0x00, 0x00, 0x00, 0xF5, 0xFF, 0x05, 0x00, 0x00, 0x00, 0x00, // .....%@.....
        0x00, 0x00, 0x00, 0x00, 0x00, 0xF5, 0xFF, 0x05, 0x00, 0x00, 0x00, 0x00, // .....%@.....
        0x00, 0x00, 0x00, 0x00, 0x00, 0xF5, 0xFF, 0x05, 0x00, 0x00, 0x00, 0x00, // .....%@.....
        0x00, 0x00, 0x00, 0x00, 0x00, 0xF5, 0xFF, 0x05, 0x00, 0x00, 0x00, 0x00, // .....%@.....
        0x00, 0x00, 0x00, 0x00, 0x00, 0xF5, 0xFF, 0x05, 0x00, 0x00, 0x00, 0x00, // .....%@.....
        0x00, 0x00, 0x00, 0x00, 0x00, 0xF5, 0xFF, 0x05, 0x00, 0x00, 0x00, 0x00, // .....%@.....
        0x00, 0x00, 0x00, 0x00, 0x00, 0xF5, 0xFF, 0x05, 0x00, 0x00, 0x00, 0x00, // .....%@.....
        0x00, 0x00, 0x00, 0x00, 0x00, 0xF5, 0xFF, 0x05, 0x00, 0x00, 0x00, 0x00, // .....%@.....
        0x00, 0x00, 0x00, 0x00, 0x00, 0xF5, 0xFF, 0x05, 0x00, 0x00, 0x00, 0x00, // .....%@.....
        0x00, 0x00, 0x00, 0x00, 0x00, 0xF5, 0xFF, 0x05, 0x00, 0x00, 0x00, 0x00, // .....%@.....
        0x00, 0x00, 0x00, 0x00, 0x00, 0xF5, 0xFF, 0x05, 0x00, 0x00, 0x00, 0x00, // .....%@.....
        0x00, 0x00, 0x00, 0x00, 0x00, 0x00, 0x00, 0x00, 0x00, 0x00, 0x00, 0x00, // ............
        0x00, 0x00, 0x00, 0x00, 0x00, 0x00, 0x00, 0x00, 0x00, 0x00, 0x00, 0x00, // ............
        0x00, 0x00, 0x00, 0x00, 0x00, 0x00, 0x00, 0x00, 0x00, 0x00, 0x00, 0x00, // ............
        0x00, 0x00, 0x00, 0x00, 0x00, 0x00, 0x00, 0x00, 0x00, 0x00, 0x00, 0x00, // ............
        0x00, 0x00, 0x00, 0x00, 0x00, 0x00, 0x00, 0x00, 0x00, 0x00, 0x00, 0x00, // ............
    ],
    // 0x55 'U'
    [
        0x00, 0x00, 0x00, 0x00, 0x00, 0x00, 0x00, 0x00, 0x00, 0x00, 0x00, 0x00, // ............
        0x00, 0x00, 0x00, 0x00, 0x00, 0x00, 0x00, 0x00, 0x00, 0x00, 0x00, 0x00, // ............
        0x00, 0x00, 0x00, 0x00, 0x00, 0x00, 0x00, 0x00, 0x00, 0x00, 0x00, 0x00, // ............
        0x00, 0x00, 0x00, 0x00, 0x00, 0x00, 0x00, 0x00, 0x00, 0x00, 0x00, 0x00, // ............
        0x00, 0x51, 0x8F, 0x3C, 0x00, 0x00, 0x00, 0x00, 0x36, 0x8F, 0x55, 0x00, // .-+:....:+-.
        0x00, 0x90, 0xFF, 0x6B, 0x00, 0x00, 0x00, 0x00, 0x60, 0xFF, 0x98, 0x00, // .+@=....=@+.
        0x00, 0x90, 0xFF, 0x6B, 0x00, 0x00, 0x00, 0x00, 0x60, 0xFF, 0x98, 0x00, // .+@=....=@+.
        0x00, 0x90, 0xFF, 0x6B, 0x00, 0x00, 0x00, 0x00, 0x60, 0xFF, 0x98, 0x00, // .+@=....=@+.
        0x00, 0x90, 0xFF, 0x6B, 0x00, 0x00, 0x00, 0x00, 0x60, 0xFF, 0x98, 0x00, // .+@=....=@+.
        0x00, 0x90, 0xFF, 0x6B, 0x00, 0x00, 0x00, 0x00, 0x60, 0xFF, 0x98, 0x00, // .+@=....=@+.
        0x00, 0x90, 0xFF, 0x6B, 0x00, 0x00, 0x00, 0x00, 0x60, 0xFF, 0x98, 0x00, // .+@=....=@+.
        0x00, 0x90, 0xFF, 0x6B, 0x00, 0x00, 0x00, 0x00, 0x60, 0xFF, 0x98, 0x00, // .+@=....=@+.
        0x00, 0x90, 0xFF, 0x6B, 0x00, 0x00, 0x00, 0x00, 0x60, 0xFF, 0x98, 0x00, // .+@=....=@+.
        0x00, 0x90, 0xFF, 0x6B, 0x00, 0x00, 0x00, 0x00, 0x60, 0xFF, 0x98, 0x00, // .+@=....=@+.
        0x00, 0x8B, 0xFF, 0x6B, 0x00, 0x00, 0x00, 0x00, 0x61, 0xFF, 0x93, 0x00, // .+@=....=@+.
        0x00, 0x79, 0xFF, 0x74, 0x00, 0x00, 0x00, 0x00, 0x69, 0xFF, 0x80, 0x00, // .=@=....=@+.
        0x00, 0x48, 0xFF, 0xB4, 0x00, 0x00, 0x00, 0x00, 0xAA, 0xFF, 0x54, 0x00, // .-@*....*@-.
        0x00, 0x04, 0xD3, 0xFF, 0xAF, 0x5B, 0x5A, 0xAA, 0xFF, 0xDA, 0x08, 0x00, // ..#@*--*@#..
        0x00, 0x00, 0x1A, 0xB1, 0xFE, 0xFF, 0xFF, 0xFE, 0xB6, 0x1E, 0x00, 0x00, // ...*%@@%*...
        0x00, 0x00, 0x00, 0x00, 0x18, 0x40, 0x42, 0x1A, 0x00, 0x00, 0x00, 0x00, // .....--.....
        0x00, 0x00, 0x00, 0x00, 0x00, 0x00, 0x00, 0x00, 0x00, 0x00, 0x00, 0x00, // ............
        0x00, 0x00, 0x00, 0x00, 0x00, 0x00, 0x00, 0x00, 0x00, 0x00, 0x00, 0x00, // ............
        0x00, 0x00, 0x00, 0x00, 0x00, 0x00, 0x00, 0x00, 0x00, 0x00, 0x00, 0x00, // ............
        0x00, 0x00, 0x00, 0x00, 0x00, 0x00, 0x00, 0x00, 0x00, 0x00, 0x00, 0x00, // ............
    ],
    // 0x56 'V'
    [
        0x00, 0x00, 0x00, 0x00, 0x00, 0x00, 0x00, 0x00, 0x00, 0x00, 0x00, 0x00, // ............
        0x00, 0x00, 0x00, 0x00, 0x00, 0x00, 0x00, 0x00, 0x00, 0x00, 0x00, 0x00, // ............
        0x00, 0x00, 0x00, 0x00, 0x00, 0x00, 0x00, 0x00, 0x00, 0x00, 0x00, 0x00, // ............
        0x00, 0x00, 0x00, 0x00, 0x00, 0x00, 0x00, 0x00, 0x00, 0x00, 0x00, 0x00, // ............
        0x33, 0x8F, 0x61, 0x00, 0x00, 0x00, 0x00, 0x00, 0x00, 0x5B, 0x8F, 0x39, // :+=......-+:
        0x21, 0xFF, 0xE1, 0x00, 0x00, 0x00, 0x00, 0x00, 0x00, 0xD7, 0xFF, 0x2B, // :@%......#@:
        0x00, 0xD5, 0xFF, 0x26, 0x00, 0x00, 0x00, 0x00, 0x1C, 0xFF, 0xDF, 0x00, // .#@:.....@#.
        0x00, 0x8A, 0xFF, 0x69, 0x00, 0x00, 0x00, 0x00, 0x5F, 0xFF, 0x95, 0x00, // .+@=....-@+.
        0x00, 0x40, 0xFF, 0xAD, 0x00, 0x00, 0x00, 0x00, 0xA3, 0xFF, 0x4A, 0x00, // .-@*....*@-.
        0x00, 0x05, 0xEF, 0xEE, 0x03, 0x00, 0x00, 0x01, 0xE6, 0xF5, 0x09, 0x00, // ..%%....%%..
        0x00, 0x00, 0xA9, 0xFF, 0x35, 0x00, 0x00, 0x2B, 0xFF, 0xB4, 0x00, 0x00, // ..*@:..:@*..
        0x00, 0x00, 0x5F, 0xFF, 0x78, 0x00, 0x00, 0x6F, 0xFF, 0x69, 0x00, 0x00, // ..-@=..=@=..
        0x00, 0x00, 0x16, 0xFD, 0xBB, 0x00, 0x00, 0xB3, 0xFF, 0x1F, 0x00, 0x00, // ...%*..*@...
        0x00, 0x00, 0x00, 0xC8, 0xF7, 0x08, 0x05, 0xF2, 0xD3, 0x00, 0x00, 0x00, // ...#%..%#...
        0x00, 0x00, 0x00, 0x7E, 0xFF, 0x43, 0x3B, 0xFF, 0x88, 0x00, 0x00, 0x00, // ...=@-:@+...
        0x00, 0x00, 0x00, 0x33, 0xFF, 0x87, 0x7F, 0xFF, 0x3E, 0x00, 0x00, 0x00, // ...:@+=@:...
        0x00, 0x00, 0x00, 0x01, 0xE6, 0xCA, 0xC2, 0xEE, 0x04, 0x00, 0x00, 0x00, // ....%##%....
        0x00, 0x00, 0x00, 0x00, 0x9D, 0xFC, 0xFA, 0xA7, 0x00, 0x00, 0x00, 0x00, // ....+%%*....
        0x00, 0x00, 0x00, 0x00, 0x52, 0xFF, 0xFF, 0x5D, 0x00, 0x00, 0x00, 0x00, // ....-@@-....
        0x00, 0x00, 0x00, 0x00, 0x00, 0x00, 0x00, 0x00, 0x00, 0x00, 0x00, 0x00, // ............
        0x00, 0x00, 0x00, 0x00, 0x00, 0x00, 0x00, 0x00, 0x00, 0x00, 0x00, 0x00, // ............
        0x00, 0x00, 0x00, 0x00, 0x00, 0x00, 0x00, 0x00, 0x00, 0x00, 0x00, 0x00, // ............
        0x00, 0x00, 0x00, 0x00, 0x00, 0x00, 0x00, 0x00, 0x00, 0x00, 0x00, 0x00, // ............
        0x00, 0x00, 0x00, 0x00, 0x00, 0x00, 0x00, 0x00, 0x00, 0x00, 0x00, 0x00, // ............
    ],
    // 0x57 'W'
    [
        0x00, 0x00, 0x00, 0x00, 0x00, 0x00, 0x00, 0x00, 0x00, 0x00, 0x00, 0x00, // ............
        0x00, 0x00, 0x00, 0x00, 0x00, 0x00, 0x00, 0x00, 0x00, 0x00, 0x00, 0x00, // ............
        0x00, 0x00, 0x00, 0x00, 0x00, 0x00, 0x00, 0x00, 0x00, 0x00, 0x00, 0x00, // ............
        0x00, 0x00, 0x00, 0x00, 0x00, 0x00, 0x00, 0x00, 0x00, 0x00, 0x00, 0x00, // ............
        0x89, 0x8A, 0x00, 0x00, 0x00, 0x00, 0x00, 0x00, 0x00, 0x00, 0x84, 0x8E, // ++........++
        0xD6, 0xFF, 0x0D, 0x00, 0x00, 0x00, 0x00, 0x00, 0x00, 0x05, 0xFC, 0xE0, // #@........%%
        0xB0, 0xFF, 0x2B, 0x00, 0x00, 0x00, 0x00, 0x00, 0x00, 0x21, 0xFF, 0xBA, // *@:......:@*
        0x8A, 0xFF, 0x49, 0x00, 0x00, 0x00, 0x00, 0x00, 0x00, 0x3F, 0xFF, 0x94, // +@-......:@+
        0x64, 0xFF, 0x67, 0x00, 0x0C, 0x8F, 0x8F, 0x0F, 0x00, 0x5D, 0xFF, 0x6E, // =@=..++..-@=
        0x3E, 0xFF, 0x85, 0x00, 0x3F, 0xFF, 0xFF, 0x45, 0x00, 0x7B, 0xFF, 0x48, // :@+.:@@-.=@-
        0x17, 0xFF, 0xA4, 0x00, 0x75, 0xF5, 0xF0, 0x7C, 0x00, 0x99, 0xFF, 0x22, // .@*.=%%=.+@:
        0x00, 0xF0, 0xC2, 0x00, 0xAB, 0xBF, 0xB7, 0xB2, 0x00, 0xB7, 0xF8, 0x03, // .%#.****.*%.
        0x00, 0xCA, 0xE0, 0x00, 0xE1, 0x85, 0x7D, 0xE9, 0x00, 0xD5, 0xD5, 0x00, // .#%.%+=%.##.
        0x00, 0xA4, 0xFB, 0x1C, 0xFF, 0x4B, 0x42, 0xFF, 0x21, 0xF3, 0xAF, 0x00, // .*%.@--@:%*.
        0x00, 0x7E, 0xFF, 0x6B, 0xFE, 0x12, 0x0C, 0xFB, 0x69, 0xFF, 0x89, 0x00, // .=@=%..%=@+.
        0x00, 0x58, 0xFF, 0xBF, 0xD6, 0x00, 0x00, 0xCD, 0xBD, 0xFF, 0x62, 0x00, // .-@*#..#*@=.
        0x00, 0x32, 0xFF, 0xFC, 0x9C, 0x00, 0x00, 0x92, 0xFC, 0xFF, 0x3C, 0x00, // .:@%+..+%@:.
        0x00, 0x0C, 0xFE, 0xFF, 0x62, 0x00, 0x00, 0x58, 0xFF, 0xFF, 0x16, 0x00, // ..%@=..-@@..
        0x00, 0x00, 0xE5, 0xFF, 0x28, 0x00, 0x00, 0x1E, 0xFF, 0xEF, 0x00, 0x00, // ..%@:...@%..
        0x00, 0x00, 0x00, 0x00, 0x00, 0x00, 0x00, 0x00, 0x00, 0x00, 0x00, 0x00, // ............
        0x00, 0x00, 0x00, 0x00, 0x00, 0x00, 0x00, 0x00, 0x00, 0x00, 0x00, 0x00, // ............
        0x00, 0x00, 0x00, 0x00, 0x00, 0x00, 0x00, 0x00, 0x00, 0x00, 0x00, 0x00, // ............
        0x00, 0x00, 0x00, 0x00, 0x00, 0x00, 0x00, 0x00, 0x00, 0x00, 0x00, 0x00, // ............
        0x00, 0x00, 0x00, 0x00, 0x00, 0x00, 0x00, 0x00, 0x00, 0x00, 0x00, 0x00, // ............
    ],
    // 0x58 'X'
    [
        0x00, 0x00, 0x00, 0x00, 0x00, 0x00, 0x00, 0x00, 0x00, 0x00, 0x00, 0x00, // ............
        0x00, 0x00, 0x00, 0x00, 0x00, 0x00, 0x00, 0x00, 0x00, 0x00, 0x00, 0x00, // ............
        0x00, 0x00, 0x00, 0x00, 0x00, 0x00, 0x00, 0x00, 0x00, 0x00, 0x00, 0x00, // ............
        0x00, 0x00, 0x00, 0x00, 0x00, 0x00, 0x00, 0x00, 0x00, 0x00, 0x00, 0x00, // ............
        0x05, 0x87, 0x8F, 0x13, 0x00, 0x00, 0x00, 0x00, 0x00, 0x6C, 0x8F, 0x33, // .++......=+:
        0x00, 0x7E, 0xFF, 0x96, 0x00, 0x00, 0x00, 0x00, 0x39, 0xFE, 0xD4, 0x06, // .=@+....:%#.
        0x00, 0x07, 0xD9, 0xFC, 0x2F, 0x00, 0x00, 0x02, 0xCC, 0xFD, 0x3A, 0x00, // ..#%:...#%:.
        0x00, 0x00, 0x44, 0xFF, 0xC0, 0x00, 0x00, 0x67, 0xFF, 0x94, 0x00, 0x00, // ..-@#..=@+..
        0x00, 0x00, 0x00, 0xA6, 0xFF, 0x56, 0x12, 0xEC, 0xE3, 0x0E, 0x00, 0x00, // ...*@-.%%...
        0x00, 0x00, 0x00, 0x18, 0xEF, 0xE1, 0x9F, 0xFF, 0x4F, 0x00, 0x00, 0x00, // ....%%+@-...
        0x00, 0x00, 0x00, 0x00, 0x6B, 0xFF, 0xFF, 0xAB, 0x00, 0x00, 0x00, 0x00, // ....=@@*....
        0x00, 0x00, 0x00, 0x00, 0x23, 0xFE, 0xFF, 0x5C, 0x00, 0x00, 0x00, 0x00, // ....:%@-....
        0x00, 0x00, 0x00, 0x00, 0xB6, 0xFF, 0xF3, 0xE0, 0x0A, 0x00, 0x00, 0x00, // ....*@%%....
        0x00, 0x00, 0x00, 0x59, 0xFF, 0xAE, 0x65, 0xFF, 0x86, 0x00, 0x00, 0x00, // ...-@*=@+...
        0x00, 0x00, 0x12, 0xE8, 0xF3, 0x1D, 0x03, 0xD0, 0xF9, 0x27, 0x00, 0x00, // ...%%..#%:..
        0x00, 0x00, 0x9C, 0xFF, 0x74, 0x00, 0x00, 0x41, 0xFF, 0xBB, 0x00, 0x00, // ..+@=..-@*..
        0x00, 0x3F, 0xFE, 0xD2, 0x05, 0x00, 0x00, 0x00, 0xAF, 0xFF, 0x57, 0x00, // .:%#....*@-.
        0x07, 0xD8, 0xFE, 0x3B, 0x00, 0x00, 0x00, 0x00, 0x24, 0xF9, 0xE4, 0x0D, // .#%:....:%%.
        0x82, 0xFF, 0x9C, 0x00, 0x00, 0x00, 0x00, 0x00, 0x00, 0x8C, 0xFF, 0x8D, // +@+......+@+
        0x00, 0x00, 0x00, 0x00, 0x00, 0x00, 0x00, 0x00, 0x00, 0x00, 0x00, 0x00, // ............
        0x00, 0x00, 0x00, 0x00, 0x00, 0x00, 0x00, 0x00, 0x00, 0x00, 0x00, 0x00, // ............
        0x00, 0x00, 0x00, 0x00, 0x00, 0x00, 0x00, 0x00, 0x00, 0x00, 0x00, 0x00, // ............
        0x00, 0x00, 0x00, 0x00, 0x00, 0x00, 0x00, 0x00, 0x00, 0x00, 0x00, 0x00, // ............
        0x00, 0x00, 0x00, 0x00, 0x00, 0x00, 0x00, 0x00, 0x00, 0x00, 0x00, 0x00, // ............
    ],
    // 0x59 'Y'
    [
        0x00, 0x00, 0x00, 0x00, 0x00, 0x00, 0x00, 0x00, 0x00, 0x00, 0x00, 0x00, // ............
        0x00, 0x00, 0x00, 0x00, 0x00, 0x00, 0x00, 0x00, 0x00, 0x00, 0x00, 0x00, // ............
        0x00, 0x00, 0x00, 0x00, 0x00, 0x00, 0x00, 0x00, 0x00, 0x00, 0x00, 0x00, // ............
        0x00, 0x00, 0x00, 0x00, 0x00, 0x00, 0x00, 0x00, 0x00, 0x00, 0x00, 0x00, // ............
        0x43, 0x8F, 0x5A, 0x00, 0x00, 0x00, 0x00, 0x00, 0x00, 0x57, 0x8F, 0x49, // -+-......-+-
        0x14, 0xEE, 0xF4, 0x1A, 0x00, 0x00, 0x00, 0x00, 0x16, 0xF2, 0xF2, 0x1A, // .%%......%%.
        0x00, 0x6E, 0xFF, 0x9C, 0x00, 0x00, 0x00, 0x00, 0x95, 0xFF, 0x78, 0x00, // .=@+....+@=.
        0x00, 0x05, 0xD5, 0xFC, 0x2C, 0x00, 0x00, 0x27, 0xFB, 0xDB, 0x07, 0x00, // ..#%:..:%#..
        0x00, 0x00, 0x46, 0xFF, 0xB6, 0x00, 0x00, 0xAF, 0xFF, 0x4E, 0x00, 0x00, // ..-@*..*@-..
        0x00, 0x00, 0x00, 0xB1, 0xFF, 0x44, 0x3D, 0xFF, 0xB8, 0x00, 0x00, 0x00, // ...*@-:@*...
        0x00, 0x00, 0x00, 0x24, 0xF8, 0xCF, 0xC8, 0xFA, 0x29, 0x00, 0x00, 0x00, // ...:%##%:...
        0x00, 0x00, 0x00, 0x00, 0x88, 0xFF, 0xFF, 0x8F, 0x00, 0x00, 0x00, 0x00, // ....+@@+....
        0x00, 0x00, 0x00, 0x00, 0x0D, 0xFC, 0xFF, 0x10, 0x00, 0x00, 0x00, 0x00, // .....%@.....
        0x00, 0x00, 0x00, 0x00, 0x00, 0xFA, 0xFF, 0x00, 0x00, 0x00, 0x00, 0x00, // .....%@.....
        0x00, 0x00, 0x00, 0x00, 0x00, 0xFA, 0xFF, 0x00, 0x00, 0x00, 0x00, 0x00, // .....%@.....
        0x00, 0x00, 0x00, 0x00, 0x00, 0xFA, 0xFF, 0x00, 0x00, 0x00, 0x00, 0x00, // .....%@.....
        0x00, 0x00, 0x00, 0x00, 0x00, 0xFA, 0xFF, 0x00, 0x00, 0x00, 0x00, 0x00, // .....%@.....
        0x00, 0x00, 0x00, 0x00, 0x00, 0xFA, 0xFF, 0x00, 0x00, 0x00, 0x00, 0x00, // .....%@.....
        0x00, 0x00, 0x00, 0x00, 0x00, 0xFA, 0xFF, 0x00, 0x00, 0x00, 0x00, 0x00, // .....%@.....
        0x00, 0x00, 0x00, 0x00, 0x00, 0x00, 0x00, 0x00, 0x00, 0x00, 0x00, 0x00, // ............
        0x00, 0x00, 0x00, 0x00, 0x00, 0x00, 0x00, 0x00, 0x00, 0x00, 0x00, 0x00, // ............
        0x00, 0x00, 0x00, 0x00, 0x00, 0x00, 0x00, 0x00, 0x00, 0x00, 0x00, 0x00, // ............
        0x00, 0x00, 0x00, 0x00, 0x00, 0x00, 0x00, 0x00, 0x00, 0x00, 0x00, 0x00, // ............
        0x00, 0x00, 0x00, 0x00, 0x00, 0x00, 0x00, 0x00, 0x00, 0x00, 0x00, 0x00, // ............
    ],
    // 0x5A 'Z'
    [
        0x00, 0x00, 0x00, 0x00, 0x00, 0x00, 0x00, 0x00, 0x00, 0x00, 0x00, 0x00, // ............
        0x00, 0x00, 0x00, 0x00, 0x00, 0x00, 0x00, 0x00, 0x00, 0x00, 0x00, 0x00, // ............
        0x00, 0x00, 0x00, 0x00, 0x00, 0x00, 0x00, 0x00, 0x00, 0x00, 0x00, 0x00, // ............
        0x00, 0x00, 0x00, 0x00, 0x00, 0x00, 0x00, 0x00, 0x00, 0x00, 0x00, 0x00, // ............
        0x00, 0x66, 0x8F, 0x8F, 0x8F, 0x8F, 0x8F, 0x8F, 0x8F, 0x8F, 0x6C, 0x00, // .=++++++++=.
        0x00, 0xB5, 0xFF, 0xFF, 0xFF, 0xFF, 0xFF, 0xFF, 0xFF, 0xFF, 0xBF, 0x00, // .*@@@@@@@@*.
        0x00, 0x0B, 0x10, 0x10, 0x10, 0x10, 0x10, 0x12, 0xCE, 0xFF, 0x5E, 0x00, // ........#@-.
        0x00, 0x00, 0x00, 0x00, 0x00, 0x00, 0x00, 0x6F, 0xFF, 0xB2, 0x00, 0x00, // .......=@*..
        0x00, 0x00, 0x00, 0x00, 0x00, 0x00, 0x21, 0xF4, 0xEE, 0x1A, 0x00, 0x00, // ......:%%...
        0x00, 0x00, 0x00, 0x00, 0x00, 0x01, 0xBB, 0xFF, 0x5D, 0x00, 0x00, 0x00, // ......*@-...
        0x00, 0x00, 0x00, 0x00, 0x00, 0x62, 0xFF, 0xB2, 0x00, 0x00, 0x00, 0x00, // .....=@*....
        0x00, 0x00, 0x00, 0x00, 0x19, 0xEE, 0xEE, 0x19, 0x00, 0x00, 0x00, 0x00, // .....%%.....
        0x00, 0x00, 0x00, 0x00, 0xAE, 0xFF, 0x5D, 0x00, 0x00, 0x00, 0x00, 0x00, // ....*@-.....
        0x00, 0x00, 0x00, 0x54, 0xFF, 0xB2, 0x00, 0x00, 0x00, 0x00, 0x00, 0x00, // ...-@*......
        0x00, 0x00, 0x12, 0xE8, 0xED, 0x19, 0x00, 0x00, 0x00, 0x00, 0x00, 0x00, // ...%%.......
        0x00, 0x00, 0xA1, 0xFF, 0x5C, 0x00, 0x00, 0x00, 0x00, 0x00, 0x00, 0x00, // ..*@-.......
        0x00, 0x48, 0xFF, 0xB1, 0x00, 0x00, 0x00, 0x00, 0x00, 0x00, 0x00, 0x00, // .-@*........
        0x00, 0xD8, 0xFF, 0xC4, 0xAF, 0xAF, 0xAF, 0xAF, 0xAF, 0xAF, 0xA9, 0x00, // .#@#*******.
        0x00, 0xEC, 0xFF, 0xFF, 0xFF, 0xFF, 0xFF, 0xFF, 0xFF, 0xFF, 0xF7, 0x00, // .%@@@@@@@@%.
        0x00, 0x00, 0x00, 0x00, 0x00, 0x00, 0x00, 0x00, 0x00, 0x00, 0x00, 0x00, // ............
        0x00, 0x00, 0x00, 0x00, 0x00, 0x00, 0x00, 0x00, 0x00, 0x00, 0x00, 0x00, // ............
        0x00, 0x00, 0x00, 0x00, 0x00, 0x00, 0x00, 0x00, 0x00, 0x00, 0x00, 0x00, // ............
        0x00, 0x00, 0x00, 0x00, 0x00, 0x00, 0x00, 0x00, 0x00, 0x00, 0x00, 0x00, // ............
        0x00, 0x00, 0x00, 0x00, 0x00, 0x00, 0x00, 0x00, 0x00, 0x00, 0x00, 0x00, // ............
    ],
    // 0x5B '['
    [
        0x00, 0x00, 0x00, 0x00, 0x00, 0x00, 0x00, 0x00, 0x00, 0x00, 0x00, 0x00, // ............
        0x00, 0x00, 0x00, 0x00, 0x00, 0x00, 0x00, 0x00, 0x00, 0x00, 0x00, 0x00, // ............
        0x00, 0x00, 0x00, 0x00, 0x00, 0x00, 0x00, 0x00, 0x00, 0x00, 0x00, 0x00, // ............
        0x00, 0x00, 0x00, 0xD8, 0xFF, 0xFF, 0xFF, 0xFF, 0xFF, 0x3F, 0x00, 0x00, // ...#@@@@@:..
        0x00, 0x00, 0x00, 0xD8, 0xF8, 0x70, 0x70, 0x70, 0x70, 0x1C, 0x00, 0x00, // ...#%====...
        0x00, 0x00, 0x00, 0xD8, 0xF3, 0x00, 0x00, 0x00, 0x00, 0x00, 0x00, 0x00, // ...#%.......
        0x00, 0x00, 0x00, 0xD8, 0xF3, 0x00, 0x00, 0x00, 0x00, 0x00, 0x00, 0x00, // ...#%.......
        0x00, 0x00, 0x00, 0xD8, 0xF3, 0x00, 0x00, 0x00, 0x00, 0x00, 0x00, 0x00, // ...#%.......
        0x00, 0x00, 0x00, 0xD8, 0xF3, 0x00, 0x00, 0x00, 0x00, 0x00, 0x00, 0x00, // ...#%.......
        0x00, 0x00, 0x00, 0xD8, 0xF3, 0x00, 0x00, 0x00, 0x00, 0x00, 0x00, 0x00, // ...#%.......
        0x00, 0x00, 0x00, 0xD8, 0xF3, 0x00, 0x00, 0x00, 0x00, 0x00, 0x00, 0x00, // ...#%.......
        0x00, 0x00, 0x00, 0xD8, 0xF3, 0x00, 0x00, 0x00, 0x00, 0x00, 0x00, 0x00, // ...#%.......
        0x00, 0x00, 0x00, 0xD8, 0xF3, 0x00, 0x00, 0x00, 0x00, 0x00, 0x00, 0x00, // ...#%.......
        0x00, 0x00, 0x00, 0xD8, 0xF3, 0x00, 0x00, 0x00, 0x00, 0x00, 0x00, 0x00, // ...#%.......
        0x00, 0x00, 0x00, 0xD8, 0xF3, 0x00, 0x00, 0x00, 0x00, 0x00, 0x00, 0x00, // ...#%.......
        0x00, 0x00, 0x00, 0xD8, 0xF3, 0x00, 0x00, 0x00, 0x00, 0x00, 0x00, 0x00, // ...#%.......
        0x00, 0x00, 0x00, 0xD8, 0xF3, 0x00, 0x00, 0x00, 0x00, 0x00, 0x00, 0x00, // ...#%.......
        0x00, 0x00, 0x00, 0xD8, 0xF3, 0x00, 0x00, 0x00, 0x00, 0x00, 0x00, 0x00, // ...#%.......
        0x00, 0x00, 0x00, 0xD8, 0xF3, 0x00, 0x00, 0x00, 0x00, 0x00, 0x00, 0x00, // ...#%.......
        0x00, 0x00, 0x00, 0xD8, 0xF3, 0x00, 0x00, 0x00, 0x00, 0x00, 0x00, 0x00, // ...#%.......
        0x00, 0x00, 0x00, 0xD8, 0xFC, 0xBF, 0xBF, 0xBF, 0xBF, 0x2F, 0x00, 0x00, // ...#%****:..
        0x00, 0x00, 0x00, 0x87, 0x9F, 0x9F, 0x9F, 0x9F, 0x9F, 0x28, 0x00, 0x00, // ...++++++:..
        0x00, 0x00, 0x00, 0x00, 0x00, 0x00, 0x00, 0x00, 0x00, 0x00, 0x00, 0x00, // ............
        0x00, 0x00, 0x00, 0x00, 0x00, 0x00, 0x00, 0x00, 0x00, 0x00, 0x00, 0x00, // ............
    ],
    // 0x5C '\\'
    [
        0x00, 0x00, 0x00, 0x00, 0x00, 0x00, 0x00, 0x00, 0x00, 0x00, 0x00, 0x00, // ............
        0x00, 0x00, 0x00, 0x00, 0x00, 0x00, 0x00, 0x00, 0x00, 0x00, 0x00, 0x00, // ............
        0x00, 0x00, 0x00, 0x00, 0x00, 0x00, 0x00, 0x00, 0x00, 0x00, 0x00, 0x00, // ............
        0x00, 0x00, 0x00, 0x00, 0x00, 0x00, 0x00, 0x00, 0x00, 0x00, 0x00, 0x00, // ............
        0x00, 0x58, 0x8F, 0x25, 0x00, 0x00, 0x00, 0x00, 0x00, 0x00, 0x00, 0x00, // .-+:........
        0x00, 0x3E, 0xFF, 0x9E, 0x00, 0x00, 0x00, 0x00, 0x00, 0x00, 0x00, 0x00, // .:@+........
        0x00, 0x00, 0xC6, 0xF9, 0x1C, 0x00, 0x00, 0x00, 0x00, 0x00, 0x00, 0x00, // ..#%........
        0x00, 0x00, 0x4F, 0xFF, 0x8D, 0x00, 0x00, 0x00, 0x00, 0x00, 0x00, 0x00, // ..-@+.......
        0x00, 0x00, 0x02, 0xD5, 0xF3, 0x12, 0x00, 0x00, 0x00, 0x00, 0x00, 0x00, // ...#%.......
        0x00, 0x00, 0x00, 0x5F, 0xFF, 0x7C, 0x00, 0x00, 0x00, 0x00, 0x00, 0x00, // ...-@=......
        0x00, 0x00, 0x00, 0x05, 0xE2, 0xEA, 0x0A, 0x00, 0x00, 0x00, 0x00, 0x00, // ....%%......
        0x00, 0x00, 0x00, 0x00, 0x70, 0xFF, 0x6C, 0x00, 0x00, 0x00, 0x00, 0x00, // ....=@=.....
        0x00, 0x00, 0x00, 0x00, 0x0C, 0xEC, 0xDF, 0x04, 0x00, 0x00, 0x00, 0x00, // .....%#.....
        0x00, 0x00, 0x00, 0x00, 0x00, 0x81, 0xFF, 0x5B, 0x00, 0x00, 0x00, 0x00, // .....+@-....
        0x00, 0x00, 0x00, 0x00, 0x00, 0x14, 0xF4, 0xD1, 0x01, 0x00, 0x00, 0x00, // ......%#....
        0x00, 0x00, 0x00, 0x00, 0x00, 0x00, 0x91, 0xFF, 0x4A, 0x00, 0x00, 0x00, // ......+@-...
        0x00, 0x00, 0x00, 0x00, 0x00, 0x00, 0x1F, 0xFA, 0xC1, 0x00, 0x00, 0x00, // .......%#...
        0x00, 0x00, 0x00, 0x00, 0x00, 0x00, 0x00, 0xA2, 0xFF, 0x39, 0x00, 0x00, // .......*@:..
        0x00, 0x00, 0x00, 0x00, 0x00, 0x00, 0x00, 0x2C, 0xFE, 0xB0, 0x00, 0x00, // .......:%*..
        0x00, 0x00, 0x00, 0x00, 0x00, 0x00, 0x00, 0x00, 0xB2, 0xFD, 0x2A, 0x00, // ........*%:.
        0x00, 0x00, 0x00, 0x00, 0x00, 0x00, 0x00, 0x00, 0x3A, 0xDF, 0x85, 0x00, // ........:#+.
        0x00, 0x00, 0x00, 0x00, 0x00, 0x00, 0x00, 0x00, 0x00, 0x00, 0x00, 0x00, // ............
        0x00, 0x00, 0x00, 0x00, 0x00, 0x00, 0x00, 0x00, 0x00, 0x00, 0x00, 0x00, // ............
        0x00, 0x00, 0x00, 0x00, 0x00, 0x00, 0x00, 0x00, 0x00, 0x00, 0x00, 0x00, // ............
    ],
    // 0x5D ']'
    [
        0x00, 0x00, 0x00, 0x00, 0x00, 0x00, 0x00, 0x00, 0x00, 0x00, 0x00, 0x00, // ............
        0x00, 0x00, 0x00, 0x00, 0x00, 0x00, 0x00, 0x00, 0x00, 0x00, 0x00, 0x00, // ............
        0x00, 0x00, 0x00, 0x00, 0x00, 0x00, 0x00, 0x00, 0x00, 0x00, 0x00, 0x00, // ............
        0x00, 0x00, 0x31, 0xEF, 0xEF, 0xEF, 0xEF, 0xEF, 0xD4, 0x00, 0x00, 0x00, // ..:%%%%%#...
        0x00, 0x00, 0x17, 0x70, 0x70, 0x70, 0x70, 0xF2, 0xE2, 0x00, 0x00, 0x00, // ...====%%...
        0x00, 0x00, 0x00, 0x00, 0x00, 0x00, 0x00, 0xE8, 0xE2, 0x00, 0x00, 0x00, // .......%%...
        0x00, 0x00, 0x00, 0x00, 0x00, 0x00, 0x00, 0xE8, 0xE2, 0x00, 0x00, 0x00, // .......%%...
        0x00, 0x00, 0x00, 0x00, 0x00, 0x00, 0x00, 0xE8, 0xE2, 0x00, 0x00, 0x00, // .......%%...
        0x00, 0x00, 0x00, 0x00, 0x00, 0x00, 0x00, 0xE8, 0xE2, 0x00, 0x00, 0x00, // .......%%...
        0x00, 0x00, 0x00, 0x00, 0x00, 0x00, 0x00, 0xE8, 0xE2, 0x00, 0x00, 0x00, // .......%%...
        0x00, 0x00, 0x00, 0x00, 0x00, 0x00, 0x00, 0xE8, 0xE2, 0x00, 0x00, 0x00, // .......%%...
        0x00, 0x00, 0x00, 0x00, 0x00, 0x00, 0x00, 0xE8, 0xE2, 0x00, 0x00, 0x00, // .......%%...
        0x00, 0x00, 0x00, 0x00, 0x00, 0x00, 0x00, 0xE8, 0xE2, 0x00, 0x00, 0x00, // .......%%...
        0x00, 0x00, 0x00, 0x00, 0x00, 0x00, 0x00, 0xE8, 0xE2, 0x00, 0x00, 0x00, // .......%%...
        0x00, 0x00, 0x00, 0x00, 0x00, 0x00, 0x00, 0xE8, 0xE2, 0x00, 0x00, 0x00, // .......%%...
        0x00, 0x00, 0x00, 0x00, 0x00, 0x00, 0x00, 0xE8, 0xE2, 0x00, 0x00, 0x00, // .......%%...
        0x00, 0x00, 0x00, 0x00, 0x00, 0x00, 0x00, 0xE8, 0xE2, 0x00, 0x00, 0x00, // .......%%...
        0x00, 0x00, 0x00, 0x00, 0x00, 0x00, 0x00, 0xE8, 0xE2, 0x00, 0x00, 0x00, // .......%%...
        0x00, 0x00, 0x00, 0x00, 0x00, 0x00, 0x00, 0xE8, 0xE2, 0x00, 0x00, 0x00, // .......%%...
        0x00, 0x00, 0x00, 0x00, 0x00, 0x00, 0x00, 0xE8, 0xE2, 0x00, 0x00, 0x00, // .......%%...
        0x00, 0x00, 0x28, 0xBF, 0xBF, 0xBF, 0xBF, 0xF9, 0xE2, 0x00, 0x00, 0x00, // ..:****%%...
        0x00, 0x00, 0x21, 0x9F, 0x9F, 0x9F, 0x9F, 0x9F, 0x8D, 0x00, 0x00, 0x00, // ..:++++++...
        0x00, 0x00, 0x00, 0x00, 0x00, 0x00, 0x00, 0x00, 0x00, 0x00, 0x00, 0x00, // ............
        0x00, 0x00, 0x00, 0x00, 0x00, 0x00, 0x00, 0x00, 0x00, 0x00, 0x00, 0x00, // ............
    ],
    // 0x5E '^'
    [
        0x00, 0x00, 0x00, 0x00, 0x00, 0x00, 0x00, 0x00, 0x00, 0x00, 0x00, 0x00, // ............
        0x00, 0x00, 0x00, 0x00, 0x00, 0x00, 0x00, 0x00, 0x00, 0x00, 0x00, 0x00, // ............
        0x00, 0x00, 0x00, 0x00, 0x00, 0x00, 0x00, 0x00, 0x00, 0x00, 0x00, 0x00, // ............
        0x00, 0x00, 0x00, 0x00, 0x00, 0x00, 0x00, 0x00, 0x00, 0x00, 0x00, 0x00, // ............
        0x00, 0x00, 0x00, 0x00, 0x10, 0x8C, 0x8E, 0x14, 0x00, 0x00, 0x00, 0x00, // .....++.....
        0x00, 0x00, 0x00, 0x03, 0xB7, 0xFF, 0xFF, 0xBF, 0x05, 0x00, 0x00, 0x00, // ....*@@*....
        0x00, 0x00, 0x00, 0x8B, 0xFF, 0x8D, 0x85, 0xFF, 0x96, 0x00, 0x00, 0x00, // ...+@++@+...
        0x00, 0x00, 0x5D, 0xFF, 0x9F, 0x01, 0x00, 0x97, 0xFF, 0x68, 0x00, 0x00, // ..-@+..+@=..
        0x00, 0x37, 0xF7, 0xAF, 0x04, 0x00, 0x00, 0x02, 0xA7, 0xFA, 0x3F, 0x00, // .:%*....*%:.
        0x0F, 0xC5, 0xB2, 0x08, 0x00, 0x00, 0x00, 0x00, 0x05, 0xAB, 0xCA, 0x13, // .#*......*#.
        0x00, 0x00, 0x00, 0x00, 0x00, 0x00, 0x00, 0x00, 0x00, 0x00, 0x00, 0x00, // ............
        0x00, 0x00, 0x00, 0x00, 0x00, 0x00, 0x00, 0x00, 0x00, 0x00, 0x00, 0x00, // ............
        0x00, 0x00, 0x00, 0x00, 0x00, 0x00, 0x00, 0x00, 0x00, 0x00, 0x00, 0x00, // ............
        0x00, 0x00, 0x00, 0x00, 0x00, 0x00, 0x00, 0x00, 0x00, 0x00, 0x00, 0x00, // ............
        0x00, 0x00, 0x00, 0x00, 0x00, 0x00, 0x00, 0x00, 0x00, 0x00, 0x00, 0x00, // ............
        0x00, 0x00, 0x00, 0x00, 0x00, 0x00, 0x00, 0x00, 0x00, 0x00, 0x00, 0x00, // ............
        0x00, 0x00, 0x00, 0x00, 0x00, 0x00, 0x00, 0x00, 0x00, 0x00, 0x00, 0x00, // ............
        0x00, 0x00, 0x00, 0x00, 0x00, 0x00, 0x00, 0x00, 0x00, 0x00, 0x00, 0x00, // ............
        0x00, 0x00, 0x00, 0x00, 0x00, 0x00, 0x00, 0x00, 0x00, 0x00, 0x00, 0x00, // ............
        0x00, 0x00, 0x00, 0x00, 0x00, 0x00, 0x00, 0x00, 0x00, 0x00, 0x00, 0x00, // ............
        0x00, 0x00, 0x00, 0x00, 0x00, 0x00, 0x00, 0x00, 0x00, 0x00, 0x00, 0x00, // ............
        0x00, 0x00, 0x00, 0x00, 0x00, 0x00, 0x00, 0x00, 0x00, 0x00, 0x00, 0x00, // ............
        0x00, 0x00, 0x00, 0x00, 0x00, 0x00, 0x00, 0x00, 0x00, 0x00, 0x00, 0x00, // ............
        0x00, 0x00, 0x00, 0x00, 0x00, 0x00, 0x00, 0x00, 0x00, 0x00, 0x00, 0x00, // ............
    ],
    // 0x5F '_'
    [
        0x00, 0x00, 0x00, 0x00, 0x00, 0x00, 0x00, 0x00, 0x00, 0x00, 0x00, 0x00, // ............
        0x00, 0x00, 0x00, 0x00, 0x00, 0x00, 0x00, 0x00, 0x00, 0x00, 0x00, 0x00, // ............
        0x00, 0x00, 0x00, 0x00, 0x00, 0x00, 0x00, 0x00, 0x00, 0x00, 0x00, 0x00, // ............
        0x00, 0x00, 0x00, 0x00, 0x00, 0x00, 0x00, 0x00, 0x00, 0x00, 0x00, 0x00, // ............
        0x00, 0x00, 0x00, 0x00, 0x00, 0x00, 0x00, 0x00, 0x00, 0x00, 0x00, 0x00, // ............
        0x00, 0x00, 0x00, 0x00, 0x00, 0x00, 0x00, 0x00, 0x00, 0x00, 0x00, 0x00, // ............
        0x00, 0x00, 0x00, 0x00, 0x00, 0x00, 0x00, 0x00, 0x00, 0x00, 0x00, 0x00, // ............
        0x00, 0x00, 0x00, 0x00, 0x00, 0x00, 0x00, 0x00, 0x00, 0x00, 0x00, 0x00, // ............
        0x00, 0x00, 0x00, 0x00, 0x00, 0x00, 0x00, 0x00, 0x00, 0x00, 0x00, 0x00, // ............
        0x00, 0x00, 0x00, 0x00, 0x00, 0x00, 0x00, 0x00, 0x00, 0x00, 0x00, 0x00, // ............
        0x00, 0x00, 0x00, 0x00, 0x00, 0x00, 0x00, 0x00, 0x00, 0x00, 0x00, 0x00, // ............
        0x00, 0x00, 0x00, 0x00, 0x00, 0x00, 0x00, 0x00, 0x00, 0x00, 0x00, 0x00, // ............
        0x00, 0x00, 0x00, 0x00, 0x00, 0x00, 0x00, 0x00, 0x00, 0x00, 0x00, 0x00, // ............
        0x00, 0x00, 0x00, 0x00, 0x00, 0x00, 0x00, 0x00, 0x00, 0x00, 0x00, 0x00, // ............
        0x00, 0x00, 0x00, 0x00, 0x00, 0x00, 0x00, 0x00, 0x00, 0x00, 0x00, 0x00, // ............
        0x00, 0x00, 0x00, 0x00, 0x00, 0x00, 0x00, 0x00, 0x00, 0x00, 0x00, 0x00, // ............
        0x00, 0x00, 0x00, 0x00, 0x00, 0x00, 0x00, 0x00, 0x00, 0x00, 0x00, 0x00, // ............
        0x00, 0x00, 0x00, 0x00, 0x00, 0x00, 0x00, 0x00, 0x00, 0x00, 0x00, 0x00, // ............
        0x00, 0x00, 0x00, 0x00, 0x00, 0x00, 0x00, 0x00, 0x00, 0x00, 0x00, 0x00, // ............
        0x00, 0x00, 0x00, 0x00, 0x00, 0x00, 0x00, 0x00, 0x00, 0x00, 0x00, 0x00, // ............
        0x03, 0x20, 0x20, 0x20, 0x20, 0x20, 0x20, 0x20, 0x20, 0x20, 0x20, 0x04, // .::::::::::.
        0x15, 0xFF, 0xFF, 0xFF, 0xFF, 0xFF, 0xFF, 0xFF, 0xFF, 0xFF, 0xFF, 0x1D, // .@@@@@@@@@@.
        0x00, 0x00, 0x00, 0x00, 0x00, 0x00, 0x00, 0x00, 0x00, 0x00, 0x00, 0x00, // ............
        0x00, 0x00, 0x00, 0x00, 0x00, 0x00, 0x00, 0x00, 0x00, 0x00, 0x00, 0x00, // ............
    ],
    // 0x60 '`'
    [
        0x00, 0x00, 0x00, 0x00, 0x00, 0x00, 0x00, 0x00, 0x00, 0x00, 0x00, 0x00, // ............
        0x00, 0x00, 0x00, 0x00, 0x00, 0x00, 0x00, 0x00, 0x00, 0x00, 0x00, 0x00, // ............
        0x00, 0x00, 0x00, 0x00, 0x00, 0x00, 0x00, 0x00, 0x00, 0x00, 0x00, 0x00, // ............
        0x00, 0x00, 0x0B, 0xCC, 0xEB, 0x1C, 0x00, 0x00, 0x00, 0x00, 0x00, 0x00, // ...#%.......
        0x00, 0x00, 0x00, 0x19, 0xE1, 0xC2, 0x04, 0x00, 0x00, 0x00, 0x00, 0x00, // ....%#......
        0x00, 0x00, 0x00, 0x00, 0x2D, 0xF0, 0x86, 0x00, 0x00, 0x00, 0x00, 0x00, // ....:%+.....
        0x00, 0x00, 0x00, 0x00, 0x00, 0x44, 0xAE, 0x1D, 0x00, 0x00, 0x00, 0x00, // .....-*.....
        0x00, 0x00, 0x00, 0x00, 0x00, 0x00, 0x00, 0x00, 0x00, 0x00, 0x00, 0x00, // ............
        0x00, 0x00, 0x00, 0x00, 0x00, 0x00, 0x00, 0x00, 0x00, 0x00, 0x00, 0x00, // ............
        0x00, 0x00, 0x00, 0x00, 0x00, 0x00, 0x00, 0x00, 0x00, 0x00, 0x00, 0x00, // ............
        0x00, 0x00, 0x00, 0x00, 0x00, 0x00, 0x00, 0x00, 0x00, 0x00, 0x00, 0x00, // ............
        0x00, 0x00, 0x00, 0x00, 0x00, 0x00, 0x00, 0x00, 0x00, 0x00, 0x00, 0x00, // ............
        0x00, 0x00, 0x00, 0x00, 0x00, 0x00, 0x00, 0x00, 0x00, 0x00, 0x00, 0x00, // ............
        0x00, 0x00, 0x00, 0x00, 0x00, 0x00, 0x00, 0x00, 0x00, 0x00, 0x00, 0x00, // ............
        0x00, 0x00, 0x00, 0x00, 0x00, 0x00, 0x00, 0x00, 0x00, 0x00, 0x00, 0x00, // ............
        0x00, 0x00, 0x00, 0x00, 0x00, 0x00, 0x00, 0x00, 0x00, 0x00, 0x00, 0x00, // ............
        0x00, 0x00, 0x00, 0x00, 0x00, 0x00, 0x00, 0x00, 0x00, 0x00, 0x00, 0x00, // ............
        0x00, 0x00, 0x00, 0x00, 0x00, 0x00, 0x00, 0x00, 0x00, 0x00, 0x00, 0x00, // ............
        0x00, 0x00, 0x00, 0x00, 0x00, 0x00, 0x00, 0x00, 0x00, 0x00, 0x00, 0x00, // ............
        0x00, 0x00, 0x00, 0x00, 0x00, 0x00, 0x00, 0x00, 0x00, 0x00, 0x00, 0x00, // ............
        0x00, 0x00, 0x00, 0x00, 0x00, 0x00, 0x00, 0x00, 0x00, 0x00, 0x00, 0x00, // ............
        0x00, 0x00, 0x00, 0x00, 0x00, 0x00, 0x00, 0x00, 0x00, 0x00, 0x00, 0x00, // ............
        0x00, 0x00, 0x00, 0x00, 0x00, 0x00, 0x00, 0x00, 0x00, 0x00, 0x00, 0x00, // ............
        0x00, 0x00, 0x00, 0x00, 0x00, 0x00, 0x00, 0x00, 0x00, 0x00, 0x00, 0x00, // ............
    ],
    // 0x61 'a'
    [
        0x00, 0x00, 0x00, 0x00, 0x00, 0x00, 0x00, 0x00, 0x00, 0x00, 0x00, 0x00, // ............
        0x00, 0x00, 0x00, 0x00, 0x00, 0x00, 0x00, 0x00, 0x00, 0x00, 0x00, 0x00, // ............
        0x00, 0x00, 0x00, 0x00, 0x00, 0x00, 0x00, 0x00, 0x00, 0x00, 0x00, 0x00, // ............
        0x00, 0x00, 0x00, 0x00, 0x00, 0x00, 0x00, 0x00, 0x00, 0x00, 0x00, 0x00, // ............
        0x00, 0x00, 0x00, 0x00, 0x00, 0x00, 0x00, 0x00, 0x00, 0x00, 0x00, 0x00, // ............
        0x00, 0x00, 0x00, 0x00, 0x00, 0x00, 0x00, 0x00, 0x00, 0x00, 0x00, 0x00, // ............
        0x00, 0x00, 0x00, 0x00, 0x00, 0x00, 0x00, 0x00, 0x00, 0x00, 0x00, 0x00, // ............
        0x00, 0x00, 0x00, 0x00, 0x16, 0x30, 0x29, 0x06, 0x00, 0x00, 0x00, 0x00, // .....::.....
        0x00, 0x00, 0x83, 0xDE, 0xFF, 0xFF, 0xFF, 0xF5, 0x9A, 0x0F, 0x00, 0x00, // ..+#@@@%+...
        0x00, 0x00, 0xDC, 0xBB, 0x76, 0x55, 0x5E, 0xAC, 0xFF, 0xC0, 0x00, 0x00, // ..#*=--*@#..
        0x00, 0x00, 0x1E, 0x00, 0x00, 0x00, 0x00, 0x00, 0xB1, 0xFF, 0x2F, 0x00, // ........*@:.
        0x00, 0x00, 0x00, 0x00, 0x00, 0x00, 0x00, 0x00, 0x74, 0xFF, 0x54, 0x00, // ........=@-.
        0x00, 0x00, 0x0E, 0x78, 0xBE, 0xDD, 0xDF, 0xDF, 0xED, 0xFF, 0x5E, 0x00, // ...=*###%@-.
        0x00, 0x12, 0xD9, 0xFF, 0xC7, 0x8D, 0x80, 0x80, 0xB7, 0xFF, 0x5F, 0x00, // ..#@#+++*@-.
        0x00, 0x7C, 0xFF, 0x81, 0x00, 0x00, 0x00, 0x00, 0x79, 0xFF, 0x5F, 0x00, // .=@+....=@-.
        0x00, 0xA7, 0xFF, 0x26, 0x00, 0x00, 0x00, 0x00, 0xAA, 0xFF, 0x61, 0x00, // .*@:....*@=.
        0x00, 0x9A, 0xFF, 0x44, 0x00, 0x00, 0x00, 0x28, 0xF8, 0xFF, 0x6E, 0x00, // .+@-...:%@=.
        0x00, 0x48, 0xFF, 0xE0, 0x5D, 0x40, 0x67, 0xE5, 0xD0, 0xFF, 0x89, 0x00, // .-@%--=%#@+.
        0x00, 0x00, 0x75, 0xF7, 0xFF, 0xFF, 0xF9, 0x94, 0x15, 0xF9, 0xC4, 0x00, // ..=%@@%+.%#.
        0x00, 0x00, 0x00, 0x10, 0x3E, 0x3D, 0x10, 0x00, 0x00, 0x00, 0x00, 0x00, // ....::......
        0x00, 0x00, 0x00, 0x00, 0x00, 0x00, 0x00, 0x00, 0x00, 0x00, 0x00, 0x00, // ............
        0x00, 0x00, 0x00, 0x00, 0x00, 0x00, 0x00, 0x00, 0x00, 0x00, 0x00, 0x00, // ............
        0x00, 0x00, 0x00, 0x00, 0x00, 0x00, 0x00, 0x00, 0x00, 0x00, 0x00, 0x00, // ............
        0x00, 0x00, 0x00, 0x00, 0x00, 0x00, 0x00, 0x00, 0x00, 0x00, 0x00, 0x00, // ............
    ],
    // 0x62 'b'
    [
        0x00, 0x00, 0x00, 0x00, 0x00, 0x00, 0x00, 0x00, 0x00, 0x00, 0x00, 0x00, // ............
        0x00, 0x00, 0x00, 0x00, 0x00, 0x00, 0x00, 0x00, 0x00, 0x00, 0x00, 0x00, // ............
        0x00, 0x00, 0x00, 0x00, 0x00, 0x00, 0x00, 0x00, 0x00, 0x00, 0x00, 0x00, // ............
        0x00, 0x06, 0x30, 0x21, 0x00, 0x00, 0x00, 0x00, 0x00, 0x00, 0x00, 0x00, // ..::........
        0x00, 0x1D, 0xFF, 0xAE, 0x00, 0x00, 0x00, 0x00, 0x00, 0x00, 0x00, 0x00, // ..@*........
        0x00, 0x1D, 0xFF, 0xAE, 0x00, 0x00, 0x00, 0x00, 0x00, 0x00, 0x00, 0x00, // ..@*........
        0x00, 0x1D, 0xFF, 0xAE, 0x00, 0x00, 0x00, 0x00, 0x00, 0x00, 0x00, 0x00, // ..@*........
        0x00, 0x1D, 0xFF, 0xAE, 0x00, 0x0C, 0x2F, 0x1F, 0x00, 0x00, 0x00, 0x00, // ..@*..:.....
        0x00, 0x1D, 0xFF, 0xAE, 0x7F, 0xF7, 0xFF, 0xFF, 0xC6, 0x1F, 0x00, 0x00, // ..@*=%@@#...
        0x00, 0x1D, 0xFF, 0xEF, 0xF0, 0x77, 0x54, 0x9F, 0xFF, 0xD4, 0x05, 0x00, // ..@%%=-+@#..
        0x00, 0x1D, 0xFF, 0xFF, 0x4E, 0x00, 0x00, 0x00, 0xA6, 0xFF, 0x5A, 0x00, // ..@@-...*@-.
        0x00, 0x1D, 0xFF, 0xE7, 0x01, 0x00, 0x00, 0x00, 0x43, 0xFF, 0xA5, 0x00, // ..@%....-@*.
        0x00, 0x1D, 0xFF, 0xBD, 0x00, 0x00, 0x00, 0x00, 0x18, 0xFF, 0xCC, 0x00, // ..@*.....@#.
        0x00, 0x1D, 0xFF, 0xAF, 0x00, 0x00, 0x00, 0x00, 0x0A, 0xFF, 0xDA, 0x00, // ..@*.....@#.
        0x00, 0x1D, 0xFF, 0xBB, 0x00, 0x00, 0x00, 0x00, 0x16, 0xFF, 0xCD, 0x00, // ..@*.....@#.
        0x00, 0x1D, 0xFF, 0xE3, 0x00, 0x00, 0x00, 0x00, 0x3E, 0xFF, 0xA6, 0x00, // ..@%....:@*.
        0x00, 0x1D, 0xFF, 0xFF, 0x43, 0x00, 0x00, 0x00, 0x9A, 0xFF, 0x5E, 0x00, // ..@@-...+@-.
        0x00, 0x1D, 0xFF, 0xF1, 0xE8, 0x62, 0x42, 0x89, 0xFE, 0xDB, 0x07, 0x00, // ..@%%=-+%#..
        0x00, 0x1D, 0xFF, 0x92, 0x90, 0xFD, 0xFF, 0xFF, 0xD6, 0x28, 0x00, 0x00, // ..@++%@@#:..
        0x00, 0x00, 0x00, 0x00, 0x00, 0x1B, 0x41, 0x33, 0x02, 0x00, 0x00, 0x00, // ......-:....
        0x00, 0x00, 0x00, 0x00, 0x00, 0x00, 0x00, 0x00, 0x00, 0x00, 0x00, 0x00, // ............
        0x00, 0x00, 0x00, 0x00, 0x00, 0x00, 0x00, 0x00, 0x00, 0x00, 0x00, 0x00, // ............
        0x00, 0x00, 0x00, 0x00, 0x00, 0x00, 0x00, 0x00, 0x00, 0x00, 0x00, 0x00, // ............
        0x00, 0x00, 0x00, 0x00, 0x00, 0x00, 0x00, 0x00, 0x00, 0x00, 0x00, 0x00, // ............
    ],
    // 0x63 'c'
    [
        0x00, 0x00, 0x00, 0x00, 0x00, 0x00, 0x00, 0x00, 0x00, 0x00, 0x00, 0x00, // ............
        0x00, 0x00, 0x00, 0x00, 0x00, 0x00, 0x00, 0x00, 0x00, 0x00, 0x00, 0x00, // ............
        0x00, 0x00, 0x00, 0x00, 0x00, 0x00, 0x00, 0x00, 0x00, 0x00, 0x00, 0x00, // ............
        0x00, 0x00, 0x00, 0x00, 0x00, 0x00, 0x00, 0x00, 0x00, 0x00, 0x00, 0x00, // ............
        0x00, 0x00, 0x00, 0x00, 0x00, 0x00, 0x00, 0x00, 0x00, 0x00, 0x00, 0x00, // ............
        0x00, 0x00, 0x00, 0x00, 0x00, 0x00, 0x00, 0x00, 0x00, 0x00, 0x00, 0x00, // ............
        0x00, 0x00, 0x00, 0x00, 0x00, 0x00, 0x00, 0x00, 0x00, 0x00, 0x00, 0x00, // ............
        0x00, 0x00, 0x00, 0x00, 0x00, 0x0F, 0x2E, 0x2B, 0x09, 0x00, 0x00, 0x00, // ......::....
        0x00, 0x00, 0x00, 0x29, 0xB9, 0xFD, 0xFF, 0xFF, 0xF7, 0xA2, 0x06, 0x00, // ...:*%@@%*..
        0x00, 0x00, 0x2B, 0xF0, 0xFC, 0x9E, 0x5C, 0x57, 0x90, 0xF4, 0x0F, 0x00, // ..:%%+--+%..
        0x00, 0x00, 0xC1, 0xFF, 0x5E, 0x00, 0x00, 0x00, 0x00, 0x24, 0x07, 0x00, // ..#@-....:..
        0x00, 0x22, 0xFF, 0xD2, 0x00, 0x00, 0x00, 0x00, 0x00, 0x00, 0x00, 0x00, // .:@#........
        0x00, 0x54, 0xFF, 0x94, 0x00, 0x00, 0x00, 0x00, 0x00, 0x00, 0x00, 0x00, // .-@+........
        0x00, 0x64, 0xFF, 0x80, 0x00, 0x00, 0x00, 0x00, 0x00, 0x00, 0x00, 0x00, // .=@+........
        0x00, 0x57, 0xFF, 0x91, 0x00, 0x00, 0x00, 0x00, 0x00, 0x00, 0x00, 0x00, // .-@+........
        0x00, 0x28, 0xFF, 0xCC, 0x00, 0x00, 0x00, 0x00, 0x00, 0x00, 0x00, 0x00, // .:@#........
        0x00, 0x00, 0xCC, 0xFF, 0x50, 0x00, 0x00, 0x00, 0x00, 0x14, 0x06, 0x00, // ..#@-.......
        0x00, 0x00, 0x37, 0xF7, 0xF8, 0x89, 0x47, 0x44, 0x79, 0xE6, 0x0F, 0x00, // ..:%%+--=%..
        0x00, 0x00, 0x00, 0x3A, 0xD0, 0xFF, 0xFF, 0xFF, 0xFE, 0xB9, 0x07, 0x00, // ...:#@@@%*..
        0x00, 0x00, 0x00, 0x00, 0x00, 0x23, 0x42, 0x3D, 0x16, 0x00, 0x00, 0x00, // .....:-:....
        0x00, 0x00, 0x00, 0x00, 0x00, 0x00, 0x00, 0x00, 0x00, 0x00, 0x00, 0x00, // ............
        0x00, 0x00, 0x00, 0x00, 0x00, 0x00, 0x00, 0x00, 0x00, 0x00, 0x00, 0x00, // ............
        0x00, 0x00, 0x00, 0x00, 0x00, 0x00, 0x00, 0x00, 0x00, 0x00, 0x00, 0x00, // ............
        0x00, 0x00, 0x00, 0x00, 0x00, 0x00, 0x00, 0x00, 0x00, 0x00, 0x00, 0x00, // ............
    ],
    // 0x64 'd'
    [
        0x00, 0x00, 0x00, 0x00, 0x00, 0x00, 0x00, 0x00, 0x00, 0x00, 0x00, 0x00, // ............
        0x00, 0x00, 0x00, 0x00, 0x00, 0x00, 0x00, 0x00, 0x00, 0x00, 0x00, 0x00, // ............
        0x00, 0x00, 0x00, 0x00, 0x00, 0x00, 0x00, 0x00, 0x00, 0x00, 0x00, 0x00, // ............
        0x00, 0x00, 0x00, 0x00, 0x00, 0x00, 0x00, 0x00, 0x1E, 0x30, 0x08, 0x00, // .........:..
        0x00, 0x00, 0x00, 0x00, 0x00, 0x00, 0x00, 0x00, 0x9E, 0xFF, 0x2D, 0x00, // ........+@:.
        0x00, 0x00, 0x00, 0x00, 0x00, 0x00, 0x00, 0x00, 0x9E, 0xFF, 0x2D, 0x00, // ........+@:.
        0x00, 0x00, 0x00, 0x00, 0x00, 0x00, 0x00, 0x00, 0x9E, 0xFF, 0x2D, 0x00, // ........+@:.
        0x00, 0x00, 0x00, 0x00, 0x17, 0x30, 0x11, 0x00, 0x9E, 0xFF, 0x2D, 0x00, // .....:..+@:.
        0x00, 0x00, 0x12, 0xB0, 0xFE, 0xFF, 0xFB, 0x8E, 0xA0, 0xFF, 0x2D, 0x00, // ...*%@%+*@:.
        0x00, 0x01, 0xC0, 0xFF, 0xA8, 0x56, 0x72, 0xEB, 0xEF, 0xFF, 0x2D, 0x00, // ..#@*-=%%@:.
        0x00, 0x4A, 0xFF, 0xB5, 0x00, 0x00, 0x00, 0x3F, 0xFF, 0xFF, 0x2D, 0x00, // .-@*...:@@:.
        0x00, 0x98, 0xFF, 0x52, 0x00, 0x00, 0x00, 0x00, 0xD9, 0xFF, 0x2D, 0x00, // .+@-....#@:.
        0x00, 0xBF, 0xFF, 0x27, 0x00, 0x00, 0x00, 0x00, 0xAD, 0xFF, 0x2D, 0x00, // .*@:....*@:.
        0x00, 0xCA, 0xFF, 0x1A, 0x00, 0x00, 0x00, 0x00, 0xA0, 0xFF, 0x2D, 0x00, // .#@.....*@:.
        0x00, 0xBD, 0xFF, 0x26, 0x00, 0x00, 0x00, 0x00, 0xAB, 0xFF, 0x2D, 0x00, // .*@:....*@:.
        0x00, 0x95, 0xFF, 0x4E, 0x00, 0x00, 0x00, 0x00, 0xD4, 0xFF, 0x2D, 0x00, // .+@-....#@:.
        0x00, 0x4D, 0xFF, 0xAB, 0x00, 0x00, 0x00, 0x34, 0xFF, 0xFF, 0x2D, 0x00, // .-@*...:@@:.
        0x00, 0x03, 0xCF, 0xFF, 0x94, 0x43, 0x5C, 0xE2, 0xF1, 0xFF, 0x2D, 0x00, // ..#@+--%%@:.
        0x00, 0x00, 0x1F, 0xCD, 0xFF, 0xFF, 0xFE, 0x9B, 0x84, 0xFF, 0x2D, 0x00, // ...#@@%++@:.
        0x00, 0x00, 0x00, 0x01, 0x2F, 0x41, 0x1F, 0x00, 0x00, 0x00, 0x00, 0x00, // ....:-......
        0x00, 0x00, 0x00, 0x00, 0x00, 0x00, 0x00, 0x00, 0x00, 0x00, 0x00, 0x00, // ............
        0x00, 0x00, 0x00, 0x00, 0x00, 0x00, 0x00, 0x00, 0x00, 0x00, 0x00, 0x00, // ............
        0x00, 0x00, 0x00, 0x00, 0x00, 0x00, 0x00, 0x00, 0x00, 0x00, 0x00, 0x00, // ............
        0x00, 0x00, 0x00, 0x00, 0x00, 0x00, 0x00, 0x00, 0x00, 0x00, 0x00, 0x00, // ............
    ],
    // 0x65 'e'
    [
        0x00, 0x00, 0x00, 0x00, 0x00, 0x00, 0x00, 0x00, 0x00, 0x00, 0x00, 0x00, // ............
        0x00, 0x00, 0x00, 0x00, 0x00, 0x00, 0x00, 0x00, 0x00, 0x00, 0x00, 0x00, // ............
        0x00, 0x00, 0x00, 0x00, 0x00, 0x00, 0x00, 0x00, 0x00, 0x00, 0x00, 0x00, // ............
        0x00, 0x00, 0x00, 0x00, 0x00, 0x00, 0x00, 0x00, 0x00, 0x00, 0x00, 0x00, // ............
        0x00, 0x00, 0x00, 0x00, 0x00, 0x00, 0x00, 0x00, 0x00, 0x00, 0x00, 0x00, // ............
        0x00, 0x00, 0x00, 0x00, 0x00, 0x00, 0x00, 0x00, 0x00, 0x00, 0x00, 0x00, // ............
        0x00, 0x00, 0x00, 0x00, 0x00, 0x00, 0x00, 0x00, 0x00, 0x00, 0x00, 0x00, // ............
        0x00, 0x00, 0x00, 0x00, 0x02, 0x26, 0x2F, 0x11, 0x00, 0x00, 0x00, 0x00, // .....::.....
        0x00, 0x00, 0x00, 0x6A, 0xE8, 0xFF, 0xFF, 0xFD, 0xB2, 0x1A, 0x00, 0x00, // ...=%@@%*...
        0x00, 0x00, 0x7F, 0xFF, 0xD9, 0x6E, 0x54, 0x8B, 0xF9, 0xD6, 0x09, 0x00, // ..=@#=-+%#..
        0x00, 0x25, 0xFB, 0xDB, 0x0F, 0x00, 0x00, 0x00, 0x6C, 0xFF, 0x6C, 0x00, // .:%#....=@=.
        0x00, 0x80, 0xFF, 0x65, 0x00, 0x00, 0x00, 0x00, 0x0D, 0xFD, 0xB6, 0x00, // .+@=.....%*.
        0x00, 0xB5, 0xFF, 0x8B, 0x70, 0x70, 0x70, 0x70, 0x70, 0xF6, 0xD7, 0x00, // .*@+=====%#.
        0x00, 0xC7, 0xFF, 0xF0, 0xEF, 0xEF, 0xEF, 0xEF, 0xEF, 0xEF, 0xD0, 0x00, // .#@%%%%%%%#.
        0x00, 0xBC, 0xFF, 0x1D, 0x00, 0x00, 0x00, 0x00, 0x00, 0x00, 0x00, 0x00, // .*@.........
        0x00, 0x8E, 0xFF, 0x4F, 0x00, 0x00, 0x00, 0x00, 0x00, 0x00, 0x00, 0x00, // .+@-........
        0x00, 0x33, 0xFE, 0xC9, 0x07, 0x00, 0x00, 0x00, 0x00, 0x04, 0x1A, 0x00, // .:%#........
        0x00, 0x00, 0x8E, 0xFF, 0xCE, 0x63, 0x40, 0x4E, 0x88, 0xE3, 0x73, 0x00, // ..+@#=--+%=.
        0x00, 0x00, 0x01, 0x72, 0xEB, 0xFF, 0xFF, 0xFF, 0xFD, 0xC9, 0x3D, 0x00, // ...=%@@@%#:.
        0x00, 0x00, 0x00, 0x00, 0x04, 0x31, 0x43, 0x3A, 0x12, 0x00, 0x00, 0x00, // .....:-:....
        0x00, 0x00, 0x00, 0x00, 0x00, 0x00, 0x00, 0x00, 0x00, 0x00, 0x00, 0x00, // ............
        0x00, 0x00, 0x00, 0x00, 0x00, 0x00, 0x00, 0x00, 0x00, 0x00, 0x00, 0x00, // ............
        0x00, 0x00, 0x00, 0x00, 0x00, 0x00, 0x00, 0x00, 0x00, 0x00, 0x00, 0x00, // ............
        0x00, 0x00, 0x00, 0x00, 0x00, 0x00, 0x00, 0x00, 0x00, 0x00, 0x00, 0x00, // ............
    ],
    // 0x66 'f'
    [
        0x00, 0x00, 0x00, 0x00, 0x00, 0x00, 0x00, 0x00, 0x00, 0x00, 0x00, 0x00, // ............
        0x00, 0x00, 0x00, 0x00, 0x00, 0x00, 0x00, 0x00, 0x00, 0x00, 0x00, 0x00, // ............
        0x00, 0x00, 0x00, 0x00, 0x00, 0x00, 0x00, 0x00, 0x00, 0x00, 0x00, 0x00, // ............
        0x00, 0x00, 0x00, 0x00, 0x00, 0x00, 0x08, 0x2B, 0x30, 0x30, 0x05, 0x00, // .......:::..
        0x00, 0x00, 0x00, 0x00, 0x00, 0x6C, 0xF4, 0xFF, 0xFF, 0xFF, 0x1B, 0x00, // .....=%@@@..
        0x00, 0x00, 0x00, 0x00, 0x25, 0xFD, 0xDA, 0x5C, 0x50, 0x50, 0x09, 0x00, // ....:%#---..
        0x00, 0x00, 0x00, 0x00, 0x64, 0xFF, 0x68, 0x00, 0x00, 0x00, 0x00, 0x00, // ....=@=.....
        0x00, 0x00, 0x00, 0x00, 0x72, 0xFF, 0x59, 0x00, 0x00, 0x00, 0x00, 0x00, // ....=@-.....
        0x00, 0x58, 0xEF, 0xEF, 0xF6, 0xFF, 0xF5, 0xEF, 0xEF, 0xEF, 0x1A, 0x00, // .-%%%@%%%%..
        0x00, 0x29, 0x70, 0x70, 0xB0, 0xFF, 0xA1, 0x70, 0x70, 0x70, 0x0C, 0x00, // .:==*@*===..
        0x00, 0x00, 0x00, 0x00, 0x73, 0xFF, 0x59, 0x00, 0x00, 0x00, 0x00, 0x00, // ....=@-.....
        0x00, 0x00, 0x00, 0x00, 0x73, 0xFF, 0x59, 0x00, 0x00, 0x00, 0x00, 0x00, // ....=@-.....
        0x00, 0x00, 0x00, 0x00, 0x73, 0xFF, 0x59, 0x00, 0x00, 0x00, 0x00, 0x00, // ....=@-.....
        0x00, 0x00, 0x00, 0x00, 0x73, 0xFF, 0x59, 0x00, 0x00, 0x00, 0x00, 0x00, // ....=@-.....
        0x00, 0x00, 0x00, 0x00, 0x73, 0xFF, 0x59, 0x00, 0x00, 0x00, 0x00, 0x00, // ....=@-.....
        0x00, 0x00, 0x00, 0x00, 0x73, 0xFF, 0x59, 0x00, 0x00, 0x00, 0x00, 0x00, // ....=@-.....
        0x00, 0x00, 0x00, 0x00, 0x73, 0xFF, 0x59, 0x00, 0x00, 0x00, 0x00, 0x00, // ....=@-.....
        0x00, 0x00, 0x00, 0x00, 0x73, 0xFF, 0x59, 0x00, 0x00, 0x00, 0x00, 0x00, // ....=@-.....
        0x00, 0x00, 0x00, 0x00, 0x73, 0xFF, 0x59, 0x00, 0x00, 0x00, 0x00, 0x00, // ....=@-.....
        0x00, 0x00, 0x00, 0x00, 0x00, 0x00, 0x00, 0x00, 0x00, 0x00, 0x00, 0x00, // ............
        0x00, 0x00, 0x00, 0x00, 0x00, 0x00, 0x00, 0x00, 0x00, 0x00, 0x00, 0x00, // ............
        0x00, 0x00, 0x00, 0x00, 0x00, 0x00, 0x00, 0x00, 0x00, 0x00, 0x00, 0x00, // ............
        0x00, 0x00, 0x00, 0x00, 0x00, 0x00, 0x00, 0x00, 0x00, 0x00, 0x00, 0x00, // ............
        0x00, 0x00, 0x00, 0x00, 0x00, 0x00, 0x00, 0x00, 0x00, 0x00, 0x00, 0x00, // ............
    ],
    // 0x67 'g'
    [
        0x00, 0x00, 0x00, 0x00, 0x00, 0x00, 0x00, 0x00, 0x00, 0x00, 0x00, 0x00, // ............
        0x00, 0x00, 0x00, 0x00, 0x00, 0x00, 0x00, 0x00, 0x00, 0x00, 0x00, 0x00, // ............
        0x00, 0x00, 0x00, 0x00, 0x00, 0x00, 0x00, 0x00, 0x00, 0x00, 0x00, 0x00, // ............
        0x00, 0x00, 0x00, 0x00, 0x00, 0x00, 0x00, 0x00, 0x00, 0x00, 0x00, 0x00, // ............
        0x00, 0x00, 0x00, 0x00, 0x00, 0x00, 0x00, 0x00, 0x00, 0x00, 0x00, 0x00, // ............
        0x00, 0x00, 0x00, 0x00, 0x00, 0x00, 0x00, 0x00, 0x00, 0x00, 0x00, 0x00, // ............
        0x00, 0x00, 0x00, 0x00, 0x00, 0x00, 0x00, 0x00, 0x00, 0x00, 0x00, 0x00, // ............
        0x00, 0x00, 0x00, 0x00, 0x0D, 0x2F, 0x1E, 0x00, 0x00, 0x00, 0x00, 0x00, // .....:......
        0x00, 0x00, 0x02, 0x86, 0xF8, 0xFF, 0xFF, 0xBA, 0x43, 0xDF, 0x64, 0x00, // ...+%@@*-#=.
        0x00, 0x00, 0x7C, 0xFF, 0xD3, 0x63, 0x5E, 0xC9, 0xE6, 0xFF, 0x73, 0x00, // ..=@#=-#%@=.
        0x00, 0x0D, 0xF3, 0xEB, 0x12, 0x00, 0x00, 0x0C, 0xE5, 0xFF, 0x73, 0x00, // ..%%....%@=.
        0x00, 0x4E, 0xFF, 0x95, 0x00, 0x00, 0x00, 0x00, 0x8F, 0xFF, 0x73, 0x00, // .-@+....+@=.
        0x00, 0x78, 0xFF, 0x6A, 0x00, 0x00, 0x00, 0x00, 0x65, 0xFF, 0x73, 0x00, // .=@=....=@=.
        0x00, 0x85, 0xFF, 0x60, 0x00, 0x00, 0x00, 0x00, 0x5A, 0xFF, 0x73, 0x00, // .+@=....-@=.
        0x00, 0x74, 0xFF, 0x6F, 0x00, 0x00, 0x00, 0x00, 0x68, 0xFF, 0x73, 0x00, // .=@=....=@=.
        0x00, 0x47, 0xFF, 0xA2, 0x00, 0x00, 0x00, 0x00, 0x97, 0xFF, 0x73, 0x00, // .-@*....+@=.
        0x00, 0x08, 0xEB, 0xF5, 0x22, 0x00, 0x00, 0x17, 0xEE, 0xFF, 0x73, 0x00, // ..%%:...%@=.
        0x00, 0x00, 0x67, 0xFF, 0xE6, 0x7F, 0x79, 0xDC, 0xD8, 0xFF, 0x73, 0x00, // ..=@%==##@=.
        0x00, 0x00, 0x00, 0x69, 0xE7, 0xFF, 0xF7, 0x96, 0x5F, 0xFF, 0x70, 0x00, // ...=%@%+-@=.
        0x00, 0x00, 0x00, 0x00, 0x00, 0x0F, 0x05, 0x00, 0x6B, 0xFF, 0x5B, 0x00, // ........=@-.
        0x00, 0x00, 0x00, 0x00, 0x00, 0x00, 0x00, 0x00, 0xB1, 0xFE, 0x20, 0x00, // ........*%:.
        0x00, 0x00, 0x4A, 0xAC, 0x57, 0x28, 0x2E, 0x89, 0xFF, 0xA7, 0x00, 0x00, // ..-*-::+@*..
        0x00, 0x00, 0x3E, 0xF5, 0xFF, 0xFF, 0xFF, 0xFE, 0xA9, 0x0D, 0x00, 0x00, // ..:%@@@%*...
        0x00, 0x00, 0x00, 0x05, 0x30, 0x4A, 0x43, 0x18, 0x00, 0x00, 0x00, 0x00, // ....:--.....
    ],
    // 0x68 'h'
    [
        0x00, 0x00, 0x00, 0x00, 0x00, 0x00, 0x00, 0x00, 0x00, 0x00, 0x00, 0x00, // ............
        0x00, 0x00, 0x00, 0x00, 0x00, 0x00, 0x00, 0x00, 0x00, 0x00, 0x00, 0x00, // ............
        0x00, 0x00, 0x00, 0x00, 0x00, 0x00, 0x00, 0x00, 0x00, 0x00, 0x00, 0x00, // ............
        0x00, 0x05, 0x30, 0x22, 0x00, 0x00, 0x00, 0x00, 0x00, 0x00, 0x00, 0x00, // ..::........
        0x00, 0x18, 0xFF, 0xB3, 0x00, 0x00, 0x00, 0x00, 0x00, 0x00, 0x00, 0x00, // ..@*........
        0x00, 0x18, 0xFF, 0xB3, 0x00, 0x00, 0x00, 0x00, 0x00, 0x00, 0x00, 0x00, // ..@*........
        0x00, 0x18, 0xFF, 0xB3, 0x00, 0x00, 0x00, 0x00, 0x00, 0x00, 0x00, 0x00, // ..@*........
        0x00, 0x18, 0xFF, 0xB3, 0x00, 0x05, 0x2B, 0x28, 0x03, 0x00, 0x00, 0x00, // ..@*..::....
        0x00, 0x18, 0xFF, 0xB3, 0x55, 0xEB, 0xFF, 0xFF, 0xDC, 0x29, 0x00, 0x00, // ..@*-%@@#:..
        0x00, 0x18, 0xFF, 0xDC, 0xE8, 0x7C, 0x62, 0xB0, 0xFF, 0xC6, 0x00, 0x00, // ..@#%==*@#..
        0x00, 0x18, 0xFF, 0xFF, 0x3E, 0x00, 0x00, 0x02, 0xD4, 0xFF, 0x17, 0x00, // ..@@:...#@..
        0x00, 0x18, 0xFF, 0xDA, 0x00, 0x00, 0x00, 0x00, 0x96, 0xFF, 0x3B, 0x00, // ..@#....+@:.
        0x00, 0x18, 0xFF, 0xB7, 0x00, 0x00, 0x00, 0x00, 0x8B, 0xFF, 0x43, 0x00, // ..@*....+@-.
        0x00, 0x18, 0xFF, 0xB3, 0x00, 0x00, 0x00, 0x00, 0x8A, 0xFF, 0x43, 0x00, // ..@*....+@-.
        0x00, 0x18, 0xFF, 0xB3, 0x00, 0x00, 0x00, 0x00, 0x8A, 0xFF, 0x43, 0x00, // ..@*....+@-.
        0x00, 0x18, 0xFF, 0xB3, 0x00, 0x00, 0x00, 0x00, 0x8A, 0xFF, 0x43, 0x00, // ..@*....+@-.
        0x00, 0x18, 0xFF, 0xB3, 0x00, 0x00, 0x00, 0x00, 0x8A, 0xFF, 0x43, 0x00, // ..@*....+@-.
        0x00, 0x18, 0xFF, 0xB3, 0x00, 0x00, 0x00, 0x00, 0x8A, 0xFF, 0x43, 0x00, // ..@*....+@-.
        0x00, 0x18, 0xFF, 0xB3, 0x00, 0x00, 0x00, 0x00, 0x8A, 0xFF, 0x43, 0x00, // ..@*....+@-.
        0x00, 0x00, 0x00, 0x00, 0x00, 0x00, 0x00, 0x00, 0x00, 0x00, 0x00, 0x00, // ............
        0x00, 0x00, 0x00, 0x00, 0x00, 0x00, 0x00, 0x00, 0x00, 0x00, 0x00, 0x00, // ............
        0x00, 0x00, 0x00, 0x00, 0x00, 0x00, 0x00, 0x00, 0x00, 0x00, 0x00, 0x00, // ............
        0x00, 0x00, 0x00, 0x00, 0x00, 0x00, 0x00, 0x00, 0x00, 0x00, 0x00, 0x00, // ............
        0x00, 0x00, 0x00, 0x00, 0x00, 0x00, 0x00, 0x00, 0x00, 0x00, 0x00, 0x00, // ............
    ],
    // 0x69 'i'
    [
        0x00, 0x00, 0x00, 0x00, 0x00, 0x00, 0x00, 0x00, 0x00, 0x00, 0x00, 0x00, // ............
        0x00, 0x00, 0x00, 0x00, 0x00, 0x00, 0x00, 0x00, 0x00, 0x00, 0x00, 0x00, // ............
        0x00, 0x00, 0x00, 0x00, 0x00, 0x00, 0x00, 0x00, 0x00, 0x00, 0x00, 0x00, // ............
        0x00, 0x00, 0x00, 0x00, 0x06, 0x30, 0x24, 0x00, 0x00, 0x00, 0x00, 0x00, // .....::.....
        0x00, 0x00, 0x00, 0x00, 0x2F, 0xFF, 0xCE, 0x00, 0x00, 0x00, 0x00, 0x00, // ....:@#.....
        0x00, 0x00, 0x00, 0x00, 0x2E, 0xFF, 0xCD, 0x00, 0x00, 0x00, 0x00, 0x00, // ....:@#.....
        0x00, 0x00, 0x00, 0x00, 0x01, 0x10, 0x0B, 0x00, 0x00, 0x00, 0x00, 0x00, // ............
        0x00, 0x00, 0x00, 0x00, 0x00, 0x00, 0x00, 0x00, 0x00, 0x00, 0x00, 0x00, // ............
        0x00, 0x00, 0x5C, 0xEF, 0xEF, 0xEF, 0xC1, 0x00, 0x00, 0x00, 0x00, 0x00, // ..-%%%#.....
        0x00, 0x00, 0x2B, 0x70, 0x70, 0xFE, 0xCE, 0x00, 0x00, 0x00, 0x00, 0x00, // ..:==%#.....
        0x00, 0x00, 0x00, 0x00, 0x00, 0xFD, 0xCE, 0x00, 0x00, 0x00, 0x00, 0x00, // .....%#.....
        0x00, 0x00, 0x00, 0x00, 0x00, 0xFD, 0xCE, 0x00, 0x00, 0x00, 0x00, 0x00, // .....%#.....
        0x00, 0x00, 0x00, 0x00, 0x00, 0xFD, 0xCE, 0x00, 0x00, 0x00, 0x00, 0x00, // .....%#.....
        0x00, 0x00, 0x00, 0x00, 0x00, 0xFD, 0xCE, 0x00, 0x00, 0x00, 0x00, 0x00, // .....%#.....
        0x00, 0x00, 0x00, 0x00, 0x00, 0xFD, 0xCE, 0x00, 0x00, 0x00, 0x00, 0x00, // .....%#.....
        0x00, 0x00, 0x00, 0x00, 0x00, 0xF8, 0xD3, 0x00, 0x00, 0x00, 0x00, 0x00, // .....%#.....
        0x00, 0x00, 0x00, 0x00, 0x00, 0xD4, 0xF8, 0x14, 0x00, 0x00, 0x00, 0x00, // .....#%.....
        0x00, 0x00, 0x00, 0x00, 0x00, 0x73, 0xFF, 0xCD, 0x74, 0x70, 0x4A, 0x00, // .....=@#==-.
        0x00, 0x00, 0x00, 0x00, 0x00, 0x03, 0x8B, 0xF4, 0xFF, 0xFF, 0xA9, 0x00, // ......+%@@*.
        0x00, 0x00, 0x00, 0x00, 0x00, 0x00, 0x00, 0x04, 0x10, 0x10, 0x0B, 0x00, // ............
        0x00, 0x00, 0x00, 0x00, 0x00, 0x00, 0x00, 0x00, 0x00, 0x00, 0x00, 0x00, // ............
        0x00, 0x00, 0x00, 0x00, 0x00, 0x00, 0x00, 0x00, 0x00, 0x00, 0x00, 0x00, // ............
        0x00, 0x00, 0x00, 0x00, 0x00, 0x00, 0x00, 0x00, 0x00, 0x00, 0x00, 0x00, // ............
        0x00, 0x00, 0x00, 0x00, 0x00, 0x00, 0x00, 0x00, 0x00, 0x00, 0x00, 0x00, // ............
    ],
    // 0x6A 'j'
    [
        0x00, 0x00, 0x00, 0x00, 0x00, 0x00, 0x00, 0x00, 0x00, 0x00, 0x00, 0x00, // ............
        0x00, 0x00, 0x00, 0x00, 0x00, 0x00, 0x00, 0x00, 0x00, 0x00, 0x00, 0x00, // ............
        0x00, 0x00, 0x00, 0x00, 0x00, 0x00, 0x00, 0x00, 0x00, 0x00, 0x00, 0x00, // ............
        0x00, 0x00, 0x00, 0x00, 0x00, 0x00, 0x29, 0x2F, 0x01, 0x00, 0x00, 0x00, // ......::....
        0x00, 0x00, 0x00, 0x00, 0x00, 0x00, 0xEC, 0xFF, 0x11, 0x00, 0x00, 0x00, // ......%@....
        0x00, 0x00, 0x00, 0x00, 0x00, 0x00, 0xEB, 0xFF, 0x10, 0x00, 0x00, 0x00, // ......%@....
        0x00, 0x00, 0x00, 0x00, 0x00, 0x00, 0x0D, 0x0F, 0x00, 0x00, 0x00, 0x00, // ............
        0x00, 0x00, 0x00, 0x00, 0x00, 0x00, 0x00, 0x00, 0x00, 0x00, 0x00, 0x00, // ............
        0x00, 0x00, 0x00, 0xAE, 0xEF, 0xEF, 0xEF, 0xEF, 0x27, 0x00, 0x00, 0x00, // ...*%%%%:...
        0x00, 0x00, 0x00, 0x51, 0x70, 0x70, 0xCA, 0xFF, 0x2A, 0x00, 0x00, 0x00, // ...-==#@:...
        0x00, 0x00, 0x00, 0x00, 0x00, 0x00, 0xA1, 0xFF, 0x2A, 0x00, 0x00, 0x00, // ......*@:...
        0x00, 0x00, 0x00, 0x00, 0x00, 0x00, 0xA1, 0xFF, 0x2A, 0x00, 0x00, 0x00, // ......*@:...
        0x00, 0x00, 0x00, 0x00, 0x00, 0x00, 0xA1, 0xFF, 0x2A, 0x00, 0x00, 0x00, // ......*@:...
        0x00, 0x00, 0x00, 0x00, 0x00, 0x00, 0xA1, 0xFF, 0x2A, 0x00, 0x00, 0x00, // ......*@:...
        0x00, 0x00, 0x00, 0x00, 0x00, 0x00, 0xA1, 0xFF, 0x2A, 0x00, 0x00, 0x00, // ......*@:...
        0x00, 0x00, 0x00, 0x00, 0x00, 0x00, 0xA1, 0xFF, 0x2A, 0x00, 0x00, 0x00, // ......*@:...
        0x00, 0x00, 0x00, 0x00, 0x00, 0x00, 0xA1, 0xFF, 0x2A, 0x00, 0x00, 0x00, // ......*@:...
        0x00, 0x00, 0x00, 0x00, 0x00, 0x00, 0xA1, 0xFF, 0x2A, 0x00, 0x00, 0x00, // ......*@:...
        0x00, 0x00, 0x00, 0x00, 0x00, 0x00, 0xA1, 0xFF, 0x2A, 0x00, 0x00, 0x00, // ......*@:...
        0x00, 0x00, 0x00, 0x00, 0x00, 0x00, 0xA6, 0xFF, 0x26, 0x00, 0x00, 0x00, // ......*@:...
        0x00, 0x00, 0x00, 0x00, 0x00, 0x01, 0xD5, 0xFB, 0x0B, 0x00, 0x00, 0x00, // ......#%....
        0x00, 0x00, 0x41, 0x60, 0x60, 0xA2, 0xFF, 0xAD, 0x00, 0x00, 0x00, 0x00, // ..-==*@*....
        0x00, 0x00, 0xAC, 0xFF, 0xFF, 0xFF, 0xBD, 0x15, 0x00, 0x00, 0x00, 0x00, // ..*@@@*.....
        0x00, 0x00, 0x20, 0x30, 0x2E, 0x16, 0x00, 0x00, 0x00, 0x00, 0x00, 0x00, // ..:::.......
    ],
    // 0x6B 'k'
    [
        0x00, 0x00, 0x00, 0x00, 0x00, 0x00, 0x00, 0x00, 0x00, 0x00, 0x00, 0x00, // ............
        0x00, 0x00, 0x00, 0x00, 0x00, 0x00, 0x00, 0x00, 0x00, 0x00, 0x00, 0x00, // ............
        0x00, 0x00, 0x00, 0x00, 0x00, 0x00, 0x00, 0x00, 0x00, 0x00, 0x00, 0x00, // ............
        0x00, 0x00, 0x26, 0x30, 0x03, 0x00, 0x00, 0x00, 0x00, 0x00, 0x00, 0x00, // ..::........
        0x00, 0x00, 0xCA, 0xFF, 0x10, 0x00, 0x00, 0x00, 0x00, 0x00, 0x00, 0x00, // ..#@........
        0x00, 0x00, 0xCA, 0xFF, 0x10, 0x00, 0x00, 0x00, 0x00, 0x00, 0x00, 0x00, // ..#@........
        0x00, 0x00, 0xCA, 0xFF, 0x10, 0x00, 0x00, 0x00, 0x00, 0x00, 0x00, 0x00, // ..#@........
        0x00, 0x00, 0xCA, 0xFF, 0x10, 0x00, 0x00, 0x00, 0x00, 0x00, 0x00, 0x00, // ..#@........
        0x00, 0x00, 0xCA, 0xFF, 0x10, 0x00, 0x00, 0x05, 0xA5, 0xEF, 0x72, 0x00, // ..#@....*%=.
        0x00, 0x00, 0xCA, 0xFF, 0x10, 0x00, 0x07, 0xAF, 0xFF, 0x77, 0x00, 0x00, // ..#@...*@=..
        0x00, 0x00, 0xCA, 0xFF, 0x10, 0x09, 0xB7, 0xFE, 0x6C, 0x00, 0x00, 0x00, // ..#@..*%=...
        0x00, 0x00, 0xCA, 0xFF, 0x1C, 0xBE, 0xFC, 0x62, 0x00, 0x00, 0x00, 0x00, // ..#@.*%=....
        0x00, 0x00, 0xCA, 0xFF, 0xCF, 0xFF, 0xDF, 0x0B, 0x00, 0x00, 0x00, 0x00, // ..#@#@#.....
        0x00, 0x00, 0xCA, 0xFF, 0xF5, 0xAB, 0xFF, 0x9F, 0x00, 0x00, 0x00, 0x00, // ..#@%*@+....
        0x00, 0x00, 0xCA, 0xFF, 0x43, 0x03, 0xC3, 0xFF, 0x5A, 0x00, 0x00, 0x00, // ..#@-.#@-...
        0x00, 0x00, 0xCA, 0xFF, 0x10, 0x00, 0x20, 0xF0, 0xF1, 0x23, 0x00, 0x00, // ..#@..:%%:..
        0x00, 0x00, 0xCA, 0xFF, 0x10, 0x00, 0x00, 0x59, 0xFF, 0xCA, 0x06, 0x00, // ..#@...-@#..
        0x00, 0x00, 0xCA, 0xFF, 0x10, 0x00, 0x00, 0x00, 0xA1, 0xFF, 0x8B, 0x00, // ..#@....*@+.
        0x00, 0x00, 0xCA, 0xFF, 0x10, 0x00, 0x00, 0x00, 0x0D, 0xDC, 0xFE, 0x48, // ..#@.....#%-
        0x00, 0x00, 0x00, 0x00, 0x00, 0x00, 0x00, 0x00, 0x00, 0x00, 0x00, 0x00, // ............
        0x00, 0x00, 0x00, 0x00, 0x00, 0x00, 0x00, 0x00, 0x00, 0x00, 0x00, 0x00, // ............
        0x00, 0x00, 0x00, 0x00, 0x00, 0x00, 0x00, 0x00, 0x00, 0x00, 0x00, 0x00, // ............
        0x00, 0x00, 0x00, 0x00, 0x00, 0x00, 0x00, 0x00, 0x00, 0x00, 0x00, 0x00, // ............
        0x00, 0x00, 0x00, 0x00, 0x00, 0x00, 0x00, 0x00, 0x00, 0x00, 0x00, 0x00, // ............
    ],
    // 0x6C 'l'
    [
        0x00, 0x00, 0x00, 0x00, 0x00, 0x00, 0x00, 0x00, 0x00, 0x00, 0x00, 0x00, // ............
        0x00, 0x00, 0x00, 0x00, 0x00, 0x00, 0x00, 0x00, 0x00, 0x00, 0x00, 0x00, // ............
        0x00, 0x00, 0x00, 0x00, 0x00, 0x00, 0x00, 0x00, 0x00, 0x00, 0x00, 0x00, // ............
        0x00, 0x0C, 0x30, 0x30, 0x30, 0x30, 0x15, 0x00, 0x00, 0x00, 0x00, 0x00, // ..::::......
        0x00, 0x3E, 0xFF, 0xFF, 0xFF, 0xFF, 0x6F, 0x00, 0x00, 0x00, 0x00, 0x00, // .:@@@@=.....
        0x00, 0x0C, 0x30, 0x30, 0x7B, 0xFF, 0x6F, 0x00, 0x00, 0x00, 0x00, 0x00, // ..::=@=.....
        0x00, 0x00, 0x00, 0x00, 0x5C, 0xFF, 0x6F, 0x00, 0x00, 0x00, 0x00, 0x00, // ....-@=.....
        0x00, 0x00, 0x00, 0x00, 0x5C, 0xFF, 0x6F, 0x00, 0x00, 0x00, 0x00, 0x00, // ....-@=.....
        0x00, 0x00, 0x00, 0x00, 0x5C, 0xFF, 0x6F, 0x00, 0x00, 0x00, 0x00, 0x00, // ....-@=.....
        0x00, 0x00, 0x00, 0x00, 0x5C, 0xFF, 0x6F, 0x00, 0x00, 0x00, 0x00, 0x00, // ....-@=.....
        0x00, 0x00, 0x00, 0x00, 0x5C, 0xFF, 0x6F, 0x00, 0x00, 0x00, 0x00, 0x00, // ....-@=.....
        0x00, 0x00, 0x00, 0x00, 0x5C, 0xFF, 0x6F, 0x00, 0x00, 0x00, 0x00, 0x00, // ....-@=.....
        0x00, 0x00, 0x00, 0x00, 0x5C, 0xFF, 0x6F, 0x00, 0x00, 0x00, 0x00, 0x00, // ....-@=.....
        0x00, 0x00, 0x00, 0x00, 0x5C, 0xFF, 0x6F, 0x00, 0x00, 0x00, 0x00, 0x00, // ....-@=.....
        0x00, 0x00, 0x00, 0x00, 0x5C, 0xFF, 0x6F, 0x00, 0x00, 0x00, 0x00, 0x00, // ....-@=.....
        0x00, 0x00, 0x00, 0x00, 0x58, 0xFF, 0x75, 0x00, 0x00, 0x00, 0x00, 0x00, // ....-@=.....
        0x00, 0x00, 0x00, 0x00, 0x34, 0xFF, 0xAD, 0x00, 0x00, 0x00, 0x00, 0x00, // ....:@*.....
        0x00, 0x00, 0x00, 0x00, 0x02, 0xD0, 0xFE, 0x9C, 0x70, 0x70, 0x21, 0x00, // .....#%+==:.
        0x00, 0x00, 0x00, 0x00, 0x00, 0x22, 0xC1, 0xFE, 0xFF, 0xFF, 0x4B, 0x00, // .....:#%@@-.
        0x00, 0x00, 0x00, 0x00, 0x00, 0x00, 0x00, 0x0A, 0x10, 0x10, 0x05, 0x00, // ............
        0x00, 0x00, 0x00, 0x00, 0x00, 0x00, 0x00, 0x00, 0x00, 0x00, 0x00, 0x00, // ............
        0x00, 0x00, 0x00, 0x00, 0x00, 0x00, 0x00, 0x00, 0x00, 0x00, 0x00, 0x00, // ............
        0x00, 0x00, 0x00, 0x00, 0x00, 0x00, 0x00, 0x00, 0x00, 0x00, 0x00, 0x00, // ............
        0x00, 0x00, 0x00, 0x00, 0x00, 0x00, 0x00, 0x00, 0x00, 0x00, 0x00, 0x00, // ............
    ],
    // 0x6D 'm'
    [
        0x00, 0x00, 0x00, 0x00, 0x00, 0x00, 0x00, 0x00, 0x00, 0x00, 0x00, 0x00, // ............
        0x00, 0x00, 0x00, 0x00, 0x00, 0x00, 0x00, 0x00, 0x00, 0x00, 0x00, 0x00, // ............
        0x00, 0x00, 0x00, 0x00, 0x00, 0x00, 0x00, 0x00, 0x00, 0x00, 0x00, 0x00, // ............
        0x00, 0x00, 0x00, 0x00, 0x00, 0x00, 0x00, 0x00, 0x00, 0x00, 0x00, 0x00, // ............
        0x00, 0x00, 0x00, 0x00, 0x00, 0x00, 0x00, 0x00, 0x00, 0x00, 0x00, 0x00, // ............
        0x00, 0x00, 0x00, 0x00, 0x00, 0x00, 0x00, 0x00, 0x00, 0x00, 0x00, 0x00, // ............
        0x00, 0x00, 0x00, 0x00, 0x00, 0x00, 0x00, 0x00, 0x00, 0x00, 0x00, 0x00, // ............
        0x00, 0x00, 0x00, 0x04, 0x2D, 0x10, 0x00, 0x04, 0x2C, 0x15, 0x00, 0x00, // ....:...:...
        0x00, 0xE0, 0xA6, 0xD4, 0xFF, 0xF2, 0x49, 0xD4, 0xFF, 0xFA, 0x52, 0x00, // .%*#@%-#@%-.
        0x00, 0xEF, 0xFE, 0x71, 0x77, 0xFF, 0xFB, 0x95, 0x5E, 0xF0, 0xCA, 0x00, // .%%==@%+-%#.
        0x00, 0xEF, 0xD2, 0x00, 0x00, 0xE0, 0xFB, 0x08, 0x00, 0xAA, 0xF7, 0x01, // .%#..%%..*%.
        0x00, 0xEF, 0xB8, 0x00, 0x00, 0xC8, 0xE9, 0x00, 0x00, 0x94, 0xFF, 0x0E, // .%*..#%..+@.
        0x00, 0xEF, 0xB2, 0x00, 0x00, 0xC1, 0xE2, 0x00, 0x00, 0x8E, 0xFF, 0x15, // .%*..#%..+@.
        0x00, 0xEF, 0xB1, 0x00, 0x00, 0xC1, 0xE2, 0x00, 0x00, 0x8E, 0xFF, 0x15, // .%*..#%..+@.
        0x00, 0xEF, 0xB1, 0x00, 0x00, 0xC1, 0xE2, 0x00, 0x00, 0x8E, 0xFF, 0x15, // .%*..#%..+@.
        0x00, 0xEF, 0xB1, 0x00, 0x00, 0xC1, 0xE2, 0x00, 0x00, 0x8E, 0xFF, 0x15, // .%*..#%..+@.
        0x00, 0xEF, 0xB1, 0x00, 0x00, 0xC1, 0xE2, 0x00, 0x00, 0x8E, 0xFF, 0x15, // .%*..#%..+@.
        0x00, 0xEF, 0xB1, 0x00, 0x00, 0xC1, 0xE2, 0x00, 0x00, 0x8E, 0xFF, 0x15, // .%*..#%..+@.
        0x00, 0xEF, 0xB1, 0x00, 0x00, 0xC1, 0xE2, 0x00, 0x00, 0x8E, 0xFF, 0x15, // .%*..#%..+@.
        0x00, 0x00, 0x00, 0x00, 0x00, 0x00, 0x00, 0x00, 0x00, 0x00, 0x00, 0x00, // ............
        0x00, 0x00, 0x00, 0x00, 0x00, 0x00, 0x00, 0x00, 0x00, 0x00, 0x00, 0x00, // ............
        0x00, 0x00, 0x00, 0x00, 0x00, 0x00, 0x00, 0x00, 0x00, 0x00, 0x00, 0x00, // ............
        0x00, 0x00, 0x00, 0x00, 0x00, 0x00, 0x00, 0x00, 0x00, 0x00, 0x00, 0x00, // ............
        0x00, 0x00, 0x00, 0x00, 0x00, 0x00, 0x00, 0x00, 0x00, 0x00, 0x00, 0x00, // ............
    ],
    // 0x6E 'n'
    [
        0x00, 0x00, 0x00, 0x00, 0x00, 0x00, 0x00, 0x00, 0x00, 0x00, 0x00, 0x00, // ............
        0x00, 0x00, 0x00, 0x00, 0x00, 0x00, 0x00, 0x00, 0x00, 0x00, 0x00, 0x00, // ............
        0x00, 0x00, 0x00, 0x00, 0x00, 0x00, 0x00, 0x00, 0x00, 0x00, 0x00, 0x00, // ............
        0x00, 0x00, 0x00, 0x00, 0x00, 0x00, 0x00, 0x00, 0x00, 0x00, 0x00, 0x00, // ............
        0x00, 0x00, 0x00, 0x00, 0x00, 0x00, 0x00, 0x00, 0x00, 0x00, 0x00, 0x00, // ............
        0x00, 0x00, 0x00, 0x00, 0x00, 0x00, 0x00, 0x00, 0x00, 0x00, 0x00, 0x00, // ............
        0x00, 0x00, 0x00, 0x00, 0x00, 0x00, 0x00, 0x00, 0x00, 0x00, 0x00, 0x00, // ............
        0x00, 0x00, 0x00, 0x00, 0x00, 0x05, 0x2B, 0x24, 0x00, 0x00, 0x00, 0x00, // ......::....
        0x00, 0x17, 0xEF, 0x8A, 0x55, 0xEB, 0xFF, 0xFF, 0xD3, 0x23, 0x00, 0x00, // ..%+-%@@#:..
        0x00, 0x18, 0xFF, 0xD6, 0xEC, 0x81, 0x62, 0xAE, 0xFF, 0xBF, 0x00, 0x00, // ..@#%+=*@*..
        0x00, 0x18, 0xFF, 0xFF, 0x42, 0x00, 0x00, 0x02, 0xD3, 0xFE, 0x16, 0x00, // ..@@-...#%..
        0x00, 0x18, 0xFF, 0xD9, 0x00, 0x00, 0x00, 0x00, 0x96, 0xFF, 0x39, 0x00, // ..@#....+@:.
        0x00, 0x18, 0xFF, 0xB6, 0x00, 0x00, 0x00, 0x00, 0x8B, 0xFF, 0x43, 0x00, // ..@*....+@-.
        0x00, 0x18, 0xFF, 0xB3, 0x00, 0x00, 0x00, 0x00, 0x8A, 0xFF, 0x43, 0x00, // ..@*....+@-.
        0x00, 0x18, 0xFF, 0xB3, 0x00, 0x00, 0x00, 0x00, 0x8A, 0xFF, 0x43, 0x00, // ..@*....+@-.
        0x00, 0x18, 0xFF, 0xB3, 0x00, 0x00, 0x00, 0x00, 0x8A, 0xFF, 0x43, 0x00, // ..@*....+@-.
        0x00, 0x18, 0xFF, 0xB3, 0x00, 0x00, 0x00, 0x00, 0x8A, 0xFF, 0x43, 0x00, // ..@*....+@-.
        0x00, 0x18, 0xFF, 0xB3, 0x00, 0x00, 0x00, 0x00, 0x8A, 0xFF, 0x43, 0x00, // ..@*....+@-.
        0x00, 0x18, 0xFF, 0xB3, 0x00, 0x00, 0x00, 0x00, 0x8A, 0xFF, 0x43, 0x00, // ..@*....+@-.
        0x00, 0x00, 0x00, 0x00, 0x00, 0x00, 0x00, 0x00, 0x00, 0x00, 0x00, 0x00, // ............
        0x00, 0x00, 0x00, 0x00, 0x00, 0x00, 0x00, 0x00, 0x00, 0x00, 0x00, 0x00, // ............
        0x00, 0x00, 0x00, 0x00, 0x00, 0x00, 0x00, 0x00, 0x00, 0x00, 0x00, 0x00, // ............
        0x00, 0x00, 0x00, 0x00, 0x00, 0x00, 0x00, 0x00, 0x00, 0x00, 0x00, 0x00, // ............
        0x00, 0x00, 0x00, 0x00, 0x00, 0x00, 0x00, 0x00, 0x00, 0x00, 0x00, 0x00, // ............
    ],
    // 0x6F 'o'
    [
        0x00, 0x00, 0x00, 0x00, 0x00, 0x00, 0x00, 0x00, 0x00, 0x00, 0x00, 0x00, // ............
        0x00, 0x00, 0x00, 0x00, 0x00, 0x00, 0x00, 0x00, 0x00, 0x00, 0x00, 0x00, // ............
        0x00, 0x00, 0x00, 0x00, 0x00, 0x00, 0x00, 0x00, 0x00, 0x00, 0x00, 0x00, // ............
        0x00, 0x00, 0x00, 0x00, 0x00, 0x00, 0x00, 0x00, 0x00, 0x00, 0x00, 0x00, // ............
        0x00, 0x00, 0x00, 0x00, 0x00, 0x00, 0x00, 0x00, 0x00, 0x00, 0x00, 0x00, // ............
        0x00, 0x00, 0x00, 0x00, 0x00, 0x00, 0x00, 0x00, 0x00, 0x00, 0x00, 0x00, // ............
        0x00, 0x00, 0x00, 0x00, 0x00, 0x00, 0x00, 0x00, 0x00, 0x00, 0x00, 0x00, // ............
        0x00, 0x00, 0x00, 0x00, 0x07, 0x2B, 0x2C, 0x09, 0x00, 0x00, 0x00, 0x00, // .....::.....
        0x00, 0x00, 0x05, 0x88, 0xF4, 0xFF, 0xFF, 0xF6, 0x90, 0x07, 0x00, 0x00, // ...+%@@%+...
        0x00, 0x00, 0x97, 0xFF, 0xCE, 0x62, 0x60, 0xC8, 0xFF, 0xA4, 0x00, 0x00, // ..+@#==#@*..
        0x00, 0x26, 0xFE, 0xE0, 0x0D, 0x00, 0x00, 0x09, 0xD9, 0xFF, 0x30, 0x00, // .:%%....#@:.
        0x00, 0x73, 0xFF, 0x7E, 0x00, 0x00, 0x00, 0x00, 0x73, 0xFF, 0x7E, 0x00, // .=@=....=@=.
        0x00, 0x9B, 0xFF, 0x4D, 0x00, 0x00, 0x00, 0x00, 0x43, 0xFF, 0xA5, 0x00, // .+@-....-@*.
        0x00, 0xA7, 0xFF, 0x3F, 0x00, 0x00, 0x00, 0x00, 0x35, 0xFF, 0xB2, 0x00, // .*@:....:@*.
        0x00, 0x9D, 0xFF, 0x4B, 0x00, 0x00, 0x00, 0x00, 0x41, 0xFF, 0xA8, 0x00, // .+@-....-@*.
        0x00, 0x78, 0xFF, 0x79, 0x00, 0x00, 0x00, 0x00, 0x6E, 0xFF, 0x84, 0x00, // .=@=....=@+.
        0x00, 0x2F, 0xFF, 0xDA, 0x08, 0x00, 0x00, 0x05, 0xD1, 0xFF, 0x3B, 0x00, // .:@#....#@:.
        0x00, 0x00, 0xA8, 0xFF, 0xC0, 0x4E, 0x4C, 0xB9, 0xFF, 0xB5, 0x00, 0x00, // ..*@#--*@*..
        0x00, 0x00, 0x0A, 0x9E, 0xFC, 0xFF, 0xFF, 0xFD, 0xA8, 0x0E, 0x00, 0x00, // ...+%@@%*...
        0x00, 0x00, 0x00, 0x00, 0x14, 0x3D, 0x3F, 0x17, 0x00, 0x00, 0x00, 0x00, // .....::.....
        0x00, 0x00, 0x00, 0x00, 0x00, 0x00, 0x00, 0x00, 0x00, 0x00, 0x00, 0x00, // ............
        0x00, 0x00, 0x00, 0x00, 0x00, 0x00, 0x00, 0x00, 0x00, 0x00, 0x00, 0x00, // ............
        0x00, 0x00, 0x00, 0x00, 0x00, 0x00, 0x00, 0x00, 0x00, 0x00, 0x00, 0x00, // ............
        0x00, 0x00, 0x00, 0x00, 0x00, 0x00, 0x00, 0x00, 0x00, 0x00, 0x00, 0x00, // ............
    ],
    // 0x70 'p'
    [
        0x00, 0x00, 0x00, 0x00, 0x00, 0x00, 0x00, 0x00, 0x00, 0x00, 0x00, 0x00, // ............
        0x00, 0x00, 0x00, 0x00, 0x00, 0x00, 0x00, 0x00, 0x00, 0x00, 0x00, 0x00, // ............
        0x00, 0x00, 0x00, 0x00, 0x00, 0x00, 0x00, 0x00, 0x00, 0x00, 0x00, 0x00, // ............
        0x00, 0x00, 0x00, 0x00, 0x00, 0x00, 0x00, 0x00, 0x00, 0x00, 0x00, 0x00, // ............
        0x00, 0x00, 0x00, 0x00, 0x00, 0x00, 0x00, 0x00, 0x00, 0x00, 0x00, 0x00, // ............
        0x00, 0x00, 0x00, 0x00, 0x00, 0x00, 0x00, 0x00, 0x00, 0x00, 0x00, 0x00, // ............
        0x00, 0x00, 0x00, 0x00, 0x00, 0x00, 0x00, 0x00, 0x00, 0x00, 0x00, 0x00, // ............
        0x00, 0x00, 0x00, 0x00, 0x00, 0x0E, 0x30, 0x19, 0x00, 0x00, 0x00, 0x00, // ......:.....
        0x00, 0x23, 0xEF, 0x82, 0x81, 0xF9, 0xFF, 0xFF, 0xB7, 0x16, 0x00, 0x00, // .:%++%@@*...
        0x00, 0x25, 0xFF, 0xEA, 0xF3, 0x7D, 0x57, 0xA3, 0xFF, 0xC7, 0x02, 0x00, // .:@%%=-*@#..
        0x00, 0x25, 0xFF, 0xFF, 0x54, 0x00, 0x00, 0x00, 0xAB, 0xFF, 0x50, 0x00, // .:@@-...*@-.
        0x00, 0x25, 0xFF, 0xE6, 0x01, 0x00, 0x00, 0x00, 0x49, 0xFF, 0x9D, 0x00, // .:@%....-@+.
        0x00, 0x25, 0xFF, 0xB8, 0x00, 0x00, 0x00, 0x00, 0x1F, 0xFF, 0xC4, 0x00, // .:@*.....@#.
        0x00, 0x25, 0xFF, 0xAA, 0x00, 0x00, 0x00, 0x00, 0x13, 0xFF, 0xCF, 0x00, // .:@*.....@#.
        0x00, 0x25, 0xFF, 0xB6, 0x00, 0x00, 0x00, 0x00, 0x1D, 0xFF, 0xC5, 0x00, // .:@*.....@#.
        0x00, 0x25, 0xFF, 0xE2, 0x00, 0x00, 0x00, 0x00, 0x44, 0xFF, 0x9F, 0x00, // .:@%....-@+.
        0x00, 0x25, 0xFF, 0xFF, 0x49, 0x00, 0x00, 0x00, 0x9F, 0xFF, 0x55, 0x00, // .:@@-...+@-.
        0x00, 0x25, 0xFF, 0xF4, 0xED, 0x69, 0x44, 0x8E, 0xFE, 0xCF, 0x04, 0x00, // .:@%%=-+%#..
        0x00, 0x25, 0xFF, 0xAB, 0x9A, 0xFE, 0xFF, 0xFF, 0xC9, 0x1D, 0x00, 0x00, // .:@*+%@@#...
        0x00, 0x25, 0xFF, 0xA9, 0x00, 0x20, 0x41, 0x2D, 0x00, 0x00, 0x00, 0x00, // .:@*.:-:....
        0x00, 0x25, 0xFF, 0xA9, 0x00, 0x00, 0x00, 0x00, 0x00, 0x00, 0x00, 0x00, // .:@*........
        0x00, 0x25, 0xFF, 0xA9, 0x00, 0x00, 0x00, 0x00, 0x00, 0x00, 0x00, 0x00, // .:@*........
        0x00, 0x25, 0xFF, 0xA9, 0x00, 0x00, 0x00, 0x00, 0x00, 0x00, 0x00, 0x00, // .:@*........
        0x00, 0x07, 0x30, 0x20, 0x00, 0x00, 0x00, 0x00, 0x00, 0x00, 0x00, 0x00, // ..::........
    ],
    // 0x71 'q'
    [
        0x00, 0x00, 0x00, 0x00, 0x00, 0x00, 0x00, 0x00, 0x00, 0x00, 0x00, 0x00, // ............
        0x00, 0x00, 0x00, 0x00, 0x00, 0x00, 0x00, 0x00, 0x00, 0x00, 0x00, 0x00, // ............
        0x00, 0x00, 0x00, 0x00, 0x00, 0x00, 0x00, 0x00, 0x00, 0x00, 0x00, 0x00, // ............
        0x00, 0x00, 0x00, 0x00, 0x00, 0x00, 0x00, 0x00, 0x00, 0x00, 0x00, 0x00, // ............
        0x00, 0x00, 0x00, 0x00, 0x00, 0x00, 0x00, 0x00, 0x00, 0x00, 0x00, 0x00, // ............
        0x00, 0x00, 0x00, 0x00, 0x00, 0x00, 0x00, 0x00, 0x00, 0x00, 0x00, 0x00, // ............
        0x00, 0x00, 0x00, 0x00, 0x00, 0x00, 0x00, 0x00, 0x00, 0x00, 0x00, 0x00, // ............
        0x00, 0x00, 0x00, 0x00, 0x0A, 0x23, 0x0E, 0x00, 0x00, 0x00, 0x00, 0x00, // .....:......
        0x00, 0x00, 0x05, 0x90, 0xF8, 0xFF, 0xFB, 0x97, 0x5A, 0xDF, 0x44, 0x00, // ...+%@%+-#-.
        0x00, 0x00, 0x93, 0xFF, 0xCC, 0x68, 0x76, 0xE8, 0xE7, 0xFF, 0x4D, 0x00, // ..+@#==%%@-.
        0x00, 0x21, 0xFC, 0xDF, 0x0B, 0x00, 0x00, 0x30, 0xFD, 0xFF, 0x4D, 0x00, // .:%#...:%@-.
        0x00, 0x6E, 0xFF, 0x7E, 0x00, 0x00, 0x00, 0x00, 0xC0, 0xFF, 0x4D, 0x00, // .=@=....#@-.
        0x00, 0x98, 0xFF, 0x4E, 0x00, 0x00, 0x00, 0x00, 0x90, 0xFF, 0x4D, 0x00, // .+@-....+@-.
        0x00, 0xA7, 0xFF, 0x3F, 0x00, 0x00, 0x00, 0x00, 0x82, 0xFF, 0x4D, 0x00, // .*@:....+@-.
        0x00, 0x9E, 0xFF, 0x4A, 0x00, 0x00, 0x00, 0x00, 0x8C, 0xFF, 0x4D, 0x00, // .+@-....+@-.
        0x00, 0x79, 0xFF, 0x73, 0x00, 0x00, 0x00, 0x00, 0xB7, 0xFF, 0x4D, 0x00, // .=@=....*@-.
        0x00, 0x32, 0xFF, 0xD0, 0x03, 0x00, 0x00, 0x1E, 0xF8, 0xFF, 0x4D, 0x00, // .:@#....%@-.
        0x00, 0x00, 0xB8, 0xFF, 0xAC, 0x3D, 0x4D, 0xD4, 0xF5, 0xFF, 0x4D, 0x00, // ..*@*:-#%@-.
        0x00, 0x00, 0x15, 0xC3, 0xFF, 0xFF, 0xFF, 0xBD, 0x8C, 0xFF, 0x4D, 0x00, // ...#@@@*+@-.
        0x00, 0x00, 0x00, 0x01, 0x32, 0x50, 0x32, 0x00, 0x80, 0xFF, 0x4D, 0x00, // ....:-:.+@-.
        0x00, 0x00, 0x00, 0x00, 0x00, 0x00, 0x00, 0x00, 0x80, 0xFF, 0x4D, 0x00, // ........+@-.
        0x00, 0x00, 0x00, 0x00, 0x00, 0x00, 0x00, 0x00, 0x80, 0xFF, 0x4D, 0x00, // ........+@-.
        0x00, 0x00, 0x00, 0x00, 0x00, 0x00, 0x00, 0x00, 0x80, 0xFF, 0x4D, 0x00, // ........+@-.
        0x00, 0x00, 0x00, 0x00, 0x00, 0x00, 0x00, 0x00, 0x18, 0x30, 0x0E, 0x00, // .........:..
    ],
    // 0x72 'r'
    [
        0x00, 0x00, 0x00, 0x00, 0x00, 0x00, 0x00, 0x00, 0x00, 0x00, 0x00, 0x00, // ............
        0x00, 0x00, 0x00, 0x00, 0x00, 0x00, 0x00, 0x00, 0x00, 0x00, 0x00, 0x00, // ............
        0x00, 0x00, 0x00, 0x00, 0x00, 0x00, 0x00, 0x00, 0x00, 0x00, 0x00, 0x00, // ............
        0x00, 0x00, 0x00, 0x00, 0x00, 0x00, 0x00, 0x00, 0x00, 0x00, 0x00, 0x00, // ............
        0x00, 0x00, 0x00, 0x00, 0x00, 0x00, 0x00, 0x00, 0x00, 0x00, 0x00, 0x00, // ............
        0x00, 0x00, 0x00, 0x00, 0x00, 0x00, 0x00, 0x00, 0x00, 0x00, 0x00, 0x00, // ............
        0x00, 0x00, 0x00, 0x00, 0x00, 0x00, 0x00, 0x00, 0x00, 0x00, 0x00, 0x00, // ............
        0x00, 0x00, 0x00, 0x00, 0x00, 0x00, 0x00, 0x1E, 0x30, 0x10, 0x00, 0x00, // ........:...
        0x00, 0x00, 0x0C, 0xEF, 0x94, 0x22, 0xC6, 0xFF, 0xFF, 0xFB, 0x7F, 0x00, // ...%+:#@@%=.
        0x00, 0x00, 0x0D, 0xFF, 0xB9, 0xD9, 0xD5, 0x87, 0x79, 0xAD, 0xAD, 0x00, // ...@*##+=**.
        0x00, 0x00, 0x0D, 0xFF, 0xFC, 0xAE, 0x04, 0x00, 0x00, 0x00, 0x12, 0x00, // ...@%*......
        0x00, 0x00, 0x0D, 0xFF, 0xFD, 0x1B, 0x00, 0x00, 0x00, 0x00, 0x00, 0x00, // ...@%.......
        0x00, 0x00, 0x0D, 0xFF, 0xD6, 0x00, 0x00, 0x00, 0x00, 0x00, 0x00, 0x00, // ...@#.......
        0x00, 0x00, 0x0D, 0xFF, 0xC2, 0x00, 0x00, 0x00, 0x00, 0x00, 0x00, 0x00, // ...@#.......
        0x00, 0x00, 0x0D, 0xFF, 0xC1, 0x00, 0x00, 0x00, 0x00, 0x00, 0x00, 0x00, // ...@#.......
        0x00, 0x00, 0x0D, 0xFF, 0xC1, 0x00, 0x00, 0x00, 0x00, 0x00, 0x00, 0x00, // ...@#.......
        0x00, 0x00, 0x0D, 0xFF, 0xC1, 0x00, 0x00, 0x00, 0x00, 0x00, 0x00, 0x00, // ...@#.......
        0x00, 0x00, 0x0D, 0xFF, 0xC1, 0x00, 0x00, 0x00, 0x00, 0x00, 0x00, 0x00, // ...@#.......
        0x00, 0x00, 0x0D, 0xFF, 0xC1, 0x00, 0x00, 0x00, 0x00, 0x00, 0x00, 0x00, // ...@#.......
        0x00, 0x00, 0x00, 0x00, 0x00, 0x00, 0x00, 0x00, 0x00, 0x00, 0x00, 0x00, // ............
        0x00, 0x00, 0x00, 0x00, 0x00, 0x00, 0x00, 0x00, 0x00, 0x00, 0x00, 0x00, // ............
        0x00, 0x00, 0x00, 0x00, 0x00, 0x00, 0x00, 0x00, 0x00, 0x00, 0x00, 0x00, // ............
        0x00, 0x00, 0x00, 0x00, 0x00, 0x00, 0x00, 0x00, 0x00, 0x00, 0x00, 0x00, // ............
        0x00, 0x00, 0x00, 0x00, 0x00, 0x00, 0x00, 0x00, 0x00, 0x00, 0x00, 0x00, // ............
    ],
    // 0x73 's'
    [
        0x00, 0x00, 0x00, 0x00, 0x00, 0x00, 0x00, 0x00, 0x00, 0x00, 0x00, 0x00, // ............
        0x00, 0x00, 0x00, 0x00, 0x00, 0x00, 0x00, 0x00, 0x00, 0x00, 0x00, 0x00, // ............
        0x00, 0x00, 0x00, 0x00, 0x00, 0x00, 0x00, 0x00, 0x00, 0x00, 0x00, 0x00, // ............
        0x00, 0x00, 0x00, 0x00, 0x00, 0x00, 0x00, 0x00, 0x00, 0x00, 0x00, 0x00, // ............
        0x00, 0x00, 0x00, 0x00, 0x00, 0x00, 0x00, 0x00, 0x00, 0x00, 0x00, 0x00, // ............
        0x00, 0x00, 0x00, 0x00, 0x00, 0x00, 0x00, 0x00, 0x00, 0x00, 0x00, 0x00, // ............
        0x00, 0x00, 0x00, 0x00, 0x00, 0x00, 0x00, 0x00, 0x00, 0x00, 0x00, 0x00, // ............
        0x00, 0x00, 0x00, 0x00, 0x06, 0x29, 0x30, 0x1A, 0x00, 0x00, 0x00, 0x00, // .....::.....
        0x00, 0x00, 0x04, 0x8A, 0xF3, 0xFF, 0xFF, 0xFF, 0xE3, 0x53, 0x00, 0x00, // ...+%@@@%-..
        0x00, 0x00, 0x7F, 0xFF, 0xC0, 0x5F, 0x50, 0x6F, 0xB9, 0x7F, 0x00, 0x00, // ..=@#--=*=..
        0x00, 0x00, 0xD3, 0xF9, 0x0B, 0x00, 0x00, 0x00, 0x00, 0x09, 0x00, 0x00, // ..#%........
        0x00, 0x00, 0xD7, 0xFB, 0x15, 0x00, 0x00, 0x00, 0x00, 0x00, 0x00, 0x00, // ..#%........
        0x00, 0x00, 0x87, 0xFF, 0xE5, 0x8F, 0x53, 0x1E, 0x00, 0x00, 0x00, 0x00, // ..+@%+-.....
        0x00, 0x00, 0x04, 0x7E, 0xE6, 0xFF, 0xFF, 0xFF, 0xC4, 0x22, 0x00, 0x00, // ...=%@@@#:..
        0x00, 0x00, 0x00, 0x00, 0x00, 0x25, 0x62, 0xCC, 0xFF, 0xC6, 0x00, 0x00, // .....:=#@#..
        0x00, 0x00, 0x00, 0x00, 0x00, 0x00, 0x00, 0x06, 0xDF, 0xFE, 0x08, 0x00, // ........#%..
        0x00, 0x00, 0x11, 0x00, 0x00, 0x00, 0x00, 0x02, 0xDA, 0xF7, 0x04, 0x00, // ........#%..
        0x00, 0x00, 0xE3, 0xA6, 0x5E, 0x40, 0x4C, 0xB0, 0xFF, 0x9D, 0x00, 0x00, // ..%*---*@+..
        0x00, 0x00, 0xAE, 0xF7, 0xFF, 0xFF, 0xFF, 0xFB, 0x9C, 0x0A, 0x00, 0x00, // ..*%@@@%+...
        0x00, 0x00, 0x00, 0x06, 0x2F, 0x42, 0x3C, 0x11, 0x00, 0x00, 0x00, 0x00, // ....:-:.....
        0x00, 0x00, 0x00, 0x00, 0x00, 0x00, 0x00, 0x00, 0x00, 0x00, 0x00, 0x00, // ............
        0x00, 0x00, 0x00, 0x00, 0x00, 0x00, 0x00, 0x00, 0x00, 0x00, 0x00, 0x00, // ............
        0x00, 0x00, 0x00, 0x00, 0x00, 0x00, 0x00, 0x00, 0x00, 0x00, 0x00, 0x00, // ............
        0x00, 0x00, 0x00, 0x00, 0x00, 0x00, 0x00, 0x00, 0x00, 0x00, 0x00, 0x00, // ............
    ],
    // 0x74 't'
    [
        0x00, 0x00, 0x00, 0x00, 0x00, 0x00, 0x00, 0x00, 0x00, 0x00, 0x00, 0x00, // ............
        0x00, 0x00, 0x00, 0x00, 0x00, 0x00, 0x00, 0x00, 0x00, 0x00, 0x00, 0x00, // ............
        0x00, 0x00, 0x00, 0x00, 0x00, 0x00, 0x00, 0x00, 0x00, 0x00, 0x00, 0x00, // ............
        0x00, 0x00, 0x00, 0x00, 0x00, 0x00, 0x00, 0x00, 0x00, 0x00, 0x00, 0x00, // ............
        0x00, 0x00, 0x00, 0x00, 0x06, 0x5C, 0x00, 0x00, 0x00, 0x00, 0x00, 0x00, // .....-......
        0x00, 0x00, 0x00, 0x00, 0xC0, 0xFE, 0x00, 0x00, 0x00, 0x00, 0x00, 0x00, // ....#%......
        0x00, 0x00, 0x00, 0x00, 0xCC, 0xFE, 0x00, 0x00, 0x00, 0x00, 0x00, 0x00, // ....#%......
        0x00, 0x00, 0x00, 0x00, 0xCC, 0xFE, 0x00, 0x00, 0x00, 0x00, 0x00, 0x00, // ....#%......
        0x00, 0xAC, 0xEF, 0xEF, 0xFC, 0xFF, 0xEF, 0xEF, 0xEF, 0xEF, 0x13, 0x00, // .*%%%@%%%%..
        0x00, 0x50, 0x70, 0x70, 0xE2, 0xFE, 0x70, 0x70, 0x70, 0x70, 0x09, 0x00, // .-==%%====..
        0x00, 0x00, 0x00, 0x00, 0xCC, 0xFE, 0x00, 0x00, 0x00, 0x00, 0x00, 0x00, // ....#%......
        0x00, 0x00, 0x00, 0x00, 0xCC, 0xFE, 0x00, 0x00, 0x00, 0x00, 0x00, 0x00, // ....#%......
        0x00, 0x00, 0x00, 0x00, 0xCC, 0xFE, 0x00, 0x00, 0x00, 0x00, 0x00, 0x00, // ....#%......
        0x00, 0x00, 0x00, 0x00, 0xCC, 0xFE, 0x00, 0x00, 0x00, 0x00, 0x00, 0x00, // ....#%......
        0x00, 0x00, 0x00, 0x00, 0xCC, 0xFE, 0x00, 0x00, 0x00, 0x00, 0x00, 0x00, // ....#%......
        0x00, 0x00, 0x00, 0x00, 0xCB, 0xFE, 0x01, 0x00, 0x00, 0x00, 0x00, 0x00, // ....#%......
        0x00, 0x00, 0x00, 0x00, 0xB7, 0xFF, 0x25, 0x00, 0x00, 0x00, 0x00, 0x00, // ....*@:.....
        0x00, 0x00, 0x00, 0x00, 0x6E, 0xFF, 0xD2, 0x71, 0x60, 0x60, 0x07, 0x00, // ....=@#===..
        0x00, 0x00, 0x00, 0x00, 0x04, 0x89, 0xE7, 0xFF, 0xFF, 0xFF, 0x14, 0x00, // .....+%@@@..
        0x00, 0x00, 0x00, 0x00, 0x00, 0x00, 0x00, 0x07, 0x10, 0x10, 0x01, 0x00, // ............
        0x00, 0x00, 0x00, 0x00, 0x00, 0x00, 0x00, 0x00, 0x00, 0x00, 0x00, 0x00, // ............
        0x00, 0x00, 0x00, 0x00, 0x00, 0x00, 0x00, 0x00, 0x00, 0x00, 0x00, 0x00, // ............
        0x00, 0x00, 0x00, 0x00, 0x00, 0x00, 0x00, 0x00, 0x00, 0x00, 0x00, 0x00, // ............
        0x00, 0x00, 0x00, 0x00, 0x00, 0x00, 0x00, 0x00, 0x00, 0x00, 0x00, 0x00, // ............
    ],
    // 0x75 'u'
    [
        0x00, 0x00, 0x00, 0x00, 0x00, 0x00, 0x00, 0x00, 0x00, 0x00, 0x00, 0x00, // ............
        0x00, 0x00, 0x00, 0x00, 0x00, 0x00, 0x00, 0x00, 0x00, 0x00, 0x00, 0x00, // ............
        0x00, 0x00, 0x00, 0x00, 0x00, 0x00, 0x00, 0x00, 0x00, 0x00, 0x00, 0x00, // ............
        0x00, 0x00, 0x00, 0x00, 0x00, 0x00, 0x00, 0x00, 0x00, 0x00, 0x00, 0x00, // ............
        0x00, 0x00, 0x00, 0x00, 0x00, 0x00, 0x00, 0x00, 0x00, 0x00, 0x00, 0x00, // ............
        0x00, 0x00, 0x00, 0x00, 0x00, 0x00, 0x00, 0x00, 0x00, 0x00, 0x00, 0x00, // ............
        0x00, 0x00, 0x00, 0x00, 0x00, 0x00, 0x00, 0x00, 0x00, 0x00, 0x00, 0x00, // ............
        0x00, 0x00, 0x00, 0x00, 0x00, 0x00, 0x00, 0x00, 0x00, 0x00, 0x00, 0x00, // ............
        0x00, 0x17, 0xEF, 0xA8, 0x00, 0x00, 0x00, 0x00, 0x82, 0xEF, 0x3F, 0x00, // ..%*....+%:.
        0x00, 0x18, 0xFF, 0xB3, 0x00, 0x00, 0x00, 0x00, 0x8A, 0xFF, 0x43, 0x00, // ..@*....+@-.
        0x00, 0x18, 0xFF, 0xB3, 0x00, 0x00, 0x00, 0x00, 0x8A, 0xFF, 0x43, 0x00, // ..@*....+@-.
        0x00, 0x18, 0xFF, 0xB3, 0x00, 0x00, 0x00, 0x00, 0x8A, 0xFF, 0x43, 0x00, // ..@*....+@-.
        0x00, 0x18, 0xFF, 0xB3, 0x00, 0x00, 0x00, 0x00, 0x8A, 0xFF, 0x43, 0x00, // ..@*....+@-.
        0x00, 0x18, 0xFF, 0xB3, 0x00, 0x00, 0x00, 0x00, 0x8A, 0xFF, 0x43, 0x00, // ..@*....+@-.
        0x00, 0x18, 0xFF, 0xB3, 0x00, 0x00, 0x00, 0x00, 0x8D, 0xFF, 0x43, 0x00, // ..@*....+@-.
        0x00, 0x10, 0xFF, 0xBE, 0x00, 0x00, 0x00, 0x00, 0xAB, 0xFF, 0x43, 0x00, // ..@*....*@-.
        0x00, 0x00, 0xEE, 0xF0, 0x0C, 0x00, 0x00, 0x18, 0xF3, 0xFF, 0x43, 0x00, // ..%%....%@-.
        0x00, 0x00, 0x9F, 0xFF, 0xBD, 0x54, 0x5F, 0xD6, 0xDA, 0xFF, 0x43, 0x00, // ..+@*--##@-.
        0x00, 0x00, 0x17, 0xD0, 0xFF, 0xFF, 0xFC, 0x88, 0x6C, 0xFF, 0x43, 0x00, // ...#@@%+=@-.
        0x00, 0x00, 0x00, 0x02, 0x32, 0x40, 0x17, 0x00, 0x00, 0x00, 0x00, 0x00, // ....:-......
        0x00, 0x00, 0x00, 0x00, 0x00, 0x00, 0x00, 0x00, 0x00, 0x00, 0x00, 0x00, // ............
        0x00, 0x00, 0x00, 0x00, 0x00, 0x00, 0x00, 0x00, 0x00, 0x00, 0x00, 0x00, // ............
        0x00, 0x00, 0x00, 0x00, 0x00, 0x00, 0x00, 0x00, 0x00, 0x00, 0x00, 0x00, // ............
        0x00, 0x00, 0x00, 0x00, 0x00, 0x00, 0x00, 0x00, 0x00, 0x00, 0x00, 0x00, // ............
    ],
    // 0x76 'v'
    [
        0x00, 0x00, 0x00, 0x00, 0x00, 0x00, 0x00, 0x00, 0x00, 0x00, 0x00, 0x00, // ............
        0x00, 0x00, 0x00, 0x00, 0x00, 0x00, 0x00, 0x00, 0x00, 0x00, 0x00, 0x00, // ............
        0x00, 0x00, 0x00, 0x00, 0x00, 0x00, 0x00, 0x00, 0x00, 0x00, 0x00, 0x00, // ............
        0x00, 0x00, 0x00, 0x00, 0x00, 0x00, 0x00, 0x00, 0x00, 0x00, 0x00, 0x00, // ............
        0x00, 0x00, 0x00, 0x00, 0x00, 0x00, 0x00, 0x00, 0x00, 0x00, 0x00, 0x00, // ............
        0x00, 0x00, 0x00, 0x00, 0x00, 0x00, 0x00, 0x00, 0x00, 0x00, 0x00, 0x00, // ............
        0x00, 0x00, 0x00, 0x00, 0x00, 0x00, 0x00, 0x00, 0x00, 0x00, 0x00, 0x00, // ............
        0x00, 0x00, 0x00, 0x00, 0x00, 0x00, 0x00, 0x00, 0x00, 0x00, 0x00, 0x00, // ............
        0x00, 0xCD, 0xE6, 0x0A, 0x00, 0x00, 0x00, 0x00, 0x06, 0xE0, 0xD5, 0x01, // .#%......%#.
        0x00, 0x83, 0xFF, 0x56, 0x00, 0x00, 0x00, 0x00, 0x4C, 0xFF, 0x8D, 0x00, // .+@-....-@+.
        0x00, 0x28, 0xFF, 0xAF, 0x00, 0x00, 0x00, 0x00, 0xA5, 0xFF, 0x33, 0x00, // .:@*....*@:.
        0x00, 0x00, 0xCC, 0xF8, 0x0F, 0x00, 0x00, 0x0A, 0xF3, 0xD7, 0x00, 0x00, // ..#%....%#..
        0x00, 0x00, 0x72, 0xFF, 0x60, 0x00, 0x00, 0x57, 0xFF, 0x7C, 0x00, 0x00, // ..=@=..-@=..
        0x00, 0x00, 0x1A, 0xFC, 0xB8, 0x00, 0x00, 0xAF, 0xFE, 0x22, 0x00, 0x00, // ...%*..*%:..
        0x00, 0x00, 0x00, 0xBC, 0xFB, 0x15, 0x10, 0xF8, 0xC6, 0x00, 0x00, 0x00, // ...*%..%#...
        0x00, 0x00, 0x00, 0x61, 0xFF, 0x69, 0x61, 0xFF, 0x6B, 0x00, 0x00, 0x00, // ...=@==@=...
        0x00, 0x00, 0x00, 0x0F, 0xF7, 0xC2, 0xB9, 0xFB, 0x15, 0x00, 0x00, 0x00, // ....%#*%....
        0x00, 0x00, 0x00, 0x00, 0xAB, 0xFD, 0xFC, 0xB5, 0x00, 0x00, 0x00, 0x00, // ....*%%*....
        0x00, 0x00, 0x00, 0x00, 0x50, 0xFF, 0xFF, 0x5B, 0x00, 0x00, 0x00, 0x00, // ....-@@-....
        0x00, 0x00, 0x00, 0x00, 0x00, 0x00, 0x00, 0x00, 0x00, 0x00, 0x00, 0x00, // ............
        0x00, 0x00, 0x00, 0x00, 0x00, 0x00, 0x00, 0x00, 0x00, 0x00, 0x00, 0x00, // ............
        0x00, 0x00, 0x00, 0x00, 0x00, 0x00, 0x00, 0x00, 0x00, 0x00, 0x00, 0x00, // ............
        0x00, 0x00, 0x00, 0x00, 0x00, 0x00, 0x00, 0x00, 0x00, 0x00, 0x00, 0x00, // ............
        0x00, 0x00, 0x00, 0x00, 0x00, 0x00, 0x00, 0x00, 0x00, 0x00, 0x00, 0x00, // ............
    ],
    // 0x77 'w'
    [
        0x00, 0x00, 0x00, 0x00, 0x00, 0x00, 0x00, 0x00, 0x00, 0x00, 0x00, 0x00, // ............
        0x00, 0x00, 0x00, 0x00, 0x00, 0x00, 0x00, 0x00, 0x00, 0x00, 0x00, 0x00, // ............
        0x00, 0x00, 0x00, 0x00, 0x00, 0x00, 0x00, 0x00, 0x00, 0x00, 0x00, 0x00, // ............
        0x00, 0x00, 0x00, 0x00, 0x00, 0x00, 0x00, 0x00, 0x00, 0x00, 0x00, 0x00, // ............
        0x00, 0x00, 0x00, 0x00, 0x00, 0x00, 0x00, 0x00, 0x00, 0x00, 0x00, 0x00, // ............
        0x00, 0x00, 0x00, 0x00, 0x00, 0x00, 0x00, 0x00, 0x00, 0x00, 0x00, 0x00, // ............
        0x00, 0x00, 0x00, 0x00, 0x00, 0x00, 0x00, 0x00, 0x00, 0x00, 0x00, 0x00, // ............
        0x00, 0x00, 0x00, 0x00, 0x00, 0x00, 0x00, 0x00, 0x00, 0x00, 0x00, 0x00, // ............
        0xD5, 0xD2, 0x00, 0x00, 0x00, 0x00, 0x00, 0x00, 0x00, 0x00, 0xC8, 0xDE, // ##........##
        0xA9, 0xFF, 0x16, 0x00, 0x00, 0x00, 0x00, 0x00, 0x00, 0x0E, 0xFD, 0xB4, // *@........%*
        0x6E, 0xFF, 0x4D, 0x00, 0x00, 0x00, 0x00, 0x00, 0x00, 0x43, 0xFF, 0x78, // =@-......-@=
        0x32, 0xFF, 0x84, 0x00, 0x00, 0xA4, 0xA8, 0x00, 0x00, 0x7A, 0xFF, 0x3C, // :@+..**..=@:
        0x03, 0xF2, 0xBB, 0x00, 0x1A, 0xFE, 0xFF, 0x20, 0x00, 0xB1, 0xF8, 0x08, // .%*..%@:.*%.
        0x00, 0xBA, 0xF0, 0x02, 0x60, 0xDE, 0xD6, 0x68, 0x00, 0xE7, 0xC4, 0x00, // .*%.=##=.%#.
        0x00, 0x7E, 0xFF, 0x2A, 0xA7, 0x94, 0x8C, 0xAF, 0x1F, 0xFF, 0x88, 0x00, // .=@:*++*.@+.
        0x00, 0x42, 0xFF, 0x63, 0xEB, 0x4A, 0x41, 0xF1, 0x5C, 0xFF, 0x4D, 0x00, // .-@=%--%-@-.
        0x00, 0x0B, 0xFB, 0xCC, 0xF6, 0x0A, 0x05, 0xF1, 0xCC, 0xFE, 0x12, 0x00, // ..%#%..%#%..
        0x00, 0x00, 0xCA, 0xFF, 0xB6, 0x00, 0x00, 0xAC, 0xFF, 0xD4, 0x00, 0x00, // ..#@*..*@#..
        0x00, 0x00, 0x8E, 0xFF, 0x6C, 0x00, 0x00, 0x61, 0xFF, 0x99, 0x00, 0x00, // ..+@=..=@+..
        0x00, 0x00, 0x00, 0x00, 0x00, 0x00, 0x00, 0x00, 0x00, 0x00, 0x00, 0x00, // ............
        0x00, 0x00, 0x00, 0x00, 0x00, 0x00, 0x00, 0x00, 0x00, 0x00, 0x00, 0x00, // ............
        0x00, 0x00, 0x00, 0x00, 0x00, 0x00, 0x00, 0x00, 0x00, 0x00, 0x00, 0x00, // ............
        0x00, 0x00, 0x00, 0x00, 0x00, 0x00, 0x00, 0x00, 0x00, 0x00, 0x00, 0x00, // ............
        0x00, 0x00, 0x00, 0x00, 0x00, 0x00, 0x00, 0x00, 0x00, 0x00, 0x00, 0x00, // ............
    ],
    // 0x78 'x'
    [
        0x00, 0x00, 0x00, 0x00, 0x00, 0x00, 0x00, 0x00, 0x00, 0x00, 0x00, 0x00, // ............
        0x00, 0x00, 0x00, 0x00, 0x00, 0x00, 0x00, 0x00, 0x00, 0x00, 0x00, 0x00, // ............
        0x00, 0x00, 0x00, 0x00, 0x00, 0x00, 0x00, 0x00, 0x00, 0x00, 0x00, 0x00, // ............
        0x00, 0x00, 0x00, 0x00, 0x00, 0x00, 0x00, 0x00, 0x00, 0x00, 0x00, 0x00, // ............
        0x00, 0x00, 0x00, 0x00, 0x00, 0x00, 0x00, 0x00, 0x00, 0x00, 0x00, 0x00, // ............
        0x00, 0x00, 0x00, 0x00, 0x00, 0x00, 0x00, 0x00, 0x00, 0x00, 0x00, 0x00, // ............
        0x00, 0x00, 0x00, 0x00, 0x00, 0x00, 0x00, 0x00, 0x00, 0x00, 0x00, 0x00, // ............
        0x00, 0x00, 0x00, 0x00, 0x00, 0x00, 0x00, 0x00, 0x00, 0x00, 0x00, 0x00, // ............
        0x00, 0x7E, 0xEF, 0x6E, 0x00, 0x00, 0x00, 0x00, 0x6A, 0xEF, 0x88, 0x00, // .=%=....=%+.
        0x00, 0x05, 0xC7, 0xF8, 0x32, 0x00, 0x00, 0x2E, 0xF7, 0xCF, 0x08, 0x00, // ..#%:..:%#..
        0x00, 0x00, 0x1F, 0xED, 0xDA, 0x0D, 0x0A, 0xD6, 0xF2, 0x25, 0x00, 0x00, // ...%#..#%:..
        0x00, 0x00, 0x00, 0x4F, 0xFE, 0xA2, 0x9B, 0xFF, 0x58, 0x00, 0x00, 0x00, // ...-%*+@-...
        0x00, 0x00, 0x00, 0x00, 0x8E, 0xFF, 0xFF, 0x99, 0x00, 0x00, 0x00, 0x00, // ....+@@+....
        0x00, 0x00, 0x00, 0x00, 0x2E, 0xFF, 0xFF, 0x38, 0x00, 0x00, 0x00, 0x00, // ....:@@:....
        0x00, 0x00, 0x00, 0x0A, 0xD3, 0xF3, 0xF0, 0xDA, 0x0E, 0x00, 0x00, 0x00, // ....#%%#....
        0x00, 0x00, 0x00, 0x9E, 0xFF, 0x5F, 0x56, 0xFF, 0xA9, 0x00, 0x00, 0x00, // ...+@--@*...
        0x00, 0x00, 0x5F, 0xFF, 0xA4, 0x00, 0x00, 0x9B, 0xFF, 0x6A, 0x00, 0x00, // ..-@*..+@=..
        0x00, 0x2B, 0xF5, 0xDC, 0x0E, 0x00, 0x00, 0x0A, 0xD5, 0xF8, 0x32, 0x00, // .:%#....#%:.
        0x0B, 0xD6, 0xF9, 0x35, 0x00, 0x00, 0x00, 0x00, 0x2E, 0xF7, 0xDC, 0x0F, // .#%:....:%#.
        0x00, 0x00, 0x00, 0x00, 0x00, 0x00, 0x00, 0x00, 0x00, 0x00, 0x00, 0x00, // ............
        0x00, 0x00, 0x00, 0x00, 0x00, 0x00, 0x00, 0x00, 0x00, 0x00, 0x00, 0x00, // ............
        0x00, 0x00, 0x00, 0x00, 0x00, 0x00, 0x00, 0x00, 0x00, 0x00, 0x00, 0x00, // ............
        0x00, 0x00, 0x00, 0x00, 0x00, 0x00, 0x00, 0x00, 0x00, 0x00, 0x00, 0x00, // ............
        0x00, 0x00, 0x00, 0x00, 0x00, 0x00, 0x00, 0x00, 0x00, 0x00, 0x00, 0x00, // ............
    ],
    // 0x79 'y'
    [
        0x00, 0x00, 0x00, 0x00, 0x00, 0x00, 0x00, 0x00, 0x00, 0x00, 0x00, 0x00, // ............
        0x00, 0x00, 0x00, 0x00, 0x00, 0x00, 0x00, 0x00, 0x00, 0x00, 0x00, 0x00, // ............
        0x00, 0x00, 0x00, 0x00, 0x00, 0x00, 0x00, 0x00, 0x00, 0x00, 0x00, 0x00, // ............
        0x00, 0x00, 0x00, 0x00, 0x00, 0x00, 0x00, 0x00, 0x00, 0x00, 0x00, 0x00, // ............
        0x00, 0x00, 0x00, 0x00, 0x00, 0x00, 0x00, 0x00, 0x00, 0x00, 0x00, 0x00, // ............
        0x00, 0x00, 0x00, 0x00, 0x00, 0x00, 0x00, 0x00, 0x00, 0x00, 0x00, 0x00, // ............
        0x00, 0x00, 0x00, 0x00, 0x00, 0x00, 0x00, 0x00, 0x00, 0x00, 0x00, 0x00, // ............
        0x00, 0x00, 0x00, 0x00, 0x00, 0x00, 0x00, 0x00, 0x00, 0x00, 0x00, 0x00, // ............
        0x00, 0xBF, 0xED, 0x19, 0x00, 0x00, 0x00, 0x00, 0x00, 0xC4, 0xEC, 0x16, // .*%......#%.
        0x00, 0x6B, 0xFF, 0x77, 0x00, 0x00, 0x00, 0x00, 0x2E, 0xFF, 0xB3, 0x00, // .=@=....:@*.
        0x00, 0x10, 0xF6, 0xD7, 0x00, 0x00, 0x00, 0x00, 0x8D, 0xFF, 0x50, 0x00, // ..%#....+@-.
        0x00, 0x00, 0xA2, 0xFF, 0x39, 0x00, 0x00, 0x04, 0xE8, 0xE7, 0x05, 0x00, // ..*@:...%%..
        0x00, 0x00, 0x3D, 0xFF, 0x99, 0x00, 0x00, 0x4D, 0xFF, 0x89, 0x00, 0x00, // ..:@+..-@+..
        0x00, 0x00, 0x01, 0xD8, 0xF0, 0x0A, 0x00, 0xAC, 0xFE, 0x27, 0x00, 0x00, // ...#%..*%:..
        0x00, 0x00, 0x00, 0x74, 0xFF, 0x5C, 0x13, 0xF8, 0xC2, 0x00, 0x00, 0x00, // ...=@-.%#...
        0x00, 0x00, 0x00, 0x16, 0xF9, 0xBC, 0x6B, 0xFF, 0x5F, 0x00, 0x00, 0x00, // ....%*=@-...
        0x00, 0x00, 0x00, 0x00, 0xAB, 0xFD, 0xDC, 0xF1, 0x0A, 0x00, 0x00, 0x00, // ....*%#%....
        0x00, 0x00, 0x00, 0x00, 0x46, 0xFF, 0xFF, 0x99, 0x00, 0x00, 0x00, 0x00, // ....-@@+....
        0x00, 0x00, 0x00, 0x00, 0x02, 0xE2, 0xFF, 0x3C, 0x00, 0x00, 0x00, 0x00, // .....%@:....
        0x00, 0x00, 0x00, 0x00, 0x0F, 0xF4, 0xDB, 0x01, 0x00, 0x00, 0x00, 0x00, // .....%#.....
        0x00, 0x00, 0x00, 0x00, 0x77, 0xFF, 0x75, 0x00, 0x00, 0x00, 0x00, 0x00, // ....=@=.....
        0x00, 0x13, 0x60, 0x78, 0xF5, 0xEA, 0x0F, 0x00, 0x00, 0x00, 0x00, 0x00, // ..==%%......
        0x00, 0x34, 0xFF, 0xFF, 0xE4, 0x3E, 0x00, 0x00, 0x00, 0x00, 0x00, 0x00, // .:@@%:......
        0x00, 0x0A, 0x30, 0x24, 0x03, 0x00, 0x00, 0x00, 0x00, 0x00, 0x00, 0x00, // ..::........
    ],
    // 0x7A 'z'
    [
        0x00, 0x00, 0x00, 0x00, 0x00, 0x00, 0x00, 0x00, 0x00, 0x00, 0x00, 0x00, // ............
        0x00, 0x00, 0x00, 0x00, 0x00, 0x00, 0x00, 0x00, 0x00, 0x00, 0x00, 0x00, // ............
        0x00, 0x00, 0x00, 0x00, 0x00, 0x00, 0x00, 0x00, 0x00, 0x00, 0x00, 0x00, // ............
        0x00, 0x00, 0x00, 0x00, 0x00, 0x00, 0x00, 0x00, 0x00, 0x00, 0x00, 0x00, // ............
        0x00, 0x00, 0x00, 0x00, 0x00, 0x00, 0x00, 0x00, 0x00, 0x00, 0x00, 0x00, // ............
        0x00, 0x00, 0x00, 0x00, 0x00, 0x00, 0x00, 0x00, 0x00, 0x00, 0x00, 0x00, // ............
        0x00, 0x00, 0x00, 0x00, 0x00, 0x00, 0x00, 0x00, 0x00, 0x00, 0x00, 0x00, // ............
        0x00, 0x00, 0x00, 0x00, 0x00, 0x00, 0x00, 0x00, 0x00, 0x00, 0x00, 0x00, // ............
        0x00, 0x00, 0xBB, 0xEF, 0xEF, 0xEF, 0xEF, 0xEF, 0xEF, 0xEF, 0x25, 0x00, // ..*%%%%%%%:.
        0x00, 0x00, 0x64, 0x80, 0x80, 0x80, 0x80, 0x83, 0xF5, 0xFE, 0x1F, 0x00, // ..=+++++%%..
        0x00, 0x00, 0x00, 0x00, 0x00, 0x00, 0x00, 0x8D, 0xFF, 0x80, 0x00, 0x00, // .......+@+..
        0x00, 0x00, 0x00, 0x00, 0x00, 0x00, 0x5A, 0xFF, 0xB2, 0x02, 0x00, 0x00, // ......-@*...
        0x00, 0x00, 0x00, 0x00, 0x00, 0x30, 0xF5, 0xD8, 0x0F, 0x00, 0x00, 0x00, // .....:%#....
        0x00, 0x00, 0x00, 0x00, 0x14, 0xDF, 0xF1, 0x28, 0x00, 0x00, 0x00, 0x00, // .....#%:....
        0x00, 0x00, 0x00, 0x04, 0xBC, 0xFE, 0x4F, 0x00, 0x00, 0x00, 0x00, 0x00, // ....*%-.....
        0x00, 0x00, 0x00, 0x8C, 0xFF, 0x81, 0x00, 0x00, 0x00, 0x00, 0x00, 0x00, // ...+@+......
        0x00, 0x00, 0x59, 0xFF, 0xB2, 0x02, 0x00, 0x00, 0x00, 0x00, 0x00, 0x00, // ..-@*.......
        0x00, 0x03, 0xF5, 0xFC, 0x7E, 0x70, 0x70, 0x70, 0x70, 0x70, 0x11, 0x00, // ..%%======..
        0x00, 0x04, 0xFF, 0xFF, 0xFF, 0xFF, 0xFF, 0xFF, 0xFF, 0xFF, 0x28, 0x00, // ..@@@@@@@@:.
        0x00, 0x00, 0x00, 0x00, 0x00, 0x00, 0x00, 0x00, 0x00, 0x00, 0x00, 0x00, // ............
        0x00, 0x00, 0x00, 0x00, 0x00, 0x00, 0x00, 0x00, 0x00, 0x00, 0x00, 0x00, // ............
        0x00, 0x00, 0x00, 0x00, 0x00, 0x00, 0x00, 0x00, 0x00, 0x00, 0x00, 0x00, // ............
        0x00, 0x00, 0x00, 0x00, 0x00, 0x00, 0x00, 0x00, 0x00, 0x00, 0x00, 0x00, // ............
        0x00, 0x00, 0x00, 0x00, 0x00, 0x00, 0x00, 0x00, 0x00, 0x00, 0x00, 0x00, // ............
    ],
    // 0x7B '{'
    [
        0x00, 0x00, 0x00, 0x00, 0x00, 0x00, 0x00, 0x00, 0x00, 0x00, 0x00, 0x00, // ............
        0x00, 0x00, 0x00, 0x00, 0x00, 0x00, 0x00, 0x00, 0x00, 0x00, 0x00, 0x00, // ............
        0x00, 0x00, 0x00, 0x00, 0x00, 0x00, 0x00, 0x00, 0x00, 0x00, 0x00, 0x00, // ............
        0x00, 0x00, 0x00, 0x00, 0x00, 0x31, 0xB4, 0xE8, 0xFC, 0x7E, 0x00, 0x00, // .....:*%%=..
        0x00, 0x00, 0x00, 0x00, 0x02, 0xDF, 0xFD, 0x98, 0x70, 0x37, 0x00, 0x00, // .....#%+=:..
        0x00, 0x00, 0x00, 0x00, 0x23, 0xFF, 0xBB, 0x00, 0x00, 0x00, 0x00, 0x00, // ....:@*.....
        0x00, 0x00, 0x00, 0x00, 0x36, 0xFF, 0x9D, 0x00, 0x00, 0x00, 0x00, 0x00, // ....:@+.....
        0x00, 0x00, 0x00, 0x00, 0x37, 0xFF, 0x9C, 0x00, 0x00, 0x00, 0x00, 0x00, // ....:@+.....
        0x00, 0x00, 0x00, 0x00, 0x37, 0xFF, 0x9C, 0x00, 0x00, 0x00, 0x00, 0x00, // ....:@+.....
        0x00, 0x00, 0x00, 0x00, 0x3F, 0xFF, 0x98, 0x00, 0x00, 0x00, 0x00, 0x00, // ....:@+.....
        0x00, 0x00, 0x00, 0x00, 0x7A, 0xFF, 0x77, 0x00, 0x00, 0x00, 0x00, 0x00, // ....=@=.....
        0x00, 0x61, 0x80, 0x9E, 0xF9, 0xDC, 0x18, 0x00, 0x00, 0x00, 0x00, 0x00, // .=++%#......
        0x00, 0xB6, 0xEF, 0xFE, 0xF6, 0x6E, 0x00, 0x00, 0x00, 0x00, 0x00, 0x00, // .*%%%=......
        0x00, 0x00, 0x00, 0x15, 0xBF, 0xFF, 0x4E, 0x00, 0x00, 0x00, 0x00, 0x00, // ....*@-.....
        0x00, 0x00, 0x00, 0x00, 0x50, 0xFF, 0x8E, 0x00, 0x00, 0x00, 0x00, 0x00, // ....-@+.....
        0x00, 0x00, 0x00, 0x00, 0x38, 0xFF, 0x9B, 0x00, 0x00, 0x00, 0x00, 0x00, // ....:@+.....
        0x00, 0x00, 0x00, 0x00, 0x37, 0xFF, 0x9C, 0x00, 0x00, 0x00, 0x00, 0x00, // ....:@+.....
        0x00, 0x00, 0x00, 0x00, 0x37, 0xFF, 0x9C, 0x00, 0x00, 0x00, 0x00, 0x00, // ....:@+.....
        0x00, 0x00, 0x00, 0x00, 0x30, 0xFF, 0xA6, 0x00, 0x00, 0x00, 0x00, 0x00, // ....:@*.....
        0x00, 0x00, 0x00, 0x00, 0x0E, 0xFB, 0xE5, 0x1F, 0x00, 0x00, 0x00, 0x00, // .....%%.....
        0x00, 0x00, 0x00, 0x00, 0x00, 0x8E, 0xFF, 0xFF, 0xF1, 0x76, 0x00, 0x00, // .....+@@%=..
        0x00, 0x00, 0x00, 0x00, 0x00, 0x00, 0x2F, 0x64, 0x73, 0x3F, 0x00, 0x00, // ......:==:..
        0x00, 0x00, 0x00, 0x00, 0x00, 0x00, 0x00, 0x00, 0x00, 0x00, 0x00, 0x00, // ............
        0x00, 0x00, 0x00, 0x00, 0x00, 0x00, 0x00, 0x00, 0x00, 0x00, 0x00, 0x00, // ............
    ],
    // 0x7C '|'
    [
        0x00, 0x00, 0x00, 0x00, 0x00, 0x00, 0x00, 0x00, 0x00, 0x00, 0x00, 0x00, // ............
        0x00, 0x00, 0x00, 0x00, 0x00, 0x00, 0x00, 0x00, 0x00, 0x00, 0x00, 0x00, // ............
        0x00, 0x00, 0x00, 0x00, 0x00, 0x00, 0x00, 0x00, 0x00, 0x00, 0x00, 0x00, // ............
        0x00, 0x00, 0x00, 0x00, 0x00, 0x42, 0x44, 0x00, 0x00, 0x00, 0x00, 0x00, // .....--.....
        0x00, 0x00, 0x00, 0x00, 0x00, 0xD2, 0xDA, 0x00, 0x00, 0x00, 0x00, 0x00, // .....##.....
        0x00, 0x00, 0x00, 0x00, 0x00, 0xD2, 0xDA, 0x00, 0x00, 0x00, 0x00, 0x00, // .....##.....
        0x00, 0x00, 0x00, 0x00, 0x00, 0xD2, 0xDA, 0x00, 0x00, 0x00, 0x00, 0x00, // .....##.....
        0x00, 0x00, 0x00, 0x00, 0x00, 0xD2, 0xDA, 0x00, 0x00, 0x00, 0x00, 0x00, // .....##.....
        0x00, 0x00, 0x00, 0x00, 0x00, 0xD2, 0xDA, 0x00, 0x00, 0x00, 0x00, 0x00, // .....##.....
        0x00, 0x00, 0x00, 0x00, 0x00, 0xD2, 0xDA, 0x00, 0x00, 0x00, 0x00, 0x00, // .....##.....
        0x00, 0x00, 0x00, 0x00, 0x00, 0xD2, 0xDA, 0x00, 0x00, 0x00, 0x00, 0x00, // .....##.....
        0x00, 0x00, 0x00, 0x00, 0x00, 0xD2, 0xDA, 0x00, 0x00, 0x00, 0x00, 0x00, // .....##.....
        0x00, 0x00, 0x00, 0x00, 0x00, 0xD2, 0xDA, 0x00, 0x00, 0x00, 0x00, 0x00, // .....##.....
        0x00, 0x00, 0x00, 0x00, 0x00, 0xD2, 0xDA, 0x00, 0x00, 0x00, 0x00, 0x00, // .....##.....
        0x00, 0x00, 0x00, 0x00, 0x00, 0xD2, 0xDA, 0x00, 0x00, 0x00, 0x00, 0x00, // .....##.....
        0x00, 0x00, 0x00, 0x00, 0x00, 0xD2, 0xDA, 0x00, 0x00, 0x00, 0x00, 0x00, // .....##.....
        0x00, 0x00, 0x00, 0x00, 0x00, 0xD2, 0xDA, 0x00, 0x00, 0x00, 0x00, 0x00, // .....##.....
        0x00, 0x00, 0x00, 0x00, 0x00, 0xD2, 0xDA, 0x00, 0x00, 0x00, 0x00, 0x00, // .....##.....
        0x00, 0x00, 0x00, 0x00, 0x00, 0xD2, 0xDA, 0x00, 0x00, 0x00, 0x00, 0x00, // .....##.....
        0x00, 0x00, 0x00, 0x00, 0x00, 0xD2, 0xDA, 0x00, 0x00, 0x00, 0x00, 0x00, // .....##.....
        0x00, 0x00, 0x00, 0x00, 0x00, 0xD2, 0xDA, 0x00, 0x00, 0x00, 0x00, 0x00, // .....##.....
        0x00, 0x00, 0x00, 0x00, 0x00, 0xD2, 0xDA, 0x00, 0x00, 0x00, 0x00, 0x00, // .....##.....
        0x00, 0x00, 0x00, 0x00, 0x00, 0xD2, 0xDA, 0x00, 0x00, 0x00, 0x00, 0x00, // .....##.....
        0x00, 0x00, 0x00, 0x00, 0x00, 0x90, 0x96, 0x00, 0x00, 0x00, 0x00, 0x00, // .....++.....
    ],
    // 0x7D '}'
    [
        0x00, 0x00, 0x00, 0x00, 0x00, 0x00, 0x00, 0x00, 0x00, 0x00, 0x00, 0x00, // ............
        0x00, 0x00, 0x00, 0x00, 0x00, 0x00, 0x00, 0x00, 0x00, 0x00, 0x00, 0x00, // ............
        0x00, 0x00, 0x00, 0x00, 0x00, 0x00, 0x00, 0x00, 0x00, 0x00, 0x00, 0x00, // ............
        0x00, 0x00, 0x65, 0xDF, 0xD3, 0xA0, 0x26, 0x00, 0x00, 0x00, 0x00, 0x00, // ..=##*:.....
        0x00, 0x00, 0x3A, 0x81, 0xAC, 0xFE, 0xDA, 0x01, 0x00, 0x00, 0x00, 0x00, // ..:+*%#.....
        0x00, 0x00, 0x00, 0x00, 0x00, 0xB8, 0xFF, 0x23, 0x00, 0x00, 0x00, 0x00, // .....*@:....
        0x00, 0x00, 0x00, 0x00, 0x00, 0x94, 0xFF, 0x38, 0x00, 0x00, 0x00, 0x00, // .....+@:....
        0x00, 0x00, 0x00, 0x00, 0x00, 0x91, 0xFF, 0x3A, 0x00, 0x00, 0x00, 0x00, // .....+@:....
        0x00, 0x00, 0x00, 0x00, 0x00, 0x91, 0xFF, 0x3A, 0x00, 0x00, 0x00, 0x00, // .....+@:....
        0x00, 0x00, 0x00, 0x00, 0x00, 0x8F, 0xFF, 0x42, 0x00, 0x00, 0x00, 0x00, // .....+@-....
        0x00, 0x00, 0x00, 0x00, 0x00, 0x72, 0xFF, 0x93, 0x00, 0x00, 0x00, 0x00, // .....=@+....
        0x00, 0x00, 0x00, 0x00, 0x00, 0x18, 0xE3, 0xFF, 0xB4, 0x6F, 0x52, 0x00, // ......%@*=-.
        0x00, 0x00, 0x00, 0x00, 0x00, 0x00, 0x59, 0xF4, 0xFF, 0xFF, 0xDB, 0x00, // ......-%@@#.
        0x00, 0x00, 0x00, 0x00, 0x00, 0x3A, 0xFE, 0xEB, 0x57, 0x10, 0x00, 0x00, // .....:%%-...
        0x00, 0x00, 0x00, 0x00, 0x00, 0x80, 0xFF, 0x68, 0x00, 0x00, 0x00, 0x00, // .....+@=....
        0x00, 0x00, 0x00, 0x00, 0x00, 0x91, 0xFF, 0x3C, 0x00, 0x00, 0x00, 0x00, // .....+@:....
        0x00, 0x00, 0x00, 0x00, 0x00, 0x91, 0xFF, 0x3A, 0x00, 0x00, 0x00, 0x00, // .....+@:....
        0x00, 0x00, 0x00, 0x00, 0x00, 0x91, 0xFF, 0x3A, 0x00, 0x00, 0x00, 0x00, // .....+@:....
        0x00, 0x00, 0x00, 0x00, 0x00, 0x99, 0xFF, 0x34, 0x00, 0x00, 0x00, 0x00, // .....+@:....
        0x00, 0x00, 0x00, 0x00, 0x0E, 0xD8, 0xFE, 0x14, 0x00, 0x00, 0x00, 0x00, // .....#%.....
        0x00, 0x00, 0x65, 0xDF, 0xF7, 0xFF, 0xA5, 0x00, 0x00, 0x00, 0x00, 0x00, // ..=#%@*.....
        0x00, 0x00, 0x41, 0x8F, 0x7A, 0x47, 0x02, 0x00, 0x00, 0x00, 0x00, 0x00, // ..-+=-......
        0x00, 0x00, 0x00, 0x00, 0x00, 0x00, 0x00, 0x00, 0x00, 0x00, 0x00, 0x00, // ............
        0x00, 0x00, 0x00, 0x00, 0x00, 0x00, 0x00, 0x00, 0x00, 0x00, 0x00, 0x00, // ............
    ],
    // 0x7E '~'
    [
        0x00, 0x00, 0x00, 0x00, 0x00, 0x00, 0x00, 0x00, 0x00, 0x00, 0x00, 0x00, // ............
        0x00, 0x00, 0x00, 0x00, 0x00, 0x00, 0x00, 0x00, 0x00, 0x00, 0x00, 0x00, // ............
        0x00, 0x00, 0x00, 0x00, 0x00, 0x00, 0x00, 0x00, 0x00, 0x00, 0x00, 0x00, // ............
        0x00, 0x00, 0x00, 0x00, 0x00, 0x00, 0x00, 0x00, 0x00, 0x00, 0x00, 0x00, // ............
        0x00, 0x00, 0x00, 0x00, 0x00, 0x00, 0x00, 0x00, 0x00, 0x00, 0x00, 0x00, // ............
        0x00, 0x00, 0x00, 0x00, 0x00, 0x00, 0x00, 0x00, 0x00, 0x00, 0x00, 0x00, // ............
        0x00, 0x00, 0x00, 0x00, 0x00, 0x00, 0x00, 0x00, 0x00, 0x00, 0x00, 0x00, // ............
        0x00, 0x00, 0x00, 0x00, 0x00, 0x00, 0x00, 0x00, 0x00, 0x00, 0x00, 0x00, // ............
        0x00, 0x00, 0x00, 0x00, 0x00, 0x00, 0x00, 0x00, 0x00, 0x00, 0x00, 0x00, // ............
        0x00, 0x00, 0x00, 0x00, 0x00, 0x00, 0x00, 0x00, 0x00, 0x00, 0x00, 0x00, // ............
        0x00, 0x00, 0x06, 0x38, 0x20, 0x00, 0x00, 0x00, 0x00, 0x0E, 0x30, 0x0B, // ...::.....:.
        0x00, 0x1E, 0xDB, 0xFF, 0xFE, 0x8C, 0x00, 0x00, 0x00, 0x50, 0xFF, 0x33, // ..#@%+...-@:
        0x00, 0xA7, 0xF1, 0x5F, 0x90, 0xFF, 0x70, 0x00, 0x00, 0x71, 0xFF, 0x18, // .*%-+@=..=@.
        0x02, 0xF2, 0x99, 0x00, 0x00, 0x9B, 0xFB, 0x53, 0x0E, 0xCE, 0xD9, 0x00, // .%+..+%-.##.
        0x1E, 0xFF, 0x6C, 0x00, 0x00, 0x09, 0xC9, 0xFF, 0xFF, 0xFE, 0x54, 0x00, // .@=...#@@%-.
        0x16, 0x80, 0x2E, 0x00, 0x00, 0x00, 0x0C, 0x6D, 0x86, 0x3E, 0x00, 0x00, // .+:....=+:..
        0x00, 0x00, 0x00, 0x00, 0x00, 0x00, 0x00, 0x00, 0x00, 0x00, 0x00, 0x00, // ............
        0x00, 0x00, 0x00, 0x00, 0x00, 0x00, 0x00, 0x00, 0x00, 0x00, 0x00, 0x00, // ............
        0x00, 0x00, 0x00, 0x00, 0x00, 0x00, 0x00, 0x00, 0x00, 0x00, 0x00, 0x00, // ............
        0x00, 0x00, 0x00, 0x00, 0x00, 0x00, 0x00, 0x00, 0x00, 0x00, 0x00, 0x00, // ............
        0x00, 0x00, 0x00, 0x00, 0x00, 0x00, 0x00, 0x00, 0x00, 0x00, 0x00, 0x00, // ............
        0x00, 0x00, 0x00, 0x00, 0x00, 0x00, 0x00, 0x00, 0x00, 0x00, 0x00, 0x00, // ............
        0x00, 0x00, 0x00, 0x00, 0x00, 0x00, 0x00, 0x00, 0x00, 0x00, 0x00, 0x00, // ............
        0x00, 0x00, 0x00, 0x00, 0x00, 0x00, 0x00, 0x00, 0x00, 0x00, 0x00, 0x00, // ............
    ],
];

/// Regular, for every character outside [`REGULAR`]: U+25A1 WHITE SQUARE.
#[rustfmt::skip]
pub(crate) static REGULAR_REPLACEMENT: Cell = [
    0x00, 0x00, 0x00, 0x00, 0x00, 0x00, 0x00, 0x00, 0x00, 0x00, 0x00, 0x00, // ............
    0x00, 0x00, 0x00, 0x00, 0x00, 0x00, 0x00, 0x00, 0x00, 0x00, 0x00, 0x00, // ............
    0x00, 0x00, 0x00, 0x00, 0x00, 0x00, 0x00, 0x00, 0x00, 0x00, 0x00, 0x00, // ............
    0x00, 0x00, 0x00, 0x00, 0x00, 0x00, 0x00, 0x00, 0x00, 0x00, 0x00, 0x00, // ............
    0x00, 0x00, 0x00, 0x00, 0x00, 0x00, 0x00, 0x00, 0x00, 0x00, 0x00, 0x00, // ............
    0x00, 0x00, 0x00, 0x00, 0x00, 0x00, 0x00, 0x00, 0x00, 0x00, 0x00, 0x00, // ............
    0x00, 0x00, 0x00, 0x00, 0x00, 0x00, 0x00, 0x00, 0x00, 0x00, 0x00, 0x00, // ............
    0x1E, 0x20, 0x20, 0x20, 0x20, 0x20, 0x20, 0x20, 0x20, 0x20, 0x20, 0x1F, // .::::::::::.
    0xF0, 0xF2, 0xEF, 0xEF, 0xEF, 0xEF, 0xEF, 0xEF, 0xEF, 0xEF, 0xF1, 0xFB, // %%%%%%%%%%%%
    0xF0, 0x2C, 0x00, 0x00, 0x00, 0x00, 0x00, 0x00, 0x00, 0x00, 0x21, 0xFB, // %:........:%
    0xF0, 0x2C, 0x00, 0x00, 0x00, 0x00, 0x00, 0x00, 0x00, 0x00, 0x21, 0xFB, // %:........:%
    0xF0, 0x2C, 0x00, 0x00, 0x00, 0x00, 0x00, 0x00, 0x00, 0x00, 0x21, 0xFB, // %:........:%
    0xF0, 0x2C, 0x00, 0x00, 0x00, 0x00, 0x00, 0x00, 0x00, 0x00, 0x21, 0xFB, // %:........:%
    0xF0, 0x2C, 0x00, 0x00, 0x00, 0x00, 0x00, 0x00, 0x00, 0x00, 0x21, 0xFB, // %:........:%
    0xF0, 0x2C, 0x00, 0x00, 0x00, 0x00, 0x00, 0x00, 0x00, 0x00, 0x21, 0xFB, // %:........:%
    0xF0, 0x2C, 0x00, 0x00, 0x00, 0x00, 0x00, 0x00, 0x00, 0x00, 0x21, 0xFB, // %:........:%
    0xF0, 0x2C, 0x00, 0x00, 0x00, 0x00, 0x00, 0x00, 0x00, 0x00, 0x21, 0xFB, // %:........:%
    0xF0, 0x2C, 0x00, 0x00, 0x00, 0x00, 0x00, 0x00, 0x00, 0x00, 0x21, 0xFB, // %:........:%
    0xF0, 0x7B, 0x60, 0x60, 0x60, 0x60, 0x60, 0x60, 0x60, 0x60, 0x74, 0xFB, // %==========%
    0xB4, 0xBF, 0xBF, 0xBF, 0xBF, 0xBF, 0xBF, 0xBF, 0xBF, 0xBF, 0xBF, 0xBC, // ************
    0x00, 0x00, 0x00, 0x00, 0x00, 0x00, 0x00, 0x00, 0x00, 0x00, 0x00, 0x00, // ............
    0x00, 0x00, 0x00, 0x00, 0x00, 0x00, 0x00, 0x00, 0x00, 0x00, 0x00, 0x00, // ............
    0x00, 0x00, 0x00, 0x00, 0x00, 0x00, 0x00, 0x00, 0x00, 0x00, 0x00, 0x00, // ............
    0x00, 0x00, 0x00, 0x00, 0x00, 0x00, 0x00, 0x00, 0x00, 0x00, 0x00, 0x00, // ............
];

/// Bold: printable ASCII, 0x20..=0x7E, indexed by code
/// point minus [`FIRST`].
#[rustfmt::skip]
pub(crate) static BOLD: [Cell; 95] = [
    // 0x20 ' '
    [
        0x00, 0x00, 0x00, 0x00, 0x00, 0x00, 0x00, 0x00, 0x00, 0x00, 0x00, 0x00, // ............
        0x00, 0x00, 0x00, 0x00, 0x00, 0x00, 0x00, 0x00, 0x00, 0x00, 0x00, 0x00, // ............
        0x00, 0x00, 0x00, 0x00, 0x00, 0x00, 0x00, 0x00, 0x00, 0x00, 0x00, 0x00, // ............
        0x00, 0x00, 0x00, 0x00, 0x00, 0x00, 0x00, 0x00, 0x00, 0x00, 0x00, 0x00, // ............
        0x00, 0x00, 0x00, 0x00, 0x00, 0x00, 0x00, 0x00, 0x00, 0x00, 0x00, 0x00, // ............
        0x00, 0x00, 0x00, 0x00, 0x00, 0x00, 0x00, 0x00, 0x00, 0x00, 0x00, 0x00, // ............
        0x00, 0x00, 0x00, 0x00, 0x00, 0x00, 0x00, 0x00, 0x00, 0x00, 0x00, 0x00, // ............
        0x00, 0x00, 0x00, 0x00, 0x00, 0x00, 0x00, 0x00, 0x00, 0x00, 0x00, 0x00, // ............
        0x00, 0x00, 0x00, 0x00, 0x00, 0x00, 0x00, 0x00, 0x00, 0x00, 0x00, 0x00, // ............
        0x00, 0x00, 0x00, 0x00, 0x00, 0x00, 0x00, 0x00, 0x00, 0x00, 0x00, 0x00, // ............
        0x00, 0x00, 0x00, 0x00, 0x00, 0x00, 0x00, 0x00, 0x00, 0x00, 0x00, 0x00, // ............
        0x00, 0x00, 0x00, 0x00, 0x00, 0x00, 0x00, 0x00, 0x00, 0x00, 0x00, 0x00, // ............
        0x00, 0x00, 0x00, 0x00, 0x00, 0x00, 0x00, 0x00, 0x00, 0x00, 0x00, 0x00, // ............
        0x00, 0x00, 0x00, 0x00, 0x00, 0x00, 0x00, 0x00, 0x00, 0x00, 0x00, 0x00, // ............
        0x00, 0x00, 0x00, 0x00, 0x00, 0x00, 0x00, 0x00, 0x00, 0x00, 0x00, 0x00, // ............
        0x00, 0x00, 0x00, 0x00, 0x00, 0x00, 0x00, 0x00, 0x00, 0x00, 0x00, 0x00, // ............
        0x00, 0x00, 0x00, 0x00, 0x00, 0x00, 0x00, 0x00, 0x00, 0x00, 0x00, 0x00, // ............
        0x00, 0x00, 0x00, 0x00, 0x00, 0x00, 0x00, 0x00, 0x00, 0x00, 0x00, 0x00, // ............
        0x00, 0x00, 0x00, 0x00, 0x00, 0x00, 0x00, 0x00, 0x00, 0x00, 0x00, 0x00, // ............
        0x00, 0x00, 0x00, 0x00, 0x00, 0x00, 0x00, 0x00, 0x00, 0x00, 0x00, 0x00, // ............
        0x00, 0x00, 0x00, 0x00, 0x00, 0x00, 0x00, 0x00, 0x00, 0x00, 0x00, 0x00, // ............
        0x00, 0x00, 0x00, 0x00, 0x00, 0x00, 0x00, 0x00, 0x00, 0x00, 0x00, 0x00, // ............
        0x00, 0x00, 0x00, 0x00, 0x00, 0x00, 0x00, 0x00, 0x00, 0x00, 0x00, 0x00, // ............
        0x00, 0x00, 0x00, 0x00, 0x00, 0x00, 0x00, 0x00, 0x00, 0x00, 0x00, 0x00, // ............
    ],
    // 0x21 '!'
    [
        0x00, 0x00, 0x00, 0x00, 0x00, 0x00, 0x00, 0x00, 0x00, 0x00, 0x00, 0x00, // ............
        0x00, 0x00, 0x00, 0x00, 0x00, 0x00, 0x00, 0x00, 0x00, 0x00, 0x00, 0x00, // ............
        0x00, 0x00, 0x00, 0x00, 0x00, 0x00, 0x00, 0x00, 0x00, 0x00, 0x00, 0x00, // ............
        0x00, 0x00, 0x00, 0x00, 0x00, 0x00, 0x00, 0x00, 0x00, 0x00, 0x00, 0x00, // ............
        0x00, 0x00, 0x00, 0x00, 0x4E, 0xBF, 0xBF, 0x47, 0x00, 0x00, 0x00, 0x00, // ....-**-....
        0x00, 0x00, 0x00, 0x00, 0x69, 0xFF, 0xFF, 0x5F, 0x00, 0x00, 0x00, 0x00, // ....=@@-....
        0x00, 0x00, 0x00, 0x00, 0x69, 0xFF, 0xFF, 0x5F, 0x00, 0x00, 0x00, 0x00, // ....=@@-....
        0x00, 0x00, 0x00, 0x00, 0x69, 0xFF, 0xFF, 0x5F, 0x00, 0x00, 0x00, 0x00, // ....=@@-....
        0x00, 0x00, 0x00, 0x00, 0x67, 0xFF, 0xFF, 0x5E, 0x00, 0x00, 0x00, 0x00, // ....=@@-....
        0x00, 0x00, 0x00, 0x00, 0x4E, 0xFF, 0xFF, 0x48, 0x00, 0x00, 0x00, 0x00, // ....-@@-....
        0x00, 0x00, 0x00, 0x00, 0x2B, 0xFF, 0xFF, 0x2A, 0x00, 0x00, 0x00, 0x00, // ....:@@:....
        0x00, 0x00, 0x00, 0x00, 0x0A, 0xFE, 0xFF, 0x0C, 0x00, 0x00, 0x00, 0x00, // .....%@.....
        0x00, 0x00, 0x00, 0x00, 0x00, 0xE5, 0xED, 0x00, 0x00, 0x00, 0x00, 0x00, // .....%%.....
        0x00, 0x00, 0x00, 0x00, 0x00, 0xC3, 0xCE, 0x00, 0x00, 0x00, 0x00, 0x00, // .....##.....
        0x00, 0x00, 0x00, 0x00, 0x00, 0x40, 0x46, 0x00, 0x00, 0x00, 0x00, 0x00, // .....--.....
        0x00, 0x00, 0x00, 0x00, 0x00, 0x00, 0x00, 0x00, 0x00, 0x00, 0x00, 0x00, // ............
        0x00, 0x00, 0x00, 0x00, 0x28, 0xC9, 0xCB, 0x2C, 0x00, 0x00, 0x00, 0x00, // ....:##:....
        0x00, 0x00, 0x00, 0x00, 0xA2, 0xFF, 0xFF, 0xA6, 0x00, 0x00, 0x00, 0x00, // ....*@@*....
        0x00, 0x00, 0x00, 0x00, 0x96, 0xFF, 0xFF, 0x99, 0x00, 0x00, 0x00, 0x00, // ....+@@+....
        0x00, 0x00, 0x00, 0x00, 0x14, 0x99, 0x9B, 0x15, 0x00, 0x00, 0x00, 0x00, // .....++.....
        0x00, 0x00, 0x00, 0x00, 0x00, 0x00, 0x00, 0x00, 0x00, 0x00, 0x00, 0x00, // ............
        0x00, 0x00, 0x00, 0x00, 0x00, 0x00, 0x00, 0x00, 0x00, 0x00, 0x00, 0x00, // ............
        0x00, 0x00, 0x00, 0x00, 0x00, 0x00, 0x00, 0x00, 0x00, 0x00, 0x00, 0x00, // ............
        0x00, 0x00, 0x00, 0x00, 0x00, 0x00, 0x00, 0x00, 0x00, 0x00, 0x00, 0x00, // ............
    ],
    // 0x22 '"'
    [
        0x00, 0x00, 0x00, 0x00, 0x00, 0x00, 0x00, 0x00, 0x00, 0x00, 0x00, 0x00, // ............
        0x00, 0x00, 0x00, 0x00, 0x00, 0x00, 0x00, 0x00, 0x00, 0x00, 0x00, 0x00, // ............
        0x00, 0x00, 0x00, 0x00, 0x00, 0x00, 0x00, 0x00, 0x00, 0x00, 0x00, 0x00, // ............
        0x00, 0x00, 0x00, 0x00, 0x00, 0x00, 0x00, 0x00, 0x00, 0x00, 0x00, 0x00, // ............
        0x00, 0x00, 0x6B, 0x8F, 0x6C, 0x00, 0x00, 0x6B, 0x8F, 0x6C, 0x00, 0x00, // ..=+=..=+=..
        0x00, 0x00, 0xBE, 0xFF, 0xC1, 0x00, 0x00, 0xBE, 0xFF, 0xC1, 0x00, 0x00, // ..*@#..*@#..
        0x00, 0x00, 0xBE, 0xFF, 0xC1, 0x00, 0x00, 0xBE, 0xFF, 0xC1, 0x00, 0x00, // ..*@#..*@#..
        0x00, 0x00, 0xBE, 0xFF, 0xC1, 0x00, 0x00, 0xBE, 0xFF, 0xC1, 0x00, 0x00, // ..*@#..*@#..
        0x00, 0x00, 0xBE, 0xFF, 0xC1, 0x00, 0x00, 0xBE, 0xFF, 0xC1, 0x00, 0x00, // ..*@#..*@#..
        0x00, 0x00, 0x9A, 0xCF, 0x9D, 0x00, 0x00, 0x9A, 0xCF, 0x9D, 0x00, 0x00, // ..+#+..+#+..
        0x00, 0x00, 0x00, 0x00, 0x00, 0x00, 0x00, 0x00, 0x00, 0x00, 0x00, 0x00, // ............
        0x00, 0x00, 0x00, 0x00, 0x00, 0x00, 0x00, 0x00, 0x00, 0x00, 0x00, 0x00, // ............
        0x00, 0x00, 0x00, 0x00, 0x00, 0x00, 0x00, 0x00, 0x00, 0x00, 0x00, 0x00, // ............
        0x00, 0x00, 0x00, 0x00, 0x00, 0x00, 0x00, 0x00, 0x00, 0x00, 0x00, 0x00, // ............
        0x00, 0x00, 0x00, 0x00, 0x00, 0x00, 0x00, 0x00, 0x00, 0x00, 0x00, 0x00, // ............
        0x00, 0x00, 0x00, 0x00, 0x00, 0x00, 0x00, 0x00, 0x00, 0x00, 0x00, 0x00, // ............
        0x00, 0x00, 0x00, 0x00, 0x00, 0x00, 0x00, 0x00, 0x00, 0x00, 0x00, 0x00, // ............
        0x00, 0x00, 0x00, 0x00, 0x00, 0x00, 0x00, 0x00, 0x00, 0x00, 0x00, 0x00, // ............
        0x00, 0x00, 0x00, 0x00, 0x00, 0x00, 0x00, 0x00, 0x00, 0x00, 0x00, 0x00, // ............
        0x00, 0x00, 0x00, 0x00, 0x00, 0x00, 0x00, 0x00, 0x00, 0x00, 0x00, 0x00, // ............
        0x00, 0x00, 0x00, 0x00, 0x00, 0x00, 0x00, 0x00, 0x00, 0x00, 0x00, 0x00, // ............
        0x00, 0x00, 0x00, 0x00, 0x00, 0x00, 0x00, 0x00, 0x00, 0x00, 0x00, 0x00, // ............
        0x00, 0x00, 0x00, 0x00, 0x00, 0x00, 0x00, 0x00, 0x00, 0x00, 0x00, 0x00, // ............
        0x00, 0x00, 0x00, 0x00, 0x00, 0x00, 0x00, 0x00, 0x00, 0x00, 0x00, 0x00, // ............
    ],
    // 0x23 '#'
    [
        0x00, 0x00, 0x00, 0x00, 0x00, 0x00, 0x00, 0x00, 0x00, 0x00, 0x00, 0x00, // ............
        0x00, 0x00, 0x00, 0x00, 0x00, 0x00, 0x00, 0x00, 0x00, 0x00, 0x00, 0x00, // ............
        0x00, 0x00, 0x00, 0x00, 0x00, 0x00, 0x00, 0x00, 0x00, 0x00, 0x00, 0x00, // ............
        0x00, 0x00, 0x00, 0x00, 0x00, 0x00, 0x00, 0x00, 0x00, 0x00, 0x00, 0x00, // ............
        0x00, 0x00, 0x00, 0x00, 0x1D, 0x60, 0x52, 0x00, 0x10, 0x60, 0x5F, 0x02, // .....=-..=-.
        0x00, 0x00, 0x00, 0x00, 0x7A, 0xFF, 0xAF, 0x00, 0x56, 0xFF, 0xD7, 0x00, // ....=@*.-@#.
        0x00, 0x00, 0x00, 0x00, 0xBA, 0xFF, 0x6E, 0x00, 0x96, 0xFF, 0x95, 0x00, // ....*@=.+@+.
        0x00, 0x00, 0x00, 0x06, 0xF4, 0xFF, 0x2E, 0x00, 0xD6, 0xFF, 0x53, 0x00, // ....%@:.#@-.
        0x00, 0x96, 0xAF, 0xBB, 0xFF, 0xFF, 0xB1, 0xB0, 0xFE, 0xFF, 0xBC, 0xAF, // .+**@@**%@**
        0x00, 0xDB, 0xFF, 0xFF, 0xFF, 0xFF, 0xFF, 0xFF, 0xFF, 0xFF, 0xFF, 0xFF, // .#@@@@@@@@@@
        0x00, 0x52, 0x60, 0xDE, 0xFF, 0x9A, 0x60, 0xC4, 0xFF, 0xB3, 0x60, 0x60, // .-=#@+=#@*==
        0x00, 0x00, 0x08, 0xF7, 0xFF, 0x29, 0x00, 0xD6, 0xFF, 0x52, 0x00, 0x00, // ...%@:.#@-..
        0x00, 0x00, 0x40, 0xFF, 0xE7, 0x01, 0x18, 0xFE, 0xFD, 0x13, 0x00, 0x00, // ..-@%..%%...
        0xBC, 0xBF, 0xD9, 0xFF, 0xEF, 0xBF, 0xCF, 0xFF, 0xF9, 0xBF, 0xA8, 0x00, // **#@%*#@%**.
        0xFA, 0xFF, 0xFF, 0xFF, 0xFF, 0xFF, 0xFF, 0xFF, 0xFF, 0xFF, 0xE0, 0x00, // %@@@@@@@@@%.
        0x5E, 0x67, 0xFE, 0xFF, 0x72, 0x60, 0xEC, 0xFF, 0x8C, 0x60, 0x54, 0x00, // -=%@==%@+=-.
        0x00, 0x3F, 0xFF, 0xE8, 0x01, 0x17, 0xFE, 0xFE, 0x14, 0x00, 0x00, 0x00, // .:@%..%%....
        0x00, 0x7F, 0xFF, 0xA8, 0x00, 0x56, 0xFF, 0xD1, 0x00, 0x00, 0x00, 0x00, // .=@*.-@#....
        0x00, 0xBF, 0xFF, 0x68, 0x00, 0x97, 0xFF, 0x91, 0x00, 0x00, 0x00, 0x00, // .*@=.+@+....
        0x00, 0x00, 0x00, 0x00, 0x00, 0x00, 0x00, 0x00, 0x00, 0x00, 0x00, 0x00, // ............
        0x00, 0x00, 0x00, 0x00, 0x00, 0x00, 0x00, 0x00, 0x00, 0x00, 0x00, 0x00, // ............
        0x00, 0x00, 0x00, 0x00, 0x00, 0x00, 0x00, 0x00, 0x00, 0x00, 0x00, 0x00, // ............
        0x00, 0x00, 0x00, 0x00, 0x00, 0x00, 0x00, 0x00, 0x00, 0x00, 0x00, 0x00, // ............
        0x00, 0x00, 0x00, 0x00, 0x00, 0x00, 0x00, 0x00, 0x00, 0x00, 0x00, 0x00, // ............
    ],
    // 0x24 '$'
    [
        0x00, 0x00, 0x00, 0x00, 0x00, 0x00, 0x00, 0x00, 0x00, 0x00, 0x00, 0x00, // ............
        0x00, 0x00, 0x00, 0x00, 0x00, 0x00, 0x00, 0x00, 0x00, 0x00, 0x00, 0x00, // ............
        0x00, 0x00, 0x00, 0x00, 0x00, 0x00, 0x00, 0x00, 0x00, 0x00, 0x00, 0x00, // ............
        0x00, 0x00, 0x00, 0x00, 0x00, 0x2F, 0x30, 0x08, 0x00, 0x00, 0x00, 0x00, // .....::.....
        0x00, 0x00, 0x00, 0x00, 0x00, 0xFD, 0xFF, 0x2C, 0x00, 0x00, 0x00, 0x00, // .....%@:....
        0x00, 0x00, 0x00, 0x00, 0x00, 0xFD, 0xFF, 0x2D, 0x00, 0x00, 0x00, 0x00, // .....%@:....
        0x00, 0x00, 0x03, 0x6F, 0xCB, 0xFF, 0xFF, 0xD8, 0xA6, 0x54, 0x00, 0x00, // ...=#@@#*-..
        0x00, 0x00, 0xA3, 0xFF, 0xFF, 0xFF, 0xFF, 0xFF, 0xFF, 0xC1, 0x00, 0x00, // ..*@@@@@@#..
        0x00, 0x31, 0xFF, 0xFF, 0xB0, 0xB7, 0xD4, 0x59, 0x96, 0xB3, 0x00, 0x00, // .:@@**#-+*..
        0x00, 0x61, 0xFF, 0xFF, 0x34, 0x99, 0xC6, 0x00, 0x00, 0x06, 0x00, 0x00, // .=@@:+#.....
        0x00, 0x54, 0xFF, 0xFF, 0x91, 0x9E, 0xC6, 0x00, 0x00, 0x00, 0x00, 0x00, // .-@@++#.....
        0x00, 0x11, 0xEE, 0xFF, 0xFF, 0xFF, 0xEF, 0x96, 0x3D, 0x00, 0x00, 0x00, // ..%@@@%+:...
        0x00, 0x00, 0x3E, 0xE5, 0xFF, 0xFF, 0xFF, 0xFF, 0xFF, 0x94, 0x00, 0x00, // ..:%@@@@@+..
        0x00, 0x00, 0x00, 0x09, 0x58, 0xCF, 0xF8, 0xFB, 0xFF, 0xFF, 0x4F, 0x00, // ....-#%%@@-.
        0x00, 0x00, 0x00, 0x00, 0x00, 0x99, 0xC6, 0x35, 0xFE, 0xFF, 0x99, 0x00, // .....+#:%@+.
        0x00, 0x1E, 0x12, 0x00, 0x00, 0x99, 0xC6, 0x01, 0xF3, 0xFF, 0xA5, 0x00, // .....+#.%@*.
        0x00, 0x52, 0xF2, 0x97, 0x51, 0xAF, 0xD3, 0x89, 0xFF, 0xFF, 0x77, 0x00, // .-%+-*#+@@=.
        0x00, 0x52, 0xFF, 0xFF, 0xFF, 0xFF, 0xFF, 0xFF, 0xFF, 0xDD, 0x10, 0x00, // .-@@@@@@@#..
        0x00, 0x0E, 0x6A, 0xB6, 0xEC, 0xFF, 0xFF, 0xED, 0x9D, 0x18, 0x00, 0x00, // ..=*%@@%+...
        0x00, 0x00, 0x00, 0x00, 0x00, 0xFF, 0xFF, 0x2D, 0x00, 0x00, 0x00, 0x00, // .....@@:....
        0x00, 0x00, 0x00, 0x00, 0x00, 0xFE, 0xFF, 0x2C, 0x00, 0x00, 0x00, 0x00, // .....%@:....
        0x00, 0x00, 0x00, 0x00, 0x00, 0xED, 0xEF, 0x29, 0x00, 0x00, 0x00, 0x00, // .....%%:....
        0x00, 0x00, 0x00, 0x00, 0x00, 0x00, 0x00, 0x00, 0x00, 0x00, 0x00, 0x00, // ............
        0x00, 0x00, 0x00, 0x00, 0x00, 0x00, 0x00, 0x00, 0x00, 0x00, 0x00, 0x00, // ............
    ],
    // 0x25 '%'
    [
        0x00, 0x00, 0x00, 0x00, 0x00, 0x00, 0x00, 0x00, 0x00, 0x00, 0x00, 0x00, // ............
        0x00, 0x00, 0x00, 0x00, 0x00, 0x00, 0x00, 0x00, 0x00, 0x00, 0x00, 0x00, // ............
        0x00, 0x00, 0x00, 0x00, 0x00, 0x00, 0x00, 0x00, 0x00, 0x00, 0x00, 0x00, // ............
        0x00, 0x00, 0x00, 0x00, 0x00, 0x00, 0x00, 0x00, 0x00, 0x00, 0x00, 0x00, // ............
        0x00, 0x00, 0x00, 0x00, 0x00, 0x00, 0x00, 0x00, 0x00, 0x00, 0x00, 0x00, // ............
        0x00, 0x4D, 0xD4, 0xF9, 0xCB, 0x3C, 0x00, 0x00, 0x00, 0x00, 0x00, 0x00, // .-#%#:......
        0x38, 0xFB, 0xFA, 0xD5, 0xFE, 0xF5, 0x22, 0x00, 0x00, 0x00, 0x00, 0x00, // :%%#%%:.....
        0x9A, 0xFF, 0x4E, 0x00, 0x6F, 0xFF, 0x7C, 0x00, 0x00, 0x00, 0x00, 0x00, // +@-.=@=.....
        0xA5, 0xFF, 0x2E, 0x00, 0x4E, 0xFF, 0x87, 0x00, 0x00, 0x00, 0x00, 0x00, // *@:.-@+.....
        0x5C, 0xFF, 0xDB, 0x8C, 0xE6, 0xFF, 0x3E, 0x00, 0x00, 0x04, 0x4E, 0x63, // -@#+%@:...-=
        0x01, 0x8F, 0xFD, 0xFF, 0xFA, 0x75, 0x00, 0x29, 0x8A, 0xE7, 0xCE, 0x50, // .+%@%=.:+%#-
        0x00, 0x00, 0x1C, 0x3F, 0x24, 0x65, 0xC7, 0xEB, 0x90, 0x2F, 0x00, 0x00, // ...::=#%+:..
        0x00, 0x01, 0x41, 0xA2, 0xF1, 0xB3, 0x52, 0x10, 0x39, 0x25, 0x00, 0x00, // ..-*%*-.::..
        0x4E, 0xDD, 0xD6, 0x75, 0x19, 0x00, 0x47, 0xED, 0xFF, 0xFF, 0xB5, 0x0C, // -##=..-%@@*.
        0x41, 0x38, 0x00, 0x00, 0x00, 0x11, 0xF0, 0xF8, 0x9A, 0xC6, 0xFF, 0x92, // -:....%%+#@+
        0x00, 0x00, 0x00, 0x00, 0x00, 0x4D, 0xFF, 0x86, 0x00, 0x08, 0xF0, 0xDE, // .....-@+..%#
        0x00, 0x00, 0x00, 0x00, 0x00, 0x43, 0xFF, 0xA0, 0x00, 0x1C, 0xF7, 0xD4, // .....-@*..%#
        0x00, 0x00, 0x00, 0x00, 0x00, 0x06, 0xDB, 0xFF, 0xD5, 0xEF, 0xFF, 0x70, // ......#@#%@=
        0x00, 0x00, 0x00, 0x00, 0x00, 0x00, 0x22, 0xB7, 0xFA, 0xE7, 0x77, 0x01, // ......:*%%=.
        0x00, 0x00, 0x00, 0x00, 0x00, 0x00, 0x00, 0x00, 0x00, 0x00, 0x00, 0x00, // ............
        0x00, 0x00, 0x00, 0x00, 0x00, 0x00, 0x00, 0x00, 0x00, 0x00, 0x00, 0x00, // ............
        0x00, 0x00, 0x00, 0x00, 0x00, 0x00, 0x00, 0x00, 0x00, 0x00, 0x00, 0x00, // ............
        0x00, 0x00, 0x00, 0x00, 0x00, 0x00, 0x00, 0x00, 0x00, 0x00, 0x00, 0x00, // ............
        0x00, 0x00, 0x00, 0x00, 0x00, 0x00, 0x00, 0x00, 0x00, 0x00, 0x00, 0x00, // ............
    ],
    // 0x26 '&'
    [
        0x00, 0x00, 0x00, 0x00, 0x00, 0x00, 0x00, 0x00, 0x00, 0x00, 0x00, 0x00, // ............
        0x00, 0x00, 0x00, 0x00, 0x00, 0x00, 0x00, 0x00, 0x00, 0x00, 0x00, 0x00, // ............
        0x00, 0x00, 0x00, 0x00, 0x00, 0x00, 0x00, 0x00, 0x00, 0x00, 0x00, 0x00, // ............
        0x00, 0x00, 0x00, 0x00, 0x00, 0x00, 0x00, 0x00, 0x00, 0x00, 0x00, 0x00, // ............
        0x00, 0x00, 0x00, 0x32, 0x9D, 0xCB, 0xCF, 0xC1, 0x90, 0x03, 0x00, 0x00, // ...:+###+...
        0x00, 0x00, 0x44, 0xFA, 0xFF, 0xFF, 0xFF, 0xFF, 0xFF, 0x06, 0x00, 0x00, // ..-%@@@@@...
        0x00, 0x00, 0xBC, 0xFF, 0xFF, 0x93, 0x60, 0x7C, 0xD0, 0x06, 0x00, 0x00, // ..*@@+==#...
        0x00, 0x00, 0xD8, 0xFF, 0xEF, 0x00, 0x00, 0x00, 0x01, 0x00, 0x00, 0x00, // ..#@%.......
        0x00, 0x00, 0xAB, 0xFF, 0xFF, 0x42, 0x00, 0x00, 0x00, 0x00, 0x00, 0x00, // ..*@@-......
        0x00, 0x00, 0x3D, 0xFF, 0xFF, 0xD0, 0x04, 0x00, 0x00, 0x00, 0x00, 0x00, // ..:@@#......
        0x00, 0x00, 0x7A, 0xFD, 0xFF, 0xFF, 0x7A, 0x00, 0x00, 0x00, 0x00, 0x00, // ..=%@@=.....
        0x00, 0x80, 0xFF, 0xFF, 0xFA, 0xFF, 0xF8, 0x29, 0x00, 0x1A, 0x40, 0x37, // .+@@%@%:..-:
        0x29, 0xFC, 0xFF, 0x9A, 0x4A, 0xFF, 0xFF, 0xC5, 0x02, 0x5F, 0xFF, 0xD8, // :%@+-@@#.-@#
        0x81, 0xFF, 0xFF, 0x18, 0x00, 0xA0, 0xFF, 0xFF, 0x6F, 0x6A, 0xFF, 0xC5, // +@@..*@@==@#
        0xA0, 0xFF, 0xFF, 0x07, 0x00, 0x11, 0xE6, 0xFF, 0xF4, 0xC5, 0xFF, 0x92, // *@@...%@%#@+
        0x91, 0xFF, 0xFF, 0x52, 0x00, 0x00, 0x50, 0xFF, 0xFF, 0xFF, 0xFE, 0x32, // +@@-..-@@@%:
        0x4C, 0xFF, 0xFF, 0xEB, 0x4F, 0x0A, 0x2E, 0xE6, 0xFF, 0xFF, 0xAB, 0x00, // -@@%-.:%@@*.
        0x01, 0xB6, 0xFF, 0xFF, 0xFF, 0xFF, 0xFF, 0xFF, 0xFF, 0xFF, 0xF2, 0x1F, // .*@@@@@@@@%.
        0x00, 0x09, 0x92, 0xF8, 0xFF, 0xFF, 0xFF, 0xD1, 0x8F, 0xFF, 0xFF, 0xBA, // ..+%@@@#+@@*
        0x00, 0x00, 0x00, 0x0D, 0x3A, 0x43, 0x24, 0x00, 0x00, 0x00, 0x00, 0x00, // ....:-:.....
        0x00, 0x00, 0x00, 0x00, 0x00, 0x00, 0x00, 0x00, 0x00, 0x00, 0x00, 0x00, // ............
        0x00, 0x00, 0x00, 0x00, 0x00, 0x00, 0x00, 0x00, 0x00, 0x00, 0x00, 0x00, // ............
        0x00, 0x00, 0x00, 0x00, 0x00, 0x00, 0x00, 0x00, 0x00, 0x00, 0x00, 0x00, // ............
        0x00, 0x00, 0x00, 0x00, 0x00, 0x00, 0x00, 0x00, 0x00, 0x00, 0x00, 0x00, // ............
    ],
    // 0x27 '\''
    [
        0x00, 0x00, 0x00, 0x00, 0x00, 0x00, 0x00, 0x00, 0x00, 0x00, 0x00, 0x00, // ............
        0x00, 0x00, 0x00, 0x00, 0x00, 0x00, 0x00, 0x00, 0x00, 0x00, 0x00, 0x00, // ............
        0x00, 0x00, 0x00, 0x00, 0x00, 0x00, 0x00, 0x00, 0x00, 0x00, 0x00, 0x00, // ............
        0x00, 0x00, 0x00, 0x00, 0x00, 0x00, 0x00, 0x00, 0x00, 0x00, 0x00, 0x00, // ............
        0x00, 0x00, 0x00, 0x00, 0x23, 0x8F, 0x8F, 0x25, 0x00, 0x00, 0x00, 0x00, // ....:++:....
        0x00, 0x00, 0x00, 0x00, 0x3E, 0xFF, 0xFF, 0x41, 0x00, 0x00, 0x00, 0x00, // ....:@@-....
        0x00, 0x00, 0x00, 0x00, 0x3E, 0xFF, 0xFF, 0x41, 0x00, 0x00, 0x00, 0x00, // ....:@@-....
        0x00, 0x00, 0x00, 0x00, 0x3E, 0xFF, 0xFF, 0x41, 0x00, 0x00, 0x00, 0x00, // ....:@@-....
        0x00, 0x00, 0x00, 0x00, 0x3E, 0xFF, 0xFF, 0x41, 0x00, 0x00, 0x00, 0x00, // ....:@@-....
        0x00, 0x00, 0x00, 0x00, 0x33, 0xCF, 0xCF, 0x35, 0x00, 0x00, 0x00, 0x00, // ....:##:....
        0x00, 0x00, 0x00, 0x00, 0x00, 0x00, 0x00, 0x00, 0x00, 0x00, 0x00, 0x00, // ............
        0x00, 0x00, 0x00, 0x00, 0x00, 0x00, 0x00, 0x00, 0x00, 0x00, 0x00, 0x00, // ............
        0x00, 0x00, 0x00, 0x00, 0x00, 0x00, 0x00, 0x00, 0x00, 0x00, 0x00, 0x00, // ............
        0x00, 0x00, 0x00, 0x00, 0x00, 0x00, 0x00, 0x00, 0x00, 0x00, 0x00, 0x00, // ............
        0x00, 0x00, 0x00, 0x00, 0x00, 0x00, 0x00, 0x00, 0x00, 0x00, 0x00, 0x00, // ............
        0x00, 0x00, 0x00, 0x00, 0x00, 0x00, 0x00, 0x00, 0x00, 0x00, 0x00, 0x00, // ............
        0x00, 0x00, 0x00, 0x00, 0x00, 0x00, 0x00, 0x00, 0x00, 0x00, 0x00, 0x00, // ............
        0x00, 0x00, 0x00, 0x00, 0x00, 0x00, 0x00, 0x00, 0x00, 0x00, 0x00, 0x00, // ............
        0x00, 0x00, 0x00, 0x00, 0x00, 0x00, 0x00, 0x00, 0x00, 0x00, 0x00, 0x00, // ............
        0x00, 0x00, 0x00, 0x00, 0x00, 0x00, 0x00, 0x00, 0x00, 0x00, 0x00, 0x00, // ............
        0x00, 0x00, 0x00, 0x00, 0x00, 0x00, 0x00, 0x00, 0x00, 0x00, 0x00, 0x00, // ............
        0x00, 0x00, 0x00, 0x00, 0x00, 0x00, 0x00, 0x00, 0x00, 0x00, 0x00, 0x00, // ............
        0x00, 0x00, 0x00, 0x00, 0x00, 0x00, 0x00, 0x00, 0x00, 0x00, 0x00, 0x00, // ............
        0x00, 0x00, 0x00, 0x00, 0x00, 0x00, 0x00, 0x00, 0x00, 0x00, 0x00, 0x00, // ............
    ],
    // 0x28 '('
    [
        0x00, 0x00, 0x00, 0x00, 0x00, 0x00, 0x00, 0x00, 0x00, 0x00, 0x00, 0x00, // ............
        0x00, 0x00, 0x00, 0x00, 0x00, 0x00, 0x00, 0x00, 0x00, 0x00, 0x00, 0x00, // ............
        0x00, 0x00, 0x00, 0x00, 0x00, 0x00, 0x00, 0x00, 0x00, 0x00, 0x00, 0x00, // ............
        0x00, 0x00, 0x00, 0x00, 0x00, 0x0B, 0x30, 0x2F, 0x01, 0x00, 0x00, 0x00, // ......::....
        0x00, 0x00, 0x00, 0x00, 0x00, 0xA0, 0xFF, 0xB0, 0x00, 0x00, 0x00, 0x00, // .....*@*....
        0x00, 0x00, 0x00, 0x00, 0x3C, 0xFE, 0xFF, 0x34, 0x00, 0x00, 0x00, 0x00, // ....:%@:....
        0x00, 0x00, 0x00, 0x00, 0xBF, 0xFF, 0xC5, 0x00, 0x00, 0x00, 0x00, 0x00, // ....*@#.....
        0x00, 0x00, 0x00, 0x31, 0xFF, 0xFF, 0x66, 0x00, 0x00, 0x00, 0x00, 0x00, // ...:@@=.....
        0x00, 0x00, 0x00, 0x8D, 0xFF, 0xFE, 0x18, 0x00, 0x00, 0x00, 0x00, 0x00, // ...+@%......
        0x00, 0x00, 0x00, 0xD6, 0xFF, 0xD8, 0x00, 0x00, 0x00, 0x00, 0x00, 0x00, // ...#@#......
        0x00, 0x00, 0x0D, 0xFE, 0xFF, 0xAB, 0x00, 0x00, 0x00, 0x00, 0x00, 0x00, // ...%@*......
        0x00, 0x00, 0x2D, 0xFF, 0xFF, 0x8F, 0x00, 0x00, 0x00, 0x00, 0x00, 0x00, // ..:@@+......
        0x00, 0x00, 0x3B, 0xFF, 0xFF, 0x83, 0x00, 0x00, 0x00, 0x00, 0x00, 0x00, // ..:@@+......
        0x00, 0x00, 0x35, 0xFF, 0xFF, 0x88, 0x00, 0x00, 0x00, 0x00, 0x00, 0x00, // ..:@@+......
        0x00, 0x00, 0x1D, 0xFF, 0xFF, 0x9D, 0x00, 0x00, 0x00, 0x00, 0x00, 0x00, // ...@@+......
        0x00, 0x00, 0x01, 0xEF, 0xFF, 0xC3, 0x00, 0x00, 0x00, 0x00, 0x00, 0x00, // ...%@#......
        0x00, 0x00, 0x00, 0xB1, 0xFF, 0xF4, 0x06, 0x00, 0x00, 0x00, 0x00, 0x00, // ...*@%......
        0x00, 0x00, 0x00, 0x5E, 0xFF, 0xFF, 0x42, 0x00, 0x00, 0x00, 0x00, 0x00, // ...-@@-.....
        0x00, 0x00, 0x00, 0x0A, 0xEC, 0xFF, 0x99, 0x00, 0x00, 0x00, 0x00, 0x00, // ....%@+.....
        0x00, 0x00, 0x00, 0x00, 0x79, 0xFF, 0xF2, 0x0E, 0x00, 0x00, 0x00, 0x00, // ....=@%.....
        0x00, 0x00, 0x00, 0x00, 0x09, 0xDF, 0xFF, 0x76, 0x00, 0x00, 0x00, 0x00, // .....#@=....
        0x00, 0x00, 0x00, 0x00, 0x00, 0x3F, 0x9F, 0x8B, 0x00, 0x00, 0x00, 0x00, // .....:++....
        0x00, 0x00, 0x00, 0x00, 0x00, 0x00, 0x00, 0x00, 0x00, 0x00, 0x00, 0x00, // ............
        0x00, 0x00, 0x00, 0x00, 0x00, 0x00, 0x00, 0x00, 0x00, 0x00, 0x00, 0x00, // ............
    ],
    // 0x29 ')'
    [
        0x00, 0x00, 0x00, 0x00, 0x00, 0x00, 0x00, 0x00, 0x00, 0x00, 0x00, 0x00, // ............
        0x00, 0x00, 0x00, 0x00, 0x00, 0x00, 0x00, 0x00, 0x00, 0x00, 0x00, 0x00, // ............
        0x00, 0x00, 0x00, 0x00, 0x00, 0x00, 0x00, 0x00, 0x00, 0x00, 0x00, 0x00, // ............
        0x00, 0x00, 0x00, 0x00, 0x2E, 0x30, 0x0D, 0x00, 0x00, 0x00, 0x00, 0x00, // ....::......
        0x00, 0x00, 0x00, 0x00, 0xA5, 0xFF, 0xAA, 0x00, 0x00, 0x00, 0x00, 0x00, // ....*@*.....
        0x00, 0x00, 0x00, 0x00, 0x2A, 0xFE, 0xFF, 0x45, 0x00, 0x00, 0x00, 0x00, // ....:%@-....
        0x00, 0x00, 0x00, 0x00, 0x00, 0xBB, 0xFF, 0xCB, 0x00, 0x00, 0x00, 0x00, // .....*@#....
        0x00, 0x00, 0x00, 0x00, 0x00, 0x5C, 0xFF, 0xFF, 0x3D, 0x00, 0x00, 0x00, // .....-@@:...
        0x00, 0x00, 0x00, 0x00, 0x00, 0x11, 0xFC, 0xFF, 0x9A, 0x00, 0x00, 0x00, // ......%@+...
        0x00, 0x00, 0x00, 0x00, 0x00, 0x00, 0xCE, 0xFF, 0xE2, 0x00, 0x00, 0x00, // ......#@%...
        0x00, 0x00, 0x00, 0x00, 0x00, 0x00, 0xA1, 0xFF, 0xFF, 0x17, 0x00, 0x00, // ......*@@...
        0x00, 0x00, 0x00, 0x00, 0x00, 0x00, 0x84, 0xFF, 0xFF, 0x37, 0x00, 0x00, // ......+@@:..
        0x00, 0x00, 0x00, 0x00, 0x00, 0x00, 0x78, 0xFF, 0xFF, 0x45, 0x00, 0x00, // ......=@@-..
        0x00, 0x00, 0x00, 0x00, 0x00, 0x00, 0x7D, 0xFF, 0xFF, 0x40, 0x00, 0x00, // ......=@@-..
        0x00, 0x00, 0x00, 0x00, 0x00, 0x00, 0x92, 0xFF, 0xFF, 0x28, 0x00, 0x00, // ......+@@:..
        0x00, 0x00, 0x00, 0x00, 0x00, 0x00, 0xB8, 0xFF, 0xF6, 0x05, 0x00, 0x00, // ......*@%...
        0x00, 0x00, 0x00, 0x00, 0x00, 0x02, 0xED, 0xFF, 0xBB, 0x00, 0x00, 0x00, // ......%@*...
        0x00, 0x00, 0x00, 0x00, 0x00, 0x38, 0xFF, 0xFF, 0x68, 0x00, 0x00, 0x00, // .....:@@=...
        0x00, 0x00, 0x00, 0x00, 0x00, 0x8F, 0xFF, 0xF1, 0x0F, 0x00, 0x00, 0x00, // .....+@%....
        0x00, 0x00, 0x00, 0x00, 0x09, 0xEC, 0xFF, 0x84, 0x00, 0x00, 0x00, 0x00, // .....%@+....
        0x00, 0x00, 0x00, 0x00, 0x6B, 0xFF, 0xE5, 0x0D, 0x00, 0x00, 0x00, 0x00, // ....=@%.....
        0x00, 0x00, 0x00, 0x00, 0x85, 0x9F, 0x46, 0x00, 0x00, 0x00, 0x00, 0x00, // ....++-.....
        0x00, 0x00, 0x00, 0x00, 0x00, 0x00, 0x00, 0x00, 0x00, 0x00, 0x00, 0x00, // ............
        0x00, 0x00, 0x00, 0x00, 0x00, 0x00, 0x00, 0x00, 0x00, 0x00, 0x00, 0x00, // ............
    ],
    // 0x2A '*'
    [
        0x00, 0x00, 0x00, 0x00, 0x00, 0x00, 0x00, 0x00, 0x00, 0x00, 0x00, 0x00, // ............
        0x00, 0x00, 0x00, 0x00, 0x00, 0x00, 0x00, 0x00, 0x00, 0x00, 0x00, 0x00, // ............
        0x00, 0x00, 0x00, 0x00, 0x00, 0x00, 0x00, 0x00, 0x00, 0x00, 0x00, 0x00, // ............
        0x00, 0x00, 0x00, 0x00, 0x00, 0x00, 0x00, 0x00, 0x00, 0x00, 0x00, 0x00, // ............
        0x00, 0x00, 0x00, 0x00, 0x00, 0x00, 0x00, 0x00, 0x00, 0x00, 0x00, 0x00, // ............
        0x00, 0x00, 0x00, 0x00, 0x00, 0xAF, 0xAD, 0x00, 0x00, 0x00, 0x00, 0x00, // .....**.....
        0x00, 0x00, 0x00, 0x00, 0x00, 0xD3, 0xD1, 0x00, 0x00, 0x00, 0x00, 0x00, // .....##.....
        0x00, 0x00, 0x00, 0x00, 0x00, 0xDF, 0xDD, 0x00, 0x00, 0x00, 0x00, 0x00, // .....##.....
        0x00, 0xA7, 0xA2, 0x4E, 0x08, 0xEA, 0xE8, 0x08, 0x4F, 0xA2, 0xA6, 0x00, // .**-.%%.-**.
        0x01, 0xB0, 0xFD, 0xFF, 0xF2, 0xFC, 0xFC, 0xF3, 0xFF, 0xFD, 0xAF, 0x01, // .*%@%%%%@%*.
        0x00, 0x00, 0x26, 0x92, 0xF2, 0xFF, 0xFF, 0xF2, 0x91, 0x25, 0x00, 0x00, // ..:+%@@%+:..
        0x00, 0x00, 0x00, 0x09, 0xDB, 0xFF, 0xFF, 0xD9, 0x09, 0x00, 0x00, 0x00, // ....#@@#....
        0x00, 0x00, 0x00, 0x8C, 0xFF, 0xAA, 0xAC, 0xFF, 0x8A, 0x00, 0x00, 0x00, // ...+@**@+...
        0x00, 0x00, 0x36, 0xFC, 0xDA, 0x0E, 0x0F, 0xDB, 0xFC, 0x35, 0x00, 0x00, // ..:%#..#%:..
        0x00, 0x00, 0xA6, 0xF6, 0x30, 0x00, 0x00, 0x31, 0xF7, 0xA4, 0x00, 0x00, // ..*%:..:%*..
        0x00, 0x00, 0x07, 0x3A, 0x00, 0x00, 0x00, 0x00, 0x3A, 0x06, 0x00, 0x00, // ...:....:...
        0x00, 0x00, 0x00, 0x00, 0x00, 0x00, 0x00, 0x00, 0x00, 0x00, 0x00, 0x00, // ............
        0x00, 0x00, 0x00, 0x00, 0x00, 0x00, 0x00, 0x00, 0x00, 0x00, 0x00, 0x00, // ............
        0x00, 0x00, 0x00, 0x00, 0x00, 0x00, 0x00, 0x00, 0x00, 0x00, 0x00, 0x00, // ............
        0x00, 0x00, 0x00, 0x00, 0x00, 0x00, 0x00, 0x00, 0x00, 0x00, 0x00, 0x00, // ............
        0x00, 0x00, 0x00, 0x00, 0x00, 0x00, 0x00, 0x00, 0x00, 0x00, 0x00, 0x00, // ............
        0x00, 0x00, 0x00, 0x00, 0x00, 0x00, 0x00, 0x00, 0x00, 0x00, 0x00, 0x00, // ............
        0x00, 0x00, 0x00, 0x00, 0x00, 0x00, 0x00, 0x00, 0x00, 0x00, 0x00, 0x00, // ............
        0x00, 0x00, 0x00, 0x00, 0x00, 0x00, 0x00, 0x00, 0x00, 0x00, 0x00, 0x00, // ............
    ],
    // 0x2B '+'
    [
        0x00, 0x00, 0x00, 0x00, 0x00, 0x00, 0x00, 0x00, 0x00, 0x00, 0x00, 0x00, // ............
        0x00, 0x00, 0x00, 0x00, 0x00, 0x00, 0x00, 0x00, 0x00, 0x00, 0x00, 0x00, // ............
        0x00, 0x00, 0x00, 0x00, 0x00, 0x00, 0x00, 0x00, 0x00, 0x00, 0x00, 0x00, // ............
        0x00, 0x00, 0x00, 0x00, 0x00, 0x00, 0x00, 0x00, 0x00, 0x00, 0x00, 0x00, // ............
        0x00, 0x00, 0x00, 0x00, 0x00, 0x00, 0x00, 0x00, 0x00, 0x00, 0x00, 0x00, // ............
        0x00, 0x00, 0x00, 0x00, 0x00, 0x00, 0x00, 0x00, 0x00, 0x00, 0x00, 0x00, // ............
        0x00, 0x00, 0x00, 0x00, 0x00, 0x00, 0x00, 0x00, 0x00, 0x00, 0x00, 0x00, // ............
        0x00, 0x00, 0x00, 0x00, 0x16, 0x9F, 0x9F, 0x1C, 0x00, 0x00, 0x00, 0x00, // .....++.....
        0x00, 0x00, 0x00, 0x00, 0x23, 0xFF, 0xFF, 0x2D, 0x00, 0x00, 0x00, 0x00, // ....:@@:....
        0x00, 0x00, 0x00, 0x00, 0x23, 0xFF, 0xFF, 0x2D, 0x00, 0x00, 0x00, 0x00, // ....:@@:....
        0x00, 0x00, 0x00, 0x00, 0x23, 0xFF, 0xFF, 0x2D, 0x00, 0x00, 0x00, 0x00, // ....:@@:....
        0x28, 0x70, 0x70, 0x70, 0x83, 0xFF, 0xFF, 0x89, 0x70, 0x70, 0x70, 0x2A, // :===+@@+===:
        0x5B, 0xFF, 0xFF, 0xFF, 0xFF, 0xFF, 0xFF, 0xFF, 0xFF, 0xFF, 0xFF, 0x60, // -@@@@@@@@@@=
        0x4F, 0xDF, 0xDF, 0xDF, 0xE3, 0xFF, 0xFF, 0xE5, 0xDF, 0xDF, 0xDF, 0x54, // -###%@@%###-
        0x00, 0x00, 0x00, 0x00, 0x23, 0xFF, 0xFF, 0x2D, 0x00, 0x00, 0x00, 0x00, // ....:@@:....
        0x00, 0x00, 0x00, 0x00, 0x23, 0xFF, 0xFF, 0x2D, 0x00, 0x00, 0x00, 0x00, // ....:@@:....
        0x00, 0x00, 0x00, 0x00, 0x23, 0xFF, 0xFF, 0x2D, 0x00, 0x00, 0x00, 0x00, // ....:@@:....
        0x00, 0x00, 0x00, 0x00, 0x23, 0xFF, 0xFF, 0x2D, 0x00, 0x00, 0x00, 0x00, // ....:@@:....
        0x00, 0x00, 0x00, 0x00, 0x04, 0x20, 0x20, 0x06, 0x00, 0x00, 0x00, 0x00, // .....::.....
        0x00, 0x00, 0x00, 0x00, 0x00, 0x00, 0x00, 0x00, 0x00, 0x00, 0x00, 0x00, // ............
        0x00, 0x00, 0x00, 0x00, 0x00, 0x00, 0x00, 0x00, 0x00, 0x00, 0x00, 0x00, // ............
        0x00, 0x00, 0x00, 0x00, 0x00, 0x00, 0x00, 0x00, 0x00, 0x00, 0x00, 0x00, // ............
        0x00, 0x00, 0x00, 0x00, 0x00, 0x00, 0x00, 0x00, 0x00, 0x00, 0x00, 0x00, // ............
        0x00, 0x00, 0x00, 0x00, 0x00, 0x00, 0x00, 0x00, 0x00, 0x00, 0x00, 0x00, // ............
    ],
    // 0x2C ','
    [
        0x00, 0x00, 0x00, 0x00, 0x00, 0x00, 0x00, 0x00, 0x00, 0x00, 0x00, 0x00, // ............
        0x00, 0x00, 0x00, 0x00, 0x00, 0x00, 0x00, 0x00, 0x00, 0x00, 0x00, 0x00, // ............
        0x00, 0x00, 0x00, 0x00, 0x00, 0x00, 0x00, 0x00, 0x00, 0x00, 0x00, 0x00, // ............
        0x00, 0x00, 0x00, 0x00, 0x00, 0x00, 0x00, 0x00, 0x00, 0x00, 0x00, 0x00, // ............
        0x00, 0x00, 0x00, 0x00, 0x00, 0x00, 0x00, 0x00, 0x00, 0x00, 0x00, 0x00, // ............
        0x00, 0x00, 0x00, 0x00, 0x00, 0x00, 0x00, 0x00, 0x00, 0x00, 0x00, 0x00, // ............
        0x00, 0x00, 0x00, 0x00, 0x00, 0x00, 0x00, 0x00, 0x00, 0x00, 0x00, 0x00, // ............
        0x00, 0x00, 0x00, 0x00, 0x00, 0x00, 0x00, 0x00, 0x00, 0x00, 0x00, 0x00, // ............
        0x00, 0x00, 0x00, 0x00, 0x00, 0x00, 0x00, 0x00, 0x00, 0x00, 0x00, 0x00, // ............
        0x00, 0x00, 0x00, 0x00, 0x00, 0x00, 0x00, 0x00, 0x00, 0x00, 0x00, 0x00, // ............
        0x00, 0x00, 0x00, 0x00, 0x00, 0x00, 0x00, 0x00, 0x00, 0x00, 0x00, 0x00, // ............
        0x00, 0x00, 0x00, 0x00, 0x00, 0x00, 0x00, 0x00, 0x00, 0x00, 0x00, 0x00, // ............
        0x00, 0x00, 0x00, 0x00, 0x00, 0x00, 0x00, 0x00, 0x00, 0x00, 0x00, 0x00, // ............
        0x00, 0x00, 0x00, 0x00, 0x00, 0x00, 0x00, 0x00, 0x00, 0x00, 0x00, 0x00, // ............
        0x00, 0x00, 0x00, 0x00, 0x00, 0x00, 0x00, 0x00, 0x00, 0x00, 0x00, 0x00, // ............
        0x00, 0x00, 0x00, 0x00, 0x0A, 0x75, 0x7B, 0x0E, 0x00, 0x00, 0x00, 0x00, // .....==.....
        0x00, 0x00, 0x00, 0x00, 0x8E, 0xFF, 0xFF, 0x9E, 0x00, 0x00, 0x00, 0x00, // ....+@@+....
        0x00, 0x00, 0x00, 0x00, 0x9B, 0xFF, 0xFF, 0xE5, 0x00, 0x00, 0x00, 0x00, // ....+@@%....
        0x00, 0x00, 0x00, 0x00, 0x1A, 0x9C, 0xF0, 0xEA, 0x00, 0x00, 0x00, 0x00, // .....+%%....
        0x00, 0x00, 0x00, 0x00, 0x00, 0x09, 0xF1, 0xC0, 0x00, 0x00, 0x00, 0x00, // ......%#....
        0x00, 0x00, 0x00, 0x00, 0x01, 0x95, 0xFF, 0x5A, 0x00, 0x00, 0x00, 0x00, // .....+@-....
        0x00, 0x00, 0x00, 0x16, 0xB9, 0xFF, 0x9F, 0x01, 0x00, 0x00, 0x00, 0x00, // ....*@+.....
        0x00, 0x00, 0x00, 0x06, 0xC5, 0x63, 0x01, 0x00, 0x00, 0x00, 0x00, 0x00, // ....#=......
        0x00, 0x00, 0x00, 0x00, 0x00, 0x00, 0x00, 0x00, 0x00, 0x00, 0x00, 0x00, // ............
    ],
    // 0x2D '-'
    [
        0x00, 0x00, 0x00, 0x00, 0x00, 0x00, 0x00, 0x00, 0x00, 0x00, 0x00, 0x00, // ............
        0x00, 0x00, 0x00, 0x00, 0x00, 0x00, 0x00, 0x00, 0x00, 0x00, 0x00, 0x00, // ............
        0x00, 0x00, 0x00, 0x00, 0x00, 0x00, 0x00, 0x00, 0x00, 0x00, 0x00, 0x00, // ............
        0x00, 0x00, 0x00, 0x00, 0x00, 0x00, 0x00, 0x00, 0x00, 0x00, 0x00, 0x00, // ............
        0x00, 0x00, 0x00, 0x00, 0x00, 0x00, 0x00, 0x00, 0x00, 0x00, 0x00, 0x00, // ............
        0x00, 0x00, 0x00, 0x00, 0x00, 0x00, 0x00, 0x00, 0x00, 0x00, 0x00, 0x00, // ............
        0x00, 0x00, 0x00, 0x00, 0x00, 0x00, 0x00, 0x00, 0x00, 0x00, 0x00, 0x00, // ............
        0x00, 0x00, 0x00, 0x00, 0x00, 0x00, 0x00, 0x00, 0x00, 0x00, 0x00, 0x00, // ............
        0x00, 0x00, 0x00, 0x00, 0x00, 0x00, 0x00, 0x00, 0x00, 0x00, 0x00, 0x00, // ............
        0x00, 0x00, 0x00, 0x00, 0x00, 0x00, 0x00, 0x00, 0x00, 0x00, 0x00, 0x00, // ............
        0x00, 0x00, 0x00, 0x00, 0x00, 0x00, 0x00, 0x00, 0x00, 0x00, 0x00, 0x00, // ............
        0x00, 0x00, 0x43, 0x50, 0x50, 0x50, 0x50, 0x50, 0x50, 0x46, 0x00, 0x00, // ..--------..
        0x00, 0x00, 0xD7, 0xFF, 0xFF, 0xFF, 0xFF, 0xFF, 0xFF, 0xE1, 0x00, 0x00, // ..#@@@@@@%..
        0x00, 0x00, 0xD7, 0xFF, 0xFF, 0xFF, 0xFF, 0xFF, 0xFF, 0xE1, 0x00, 0x00, // ..#@@@@@@%..
        0x00, 0x00, 0x79, 0x8F, 0x8F, 0x8F, 0x8F, 0x8F, 0x8F, 0x7F, 0x00, 0x00, // ..=++++++=..
        0x00, 0x00, 0x00, 0x00, 0x00, 0x00, 0x00, 0x00, 0x00, 0x00, 0x00, 0x00, // ............
        0x00, 0x00, 0x00, 0x00, 0x00, 0x00, 0x00, 0x00, 0x00, 0x00, 0x00, 0x00, // ............
        0x00, 0x00, 0x00, 0x00, 0x00, 0x00, 0x00, 0x00, 0x00, 0x00, 0x00, 0x00, // ............
        0x00, 0x00, 0x00, 0x00, 0x00, 0x00, 0x00, 0x00, 0x00, 0x00, 0x00, 0x00, // ............
        0x00, 0x00, 0x00, 0x00, 0x00, 0x00, 0x00, 0x00, 0x00, 0x00, 0x00, 0x00, // ............
        0x00, 0x00, 0x00, 0x00, 0x00, 0x00, 0x00, 0x00, 0x00, 0x00, 0x00, 0x00, // ............
        0x00, 0x00, 0x00, 0x00, 0x00, 0x00, 0x00, 0x00, 0x00, 0x00, 0x00, 0x00, // ............
        0x00, 0x00, 0x00, 0x00, 0x00, 0x00, 0x00, 0x00, 0x00, 0x00, 0x00, 0x00, // ............
        0x00, 0x00, 0x00, 0x00, 0x00, 0x00, 0x00, 0x00, 0x00, 0x00, 0x00, 0x00, // ............
    ],
    // 0x2E '.'
    [
        0x00, 0x00, 0x00, 0x00, 0x00, 0x00, 0x00, 0x00, 0x00, 0x00, 0x00, 0x00, // ............
        0x00, 0x00, 0x00, 0x00, 0x00, 0x00, 0x00, 0x00, 0x00, 0x00, 0x00, 0x00, // ............
        0x00, 0x00, 0x00, 0x00, 0x00, 0x00, 0x00, 0x00, 0x00, 0x00, 0x00, 0x00, // ............
        0x00, 0x00, 0x00, 0x00, 0x00, 0x00, 0x00, 0x00, 0x00, 0x00, 0x00, 0x00, // ............
        0x00, 0x00, 0x00, 0x00, 0x00, 0x00, 0x00, 0x00, 0x00, 0x00, 0x00, 0x00, // ............
        0x00, 0x00, 0x00, 0x00, 0x00, 0x00, 0x00, 0x00, 0x00, 0x00, 0x00, 0x00, // ............
        0x00, 0x00, 0x00, 0x00, 0x00, 0x00, 0x00, 0x00, 0x00, 0x00, 0x00, 0x00, // ............
        0x00, 0x00, 0x00, 0x00, 0x00, 0x00, 0x00, 0x00, 0x00, 0x00, 0x00, 0x00, // ............
        0x00, 0x00, 0x00, 0x00, 0x00, 0x00, 0x00, 0x00, 0x00, 0x00, 0x00, 0x00, // ............
        0x00, 0x00, 0x00, 0x00, 0x00, 0x00, 0x00, 0x00, 0x00, 0x00, 0x00, 0x00, // ............
        0x00, 0x00, 0x00, 0x00, 0x00, 0x00, 0x00, 0x00, 0x00, 0x00, 0x00, 0x00, // ............
        0x00, 0x00, 0x00, 0x00, 0x00, 0x00, 0x00, 0x00, 0x00, 0x00, 0x00, 0x00, // ............
        0x00, 0x00, 0x00, 0x00, 0x00, 0x00, 0x00, 0x00, 0x00, 0x00, 0x00, 0x00, // ............
        0x00, 0x00, 0x00, 0x00, 0x00, 0x00, 0x00, 0x00, 0x00, 0x00, 0x00, 0x00, // ............
        0x00, 0x00, 0x00, 0x00, 0x00, 0x00, 0x00, 0x00, 0x00, 0x00, 0x00, 0x00, // ............
        0x00, 0x00, 0x00, 0x00, 0x00, 0x1A, 0x19, 0x00, 0x00, 0x00, 0x00, 0x00, // ............
        0x00, 0x00, 0x00, 0x00, 0x5A, 0xFC, 0xFC, 0x56, 0x00, 0x00, 0x00, 0x00, // ....-%%-....
        0x00, 0x00, 0x00, 0x00, 0xB7, 0xFF, 0xFF, 0xB1, 0x00, 0x00, 0x00, 0x00, // ....*@@*....
        0x00, 0x00, 0x00, 0x00, 0x7E, 0xFF, 0xFF, 0x79, 0x00, 0x00, 0x00, 0x00, // ....=@@=....
        0x00, 0x00, 0x00, 0x00, 0x02, 0x51, 0x4E, 0x01, 0x00, 0x00, 0x00, 0x00, // .....--.....
        0x00, 0x00, 0x00, 0x00, 0x00, 0x00, 0x00, 0x00, 0x00, 0x00, 0x00, 0x00, // ............
        0x00, 0x00, 0x00, 0x00, 0x00, 0x00, 0x00, 0x00, 0x00, 0x00, 0x00, 0x00, // ............
        0x00, 0x00, 0x00, 0x00, 0x00, 0x00, 0x00, 0x00, 0x00, 0x00, 0x00, 0x00, // ............
        0x00, 0x00, 0x00, 0x00, 0x00, 0x00, 0x00, 0x00, 0x00, 0x00, 0x00, 0x00, // ............
    ],
    // 0x2F '/'
    [
        0x00, 0x00, 0x00, 0x00, 0x00, 0x00, 0x00, 0x00, 0x00, 0x00, 0x00, 0x00, // ............
        0x00, 0x00, 0x00, 0x00, 0x00, 0x00, 0x00, 0x00, 0x00, 0x00, 0x00, 0x00, // ............
        0x00, 0x00, 0x00, 0x00, 0x00, 0x00, 0x00, 0x00, 0x00, 0x00, 0x00, 0x00, // ............
        0x00, 0x00, 0x00, 0x00, 0x00, 0x00, 0x00, 0x00, 0x00, 0x00, 0x00, 0x00, // ............
        0x00, 0x00, 0x00, 0x00, 0x00, 0x00, 0x00, 0x00, 0x34, 0x8F, 0x72, 0x00, // ........:+=.
        0x00, 0x00, 0x00, 0x00, 0x00, 0x00, 0x00, 0x00, 0xB9, 0xFF, 0x6E, 0x00, // ........*@=.
        0x00, 0x00, 0x00, 0x00, 0x00, 0x00, 0x00, 0x31, 0xFF, 0xEB, 0x0B, 0x00, // .......:@%..
        0x00, 0x00, 0x00, 0x00, 0x00, 0x00, 0x00, 0xA8, 0xFF, 0x7F, 0x00, 0x00, // .......*@=..
        0x00, 0x00, 0x00, 0x00, 0x00, 0x00, 0x23, 0xFC, 0xF4, 0x13, 0x00, 0x00, // ......:%%...
        0x00, 0x00, 0x00, 0x00, 0x00, 0x00, 0x97, 0xFF, 0x90, 0x00, 0x00, 0x00, // ......+@+...
        0x00, 0x00, 0x00, 0x00, 0x00, 0x18, 0xF7, 0xFA, 0x1E, 0x00, 0x00, 0x00, // ......%%....
        0x00, 0x00, 0x00, 0x00, 0x00, 0x86, 0xFF, 0xA1, 0x00, 0x00, 0x00, 0x00, // .....+@*....
        0x00, 0x00, 0x00, 0x00, 0x0E, 0xEF, 0xFE, 0x2B, 0x00, 0x00, 0x00, 0x00, // .....%%:....
        0x00, 0x00, 0x00, 0x00, 0x76, 0xFF, 0xB2, 0x00, 0x00, 0x00, 0x00, 0x00, // ....=@*.....
        0x00, 0x00, 0x00, 0x07, 0xE6, 0xFF, 0x3B, 0x00, 0x00, 0x00, 0x00, 0x00, // ....%@:.....
        0x00, 0x00, 0x00, 0x65, 0xFF, 0xC3, 0x00, 0x00, 0x00, 0x00, 0x00, 0x00, // ...=@#......
        0x00, 0x00, 0x02, 0xD9, 0xFF, 0x4B, 0x00, 0x00, 0x00, 0x00, 0x00, 0x00, // ...#@-......
        0x00, 0x00, 0x54, 0xFF, 0xD2, 0x01, 0x00, 0x00, 0x00, 0x00, 0x00, 0x00, // ..-@#.......
        0x00, 0x00, 0xCB, 0xFF, 0x5C, 0x00, 0x00, 0x00, 0x00, 0x00, 0x00, 0x00, // ..#@-.......
        0x00, 0x43, 0xFF, 0xE0, 0x04, 0x00, 0x00, 0x00, 0x00, 0x00, 0x00, 0x00, // .-@%........
        0x00, 0x9C, 0xDF, 0x66, 0x00, 0x00, 0x00, 0x00, 0x00, 0x00, 0x00, 0x00, // .+#=........
        0x00, 0x00, 0x00, 0x00, 0x00, 0x00, 0x00, 0x00, 0x00, 0x00, 0x00, 0x00, // ............
        0x00, 0x00, 0x00, 0x00, 0x00, 0x00, 0x00, 0x00, 0x00, 0x00, 0x00, 0x00, // ............
        0x00, 0x00, 0x00, 0x00, 0x00, 0x00, 0x00, 0x00, 0x00, 0x00, 0x00, 0x00, // ............
    ],
    // 0x30 '0'
    [
        0x00, 0x00, 0x00, 0x00, 0x00, 0x00, 0x00, 0x00, 0x00, 0x00, 0x00, 0x00, // ............
        0x00, 0x00, 0x00, 0x00, 0x00, 0x00, 0x00, 0x00, 0x00, 0x00, 0x00, 0x00, // ............
        0x00, 0x00, 0x00, 0x00, 0x00, 0x00, 0x00, 0x00, 0x00, 0x00, 0x00, 0x00, // ............
        0x00, 0x00, 0x00, 0x00, 0x00, 0x00, 0x00, 0x00, 0x00, 0x00, 0x00, 0x00, // ............
        0x00, 0x00, 0x00, 0x26, 0x9A, 0xCC, 0xCC, 0x9D, 0x2A, 0x00, 0x00, 0x00, // ...:+##+:...
        0x00, 0x00, 0x36, 0xF3, 0xFF, 0xFF, 0xFF, 0xFF, 0xF5, 0x3D, 0x00, 0x00, // ..:%@@@@%:..
        0x00, 0x02, 0xD5, 0xFF, 0xFF, 0xBD, 0xBA, 0xFF, 0xFF, 0xDD, 0x04, 0x00, // ..#@@**@@#..
        0x00, 0x40, 0xFF, 0xFF, 0xB9, 0x00, 0x00, 0xAF, 0xFF, 0xFF, 0x4B, 0x00, // .-@@*..*@@-.
        0x00, 0x82, 0xFF, 0xFF, 0x5F, 0x01, 0x02, 0x55, 0xFF, 0xFF, 0x8C, 0x00, // .+@@-..-@@+.
        0x00, 0xAB, 0xFF, 0xFF, 0x36, 0x4A, 0x50, 0x2B, 0xFF, 0xFF, 0xB6, 0x00, // .*@@:--:@@*.
        0x00, 0xC2, 0xFF, 0xFF, 0x22, 0x6F, 0x76, 0x17, 0xFF, 0xFF, 0xCC, 0x00, // .#@@:==.@@#.
        0x00, 0xCA, 0xFF, 0xFF, 0x1B, 0x7C, 0x85, 0x10, 0xFF, 0xFF, 0xD4, 0x00, // .#@@.=+.@@#.
        0x00, 0xC7, 0xFF, 0xFF, 0x1D, 0x73, 0x82, 0x13, 0xFF, 0xFF, 0xCE, 0x00, // .#@@.=+.@@#.
        0x00, 0xB7, 0xFF, 0xFF, 0x2B, 0x59, 0x6B, 0x21, 0xFF, 0xFF, 0xC0, 0x00, // .*@@:-=:@@#.
        0x00, 0x97, 0xFF, 0xFF, 0x4A, 0x18, 0x20, 0x3F, 0xFF, 0xFF, 0x9D, 0x00, // .+@@-.::@@+.
        0x00, 0x60, 0xFF, 0xFF, 0x88, 0x00, 0x00, 0x7D, 0xFF, 0xFF, 0x67, 0x00, // .=@@+..=@@=.
        0x00, 0x13, 0xF6, 0xFF, 0xF1, 0x4E, 0x4A, 0xED, 0xFF, 0xF8, 0x19, 0x00, // ..%@%--%@%..
        0x00, 0x00, 0x80, 0xFF, 0xFF, 0xFF, 0xFF, 0xFF, 0xFF, 0x86, 0x00, 0x00, // ..+@@@@@@+..
        0x00, 0x00, 0x02, 0x88, 0xF9, 0xFF, 0xFF, 0xF8, 0x8B, 0x03, 0x00, 0x00, // ...+%@@%+...
        0x00, 0x00, 0x00, 0x00, 0x11, 0x3C, 0x3B, 0x11, 0x00, 0x00, 0x00, 0x00, // .....::.....
        0x00, 0x00, 0x00, 0x00, 0x00, 0x00, 0x00, 0x00, 0x00, 0x00, 0x00, 0x00, // ............
        0x00, 0x00, 0x00, 0x00, 0x00, 0x00, 0x00, 0x00, 0x00, 0x00, 0x00, 0x00, // ............
        0x00, 0x00, 0x00, 0x00, 0x00, 0x00, 0x00, 0x00, 0x00, 0x00, 0x00, 0x00, // ............
        0x00, 0x00, 0x00, 0x00, 0x00, 0x00, 0x00, 0x00, 0x00, 0x00, 0x00, 0x00, // ............
    ],
    // 0x31 '1'
    [
        0x00, 0x00, 0x00, 0x00, 0x00, 0x00, 0x00, 0x00, 0x00, 0x00, 0x00, 0x00, // ............
        0x00, 0x00, 0x00, 0x00, 0x00, 0x00, 0x00, 0x00, 0x00, 0x00, 0x00, 0x00, // ............
        0x00, 0x00, 0x00, 0x00, 0x00, 0x00, 0x00, 0x00, 0x00, 0x00, 0x00, 0x00, // ............
        0x00, 0x00, 0x00, 0x00, 0x00, 0x00, 0x00, 0x00, 0x00, 0x00, 0x00, 0x00, // ............
        0x00, 0x00, 0x00, 0x00, 0x1C, 0x8F, 0x8F, 0x7C, 0x00, 0x00, 0x00, 0x00, // .....++=....
        0x00, 0x00, 0x00, 0x12, 0xD5, 0xFF, 0xFF, 0xDC, 0x00, 0x00, 0x00, 0x00, // ....#@@#....
        0x00, 0x00, 0x0B, 0xC7, 0xFF, 0xFF, 0xFF, 0xDC, 0x00, 0x00, 0x00, 0x00, // ...#@@@#....
        0x00, 0x05, 0xB6, 0xFF, 0xDC, 0xF6, 0xFF, 0xDC, 0x00, 0x00, 0x00, 0x00, // ..*@#%@#....
        0x00, 0x3E, 0xFC, 0xE6, 0x22, 0xF0, 0xFF, 0xDC, 0x00, 0x00, 0x00, 0x00, // .:%%:%@#....
        0x00, 0x00, 0x5E, 0x2D, 0x00, 0xF0, 0xFF, 0xDC, 0x00, 0x00, 0x00, 0x00, // ..-:.%@#....
        0x00, 0x00, 0x00, 0x00, 0x00, 0xF0, 0xFF, 0xDC, 0x00, 0x00, 0x00, 0x00, // .....%@#....
        0x00, 0x00, 0x00, 0x00, 0x00, 0xF0, 0xFF, 0xDC, 0x00, 0x00, 0x00, 0x00, // .....%@#....
        0x00, 0x00, 0x00, 0x00, 0x00, 0xF0, 0xFF, 0xDC, 0x00, 0x00, 0x00, 0x00, // .....%@#....
        0x00, 0x00, 0x00, 0x00, 0x00, 0xF0, 0xFF, 0xDC, 0x00, 0x00, 0x00, 0x00, // .....%@#....
        0x00, 0x00, 0x00, 0x00, 0x00, 0xF0, 0xFF, 0xDC, 0x00, 0x00, 0x00, 0x00, // .....%@#....
        0x00, 0x00, 0x00, 0x00, 0x00, 0xF0, 0xFF, 0xDC, 0x00, 0x00, 0x00, 0x00, // .....%@#....
        0x00, 0x18, 0x8F, 0x8F, 0x8F, 0xF8, 0xFF, 0xF0, 0x8F, 0x8F, 0x8F, 0x0C, // ..+++%@%+++.
        0x00, 0x2A, 0xFF, 0xFF, 0xFF, 0xFF, 0xFF, 0xFF, 0xFF, 0xFF, 0xFF, 0x15, // .:@@@@@@@@@.
        0x00, 0x2A, 0xFF, 0xFF, 0xFF, 0xFF, 0xFF, 0xFF, 0xFF, 0xFF, 0xFF, 0x15, // .:@@@@@@@@@.
        0x00, 0x00, 0x00, 0x00, 0x00, 0x00, 0x00, 0x00, 0x00, 0x00, 0x00, 0x00, // ............
        0x00, 0x00, 0x00, 0x00, 0x00, 0x00, 0x00, 0x00, 0x00, 0x00, 0x00, 0x00, // ............
        0x00, 0x00, 0x00, 0x00, 0x00, 0x00, 0x00, 0x00, 0x00, 0x00, 0x00, 0x00, // ............
        0x00, 0x00, 0x00, 0x00, 0x00, 0x00, 0x00, 0x00, 0x00, 0x00, 0x00, 0x00, // ............
        0x00, 0x00, 0x00, 0x00, 0x00, 0x00, 0x00, 0x00, 0x00, 0x00, 0x00, 0x00, // ............
    ],
    // 0x32 '2'
    [
        0x00, 0x00, 0x00, 0x00, 0x00, 0x00, 0x00, 0x00, 0x00, 0x00, 0x00, 0x00, // ............
        0x00, 0x00, 0x00, 0x00, 0x00, 0x00, 0x00, 0x00, 0x00, 0x00, 0x00, 0x00, // ............
        0x00, 0x00, 0x00, 0x00, 0x00, 0x00, 0x00, 0x00, 0x00, 0x00, 0x00, 0x00, // ............
        0x00, 0x00, 0x00, 0x00, 0x00, 0x00, 0x00, 0x00, 0x00, 0x00, 0x00, 0x00, // ............
        0x00, 0x17, 0x68, 0xA5, 0xCA, 0xCF, 0xC4, 0x8D, 0x26, 0x00, 0x00, 0x00, // ..=*###+:...
        0x00, 0x90, 0xFF, 0xFF, 0xFF, 0xFF, 0xFF, 0xFF, 0xF8, 0x54, 0x00, 0x00, // .+@@@@@@%-..
        0x00, 0x90, 0xFB, 0xB6, 0x7B, 0x73, 0xBE, 0xFF, 0xFF, 0xF1, 0x10, 0x00, // .+%*==*@@%..
        0x00, 0x43, 0x1C, 0x00, 0x00, 0x00, 0x02, 0xC7, 0xFF, 0xFF, 0x4D, 0x00, // .-.....#@@-.
        0x00, 0x00, 0x00, 0x00, 0x00, 0x00, 0x00, 0x93, 0xFF, 0xFF, 0x57, 0x00, // .......+@@-.
        0x00, 0x00, 0x00, 0x00, 0x00, 0x00, 0x00, 0xC8, 0xFF, 0xFF, 0x28, 0x00, // .......#@@:.
        0x00, 0x00, 0x00, 0x00, 0x00, 0x00, 0x5A, 0xFF, 0xFF, 0xB6, 0x00, 0x00, // ......-@@*..
        0x00, 0x00, 0x00, 0x00, 0x00, 0x39, 0xF5, 0xFF, 0xEA, 0x1F, 0x00, 0x00, // .....:%@%...
        0x00, 0x00, 0x00, 0x00, 0x2B, 0xED, 0xFF, 0xF1, 0x35, 0x00, 0x00, 0x00, // ....:%@%:...
        0x00, 0x00, 0x00, 0x22, 0xE5, 0xFF, 0xF3, 0x3B, 0x00, 0x00, 0x00, 0x00, // ...:%@%:....
        0x00, 0x00, 0x19, 0xDD, 0xFF, 0xF3, 0x3D, 0x00, 0x00, 0x00, 0x00, 0x00, // ...#@%:.....
        0x00, 0x12, 0xD3, 0xFF, 0xE6, 0x36, 0x00, 0x00, 0x00, 0x00, 0x00, 0x00, // ..#@%:......
        0x00, 0xB8, 0xFF, 0xFF, 0xA7, 0x8F, 0x8F, 0x8F, 0x8F, 0x8F, 0x37, 0x00, // .*@@*+++++:.
        0x00, 0xE0, 0xFF, 0xFF, 0xFF, 0xFF, 0xFF, 0xFF, 0xFF, 0xFF, 0x61, 0x00, // .%@@@@@@@@=.
        0x00, 0xE0, 0xFF, 0xFF, 0xFF, 0xFF, 0xFF, 0xFF, 0xFF, 0xFF, 0x61, 0x00, // .%@@@@@@@@=.
        0x00, 0x00, 0x00, 0x00, 0x00, 0x00, 0x00, 0x00, 0x00, 0x00, 0x00, 0x00, // ............
        0x00, 0x00, 0x00, 0x00, 0x00, 0x00, 0x00, 0x00, 0x00, 0x00, 0x00, 0x00, // ............
        0x00, 0x00, 0x00, 0x00, 0x00, 0x00, 0x00, 0x00, 0x00, 0x00, 0x00, 0x00, // ............
        0x00, 0x00, 0x00, 0x00, 0x00, 0x00, 0x00, 0x00, 0x00, 0x00, 0x00, 0x00, // ............
        0x00, 0x00, 0x00, 0x00, 0x00, 0x00, 0x00, 0x00, 0x00, 0x00, 0x00, 0x00, // ............
    ],
    // 0x33 '3'
    [
        0x00, 0x00, 0x00, 0x00, 0x00, 0x00, 0x00, 0x00, 0x00, 0x00, 0x00, 0x00, // ............
        0x00, 0x00, 0x00, 0x00, 0x00, 0x00, 0x00, 0x00, 0x00, 0x00, 0x00, 0x00, // ............
        0x00, 0x00, 0x00, 0x00, 0x00, 0x00, 0x00, 0x00, 0x00, 0x00, 0x00, 0x00, // ............
        0x00, 0x00, 0x00, 0x00, 0x00, 0x00, 0x00, 0x00, 0x00, 0x00, 0x00, 0x00, // ............
        0x00, 0x18, 0x71, 0xA8, 0xCA, 0xCF, 0xC9, 0x99, 0x38, 0x00, 0x00, 0x00, // ..=*###+:...
        0x00, 0x57, 0xFF, 0xFF, 0xFF, 0xFF, 0xFF, 0xFF, 0xFE, 0x74, 0x00, 0x00, // .-@@@@@@%=..
        0x00, 0x57, 0xFE, 0xD4, 0xA7, 0x9F, 0xC9, 0xFF, 0xFF, 0xFC, 0x22, 0x00, // .-%#*+#@@%:.
        0x00, 0x1D, 0x1C, 0x00, 0x00, 0x00, 0x00, 0x9F, 0xFF, 0xFF, 0x5D, 0x00, // .......+@@-.
        0x00, 0x00, 0x00, 0x00, 0x00, 0x00, 0x00, 0x6B, 0xFF, 0xFF, 0x59, 0x00, // .......=@@-.
        0x00, 0x00, 0x00, 0x03, 0x10, 0x12, 0x3F, 0xDA, 0xFF, 0xF1, 0x16, 0x00, // ......:#@%..
        0x00, 0x00, 0x00, 0x2E, 0xFF, 0xFF, 0xFF, 0xFF, 0xD7, 0x3C, 0x00, 0x00, // ...:@@@@#:..
        0x00, 0x00, 0x00, 0x2E, 0xFF, 0xFF, 0xFF, 0xF4, 0x96, 0x1B, 0x00, 0x00, // ...:@@@%+...
        0x00, 0x00, 0x00, 0x17, 0x80, 0x80, 0xA8, 0xFC, 0xFF, 0xE5, 0x18, 0x00, // ....++*%@%..
        0x00, 0x00, 0x00, 0x00, 0x00, 0x00, 0x00, 0x64, 0xFF, 0xFF, 0x85, 0x00, // .......=@@+.
        0x00, 0x00, 0x00, 0x00, 0x00, 0x00, 0x00, 0x0D, 0xFF, 0xFF, 0xB6, 0x00, // ........@@*.
        0x00, 0x03, 0x00, 0x00, 0x00, 0x00, 0x00, 0x2B, 0xFF, 0xFF, 0xB4, 0x00, // .......:@@*.
        0x00, 0xB7, 0x9B, 0x5C, 0x37, 0x30, 0x57, 0xD6, 0xFF, 0xFF, 0x80, 0x00, // .*+-::-#@@+.
        0x00, 0xC7, 0xFF, 0xFF, 0xFF, 0xFF, 0xFF, 0xFF, 0xFF, 0xE6, 0x16, 0x00, // .#@@@@@@@%..
        0x00, 0x89, 0xED, 0xFF, 0xFF, 0xFF, 0xFF, 0xFC, 0xB4, 0x23, 0x00, 0x00, // .+%@@@@%*:..
        0x00, 0x00, 0x01, 0x22, 0x3E, 0x44, 0x39, 0x10, 0x00, 0x00, 0x00, 0x00, // ...::-:.....
        0x00, 0x00, 0x00, 0x00, 0x00, 0x00, 0x00, 0x00, 0x00, 0x00, 0x00, 0x00, // ............
        0x00, 0x00, 0x00, 0x00, 0x00, 0x00, 0x00, 0x00, 0x00, 0x00, 0x00, 0x00, // ............
        0x00, 0x00, 0x00, 0x00, 0x00, 0x00, 0x00, 0x00, 0x00, 0x00, 0x00, 0x00, // ............
        0x00, 0x00, 0x00, 0x00, 0x00, 0x00, 0x00, 0x00, 0x00, 0x00, 0x00, 0x00, // ............
    ],
    // 0x34 '4'
    [
        0x00, 0x00, 0x00, 0x00, 0x00, 0x00, 0x00, 0x00, 0x00, 0x00, 0x00, 0x00, // ............
        0x00, 0x00, 0x00, 0x00, 0x00, 0x00, 0x00, 0x00, 0x00, 0x00, 0x00, 0x00, // ............
        0x00, 0x00, 0x00, 0x00, 0x00, 0x00, 0x00, 0x00, 0x00, 0x00, 0x00, 0x00, // ............
        0x00, 0x00, 0x00, 0x00, 0x00, 0x00, 0x00, 0x00, 0x00, 0x00, 0x00, 0x00, // ............
        0x00, 0x00, 0x00, 0x00, 0x00, 0x00, 0x60, 0x8F, 0x8F, 0x4E, 0x00, 0x00, // ......=++-..
        0x00, 0x00, 0x00, 0x00, 0x00, 0x2F, 0xFA, 0xFF, 0xFF, 0x8A, 0x00, 0x00, // .....:%@@+..
        0x00, 0x00, 0x00, 0x00, 0x03, 0xCB, 0xFF, 0xFF, 0xFF, 0x8A, 0x00, 0x00, // .....#@@@+..
        0x00, 0x00, 0x00, 0x00, 0x72, 0xFF, 0xF3, 0xFF, 0xFF, 0x8A, 0x00, 0x00, // ....=@%@@+..
        0x00, 0x00, 0x00, 0x21, 0xF4, 0xFD, 0x72, 0xFF, 0xFF, 0x8A, 0x00, 0x00, // ...:%%=@@+..
        0x00, 0x00, 0x00, 0xB9, 0xFF, 0x93, 0x39, 0xFF, 0xFF, 0x8A, 0x00, 0x00, // ...*@+:@@+..
        0x00, 0x00, 0x5D, 0xFF, 0xE2, 0x0D, 0x39, 0xFF, 0xFF, 0x8A, 0x00, 0x00, // ..-@%.:@@+..
        0x00, 0x15, 0xEB, 0xFF, 0x4D, 0x00, 0x39, 0xFF, 0xFF, 0x8A, 0x00, 0x00, // ..%@-.:@@+..
        0x00, 0xA4, 0xFF, 0xA9, 0x00, 0x00, 0x39, 0xFF, 0xFF, 0x8A, 0x00, 0x00, // .*@*..:@@+..
        0x01, 0xFF, 0xFF, 0xB5, 0x9F, 0x9F, 0xB5, 0xFF, 0xFF, 0xD3, 0x9F, 0x17, // .@@*++*@@#+.
        0x01, 0xFF, 0xFF, 0xFF, 0xFF, 0xFF, 0xFF, 0xFF, 0xFF, 0xFF, 0xFF, 0x24, // .@@@@@@@@@@:
        0x01, 0xDF, 0xDF, 0xDF, 0xDF, 0xDF, 0xE6, 0xFF, 0xFF, 0xF0, 0xDF, 0x20, // .#####%@@%#:
        0x00, 0x00, 0x00, 0x00, 0x00, 0x00, 0x39, 0xFF, 0xFF, 0x8A, 0x00, 0x00, // ......:@@+..
        0x00, 0x00, 0x00, 0x00, 0x00, 0x00, 0x39, 0xFF, 0xFF, 0x8A, 0x00, 0x00, // ......:@@+..
        0x00, 0x00, 0x00, 0x00, 0x00, 0x00, 0x39, 0xFF, 0xFF, 0x8A, 0x00, 0x00, // ......:@@+..
        0x00, 0x00, 0x00, 0x00, 0x00, 0x00, 0x00, 0x00, 0x00, 0x00, 0x00, 0x00, // ............
        0x00, 0x00, 0x00, 0x00, 0x00, 0x00, 0x00, 0x00, 0x00, 0x00, 0x00, 0x00, // ............
        0x00, 0x00, 0x00, 0x00, 0x00, 0x00, 0x00, 0x00, 0x00, 0x00, 0x00, 0x00, // ............
        0x00, 0x00, 0x00, 0x00, 0x00, 0x00, 0x00, 0x00, 0x00, 0x00, 0x00, 0x00, // ............
        0x00, 0x00, 0x00, 0x00, 0x00, 0x00, 0x00, 0x00, 0x00, 0x00, 0x00, 0x00, // ............
    ],
    // 0x35 '5'
    [
        0x00, 0x00, 0x00, 0x00, 0x00, 0x00, 0x00, 0x00, 0x00, 0x00, 0x00, 0x00, // ............
        0x00, 0x00, 0x00, 0x00, 0x00, 0x00, 0x00, 0x00, 0x00, 0x00, 0x00, 0x00, // ............
        0x00, 0x00, 0x00, 0x00, 0x00, 0x00, 0x00, 0x00, 0x00, 0x00, 0x00, 0x00, // ............
        0x00, 0x00, 0x00, 0x00, 0x00, 0x00, 0x00, 0x00, 0x00, 0x00, 0x00, 0x00, // ............
        0x00, 0x11, 0x8F, 0x8F, 0x8F, 0x8F, 0x8F, 0x8F, 0x8F, 0x73, 0x00, 0x00, // ..+++++++=..
        0x00, 0x1D, 0xFF, 0xFF, 0xFF, 0xFF, 0xFF, 0xFF, 0xFF, 0xCD, 0x00, 0x00, // ..@@@@@@@#..
        0x00, 0x1D, 0xFF, 0xFF, 0xF3, 0xEF, 0xEF, 0xEF, 0xEF, 0xC0, 0x00, 0x00, // ..@@%%%%%#..
        0x00, 0x1D, 0xFF, 0xFF, 0x38, 0x00, 0x00, 0x00, 0x00, 0x00, 0x00, 0x00, // ..@@:.......
        0x00, 0x1D, 0xFF, 0xFF, 0x38, 0x00, 0x00, 0x00, 0x00, 0x00, 0x00, 0x00, // ..@@:.......
        0x00, 0x1D, 0xFF, 0xFF, 0x92, 0x96, 0x8D, 0x57, 0x07, 0x00, 0x00, 0x00, // ..@@+++-....
        0x00, 0x1D, 0xFF, 0xFF, 0xFF, 0xFF, 0xFF, 0xFF, 0xDC, 0x2B, 0x00, 0x00, // ..@@@@@@#:..
        0x00, 0x1D, 0xFF, 0xF5, 0xD3, 0xD6, 0xFC, 0xFF, 0xFF, 0xDF, 0x0A, 0x00, // ..@%##%@@#..
        0x00, 0x10, 0x4D, 0x06, 0x00, 0x00, 0x1E, 0xCC, 0xFF, 0xFF, 0x63, 0x00, // ..-....#@@=.
        0x00, 0x00, 0x00, 0x00, 0x00, 0x00, 0x00, 0x40, 0xFF, 0xFF, 0x9F, 0x00, // .......-@@+.
        0x00, 0x00, 0x00, 0x00, 0x00, 0x00, 0x00, 0x23, 0xFF, 0xFF, 0xAC, 0x00, // .......:@@*.
        0x00, 0x00, 0x00, 0x00, 0x00, 0x00, 0x00, 0x63, 0xFF, 0xFF, 0x91, 0x00, // .......=@@+.
        0x00, 0x7B, 0x81, 0x41, 0x24, 0x30, 0x75, 0xF4, 0xFF, 0xFF, 0x43, 0x00, // .=+-::=%@@-.
        0x00, 0x9A, 0xFF, 0xFF, 0xFF, 0xFF, 0xFF, 0xFF, 0xFF, 0xA6, 0x00, 0x00, // .+@@@@@@@*..
        0x00, 0x73, 0xF1, 0xFF, 0xFF, 0xFF, 0xFF, 0xED, 0x7D, 0x04, 0x00, 0x00, // .=%@@@@%=...
        0x00, 0x00, 0x03, 0x25, 0x3F, 0x44, 0x2F, 0x04, 0x00, 0x00, 0x00, 0x00, // ...::-:.....
        0x00, 0x00, 0x00, 0x00, 0x00, 0x00, 0x00, 0x00, 0x00, 0x00, 0x00, 0x00, // ............
        0x00, 0x00, 0x00, 0x00, 0x00, 0x00, 0x00, 0x00, 0x00, 0x00, 0x00, 0x00, // ............
        0x00, 0x00, 0x00, 0x00, 0x00, 0x00, 0x00, 0x00, 0x00, 0x00, 0x00, 0x00, // ............
        0x00, 0x00, 0x00, 0x00, 0x00, 0x00, 0x00, 0x00, 0x00, 0x00, 0x00, 0x00, // ............
    ],
    // 0x36 '6'
    [
        0x00, 0x00, 0x00, 0x00, 0x00, 0x00, 0x00, 0x00, 0x00, 0x00, 0x00, 0x00, // ............
        0x00, 0x00, 0x00, 0x00, 0x00, 0x00, 0x00, 0x00, 0x00, 0x00, 0x00, 0x00, // ............
        0x00, 0x00, 0x00, 0x00, 0x00, 0x00, 0x00, 0x00, 0x00, 0x00, 0x00, 0x00, // ............
        0x00, 0x00, 0x00, 0x00, 0x00, 0x00, 0x00, 0x00, 0x00, 0x00, 0x00, 0x00, // ............
        0x00, 0x00, 0x00, 0x00, 0x4C, 0xA2, 0xCA, 0xCE, 0xB0, 0x6E, 0x04, 0x00, // ....-*##*=..
        0x00, 0x00, 0x06, 0xAC, 0xFF, 0xFF, 0xFF, 0xFF, 0xFF, 0xFF, 0x0F, 0x00, // ...*@@@@@@..
        0x00, 0x00, 0x8C, 0xFF, 0xFF, 0xE8, 0x96, 0x84, 0xB2, 0xF9, 0x0F, 0x00, // ..+@@%++*%..
        0x00, 0x15, 0xF8, 0xFF, 0xD9, 0x13, 0x00, 0x00, 0x00, 0x1C, 0x06, 0x00, // ..%@#.......
        0x00, 0x5D, 0xFF, 0xFF, 0x5A, 0x00, 0x00, 0x00, 0x00, 0x00, 0x00, 0x00, // .-@@-.......
        0x00, 0x8E, 0xFF, 0xFF, 0x26, 0x6B, 0x9A, 0x93, 0x55, 0x03, 0x00, 0x00, // .+@@:=++-...
        0x00, 0xAA, 0xFF, 0xFF, 0xD4, 0xFF, 0xFF, 0xFF, 0xFF, 0xB9, 0x05, 0x00, // .*@@#@@@@*..
        0x00, 0xB6, 0xFF, 0xFF, 0xFF, 0xDB, 0xB8, 0xF6, 0xFF, 0xFF, 0x6F, 0x00, // .*@@@#*%@@=.
        0x00, 0xB5, 0xFF, 0xFF, 0xC8, 0x05, 0x00, 0x3C, 0xFF, 0xFF, 0xC6, 0x00, // .*@@#..:@@#.
        0x00, 0xA8, 0xFF, 0xFF, 0x6E, 0x00, 0x00, 0x00, 0xDA, 0xFF, 0xEC, 0x00, // .*@@=...#@%.
        0x00, 0x8B, 0xFF, 0xFF, 0x5D, 0x00, 0x00, 0x00, 0xC9, 0xFF, 0xF1, 0x00, // .+@@-...#@%.
        0x00, 0x59, 0xFF, 0xFF, 0x80, 0x00, 0x00, 0x03, 0xEA, 0xFF, 0xD7, 0x00, // .-@@+...%@#.
        0x00, 0x10, 0xF5, 0xFF, 0xE9, 0x35, 0x0C, 0x83, 0xFF, 0xFF, 0x96, 0x00, // ..%@%:.+@@+.
        0x00, 0x00, 0x7C, 0xFF, 0xFF, 0xFF, 0xFF, 0xFF, 0xFF, 0xF4, 0x24, 0x00, // ..=@@@@@@%:.
        0x00, 0x00, 0x02, 0x84, 0xF7, 0xFF, 0xFF, 0xFF, 0xDA, 0x3C, 0x00, 0x00, // ...+%@@@#:..
        0x00, 0x00, 0x00, 0x00, 0x0E, 0x40, 0x4D, 0x2E, 0x01, 0x00, 0x00, 0x00, // .....--:....
        0x00, 0x00, 0x00, 0x00, 0x00, 0x00, 0x00, 0x00, 0x00, 0x00, 0x00, 0x00, // ............
        0x00, 0x00, 0x00, 0x00, 0x00, 0x00, 0x00, 0x00, 0x00, 0x00, 0x00, 0x00, // ............
        0x00, 0x00, 0x00, 0x00, 0x00, 0x00, 0x00, 0x00, 0x00, 0x00, 0x00, 0x00, // ............
        0x00, 0x00, 0x00, 0x00, 0x00, 0x00, 0x00, 0x00, 0x00, 0x00, 0x00, 0x00, // ............
    ],
    // 0x37 '7'
    [
        0x00, 0x00, 0x00, 0x00, 0x00, 0x00, 0x00, 0x00, 0x00, 0x00, 0x00, 0x00, // ............
        0x00, 0x00, 0x00, 0x00, 0x00, 0x00, 0x00, 0x00, 0x00, 0x00, 0x00, 0x00, // ............
        0x00, 0x00, 0x00, 0x00, 0x00, 0x00, 0x00, 0x00, 0x00, 0x00, 0x00, 0x00, // ............
        0x00, 0x00, 0x00, 0x00, 0x00, 0x00, 0x00, 0x00, 0x00, 0x00, 0x00, 0x00, // ............
        0x00, 0x62, 0x8F, 0x8F, 0x8F, 0x8F, 0x8F, 0x8F, 0x8F, 0x8F, 0x4D, 0x00, // .=++++++++-.
        0x00, 0xAE, 0xFF, 0xFF, 0xFF, 0xFF, 0xFF, 0xFF, 0xFF, 0xFF, 0x89, 0x00, // .*@@@@@@@@+.
        0x00, 0xA3, 0xEF, 0xEF, 0xEF, 0xEF, 0xEF, 0xF9, 0xFF, 0xFF, 0x7A, 0x00, // .*%%%%%%@@=.
        0x00, 0x00, 0x00, 0x00, 0x00, 0x00, 0x00, 0xCF, 0xFF, 0xFD, 0x22, 0x00, // .......#@%:.
        0x00, 0x00, 0x00, 0x00, 0x00, 0x00, 0x34, 0xFF, 0xFF, 0xBB, 0x00, 0x00, // ......:@@*..
        0x00, 0x00, 0x00, 0x00, 0x00, 0x00, 0x99, 0xFF, 0xFF, 0x57, 0x00, 0x00, // ......+@@-..
        0x00, 0x00, 0x00, 0x00, 0x00, 0x0C, 0xF2, 0xFF, 0xEB, 0x07, 0x00, 0x00, // ......%@%...
        0x00, 0x00, 0x00, 0x00, 0x00, 0x63, 0xFF, 0xFF, 0x8D, 0x00, 0x00, 0x00, // .....=@@+...
        0x00, 0x00, 0x00, 0x00, 0x00, 0xC7, 0xFF, 0xFF, 0x29, 0x00, 0x00, 0x00, // .....#@@:...
        0x00, 0x00, 0x00, 0x00, 0x2D, 0xFF, 0xFF, 0xC3, 0x00, 0x00, 0x00, 0x00, // ....:@@#....
        0x00, 0x00, 0x00, 0x00, 0x91, 0xFF, 0xFF, 0x5E, 0x00, 0x00, 0x00, 0x00, // ....+@@-....
        0x00, 0x00, 0x00, 0x08, 0xED, 0xFF, 0xEF, 0x0A, 0x00, 0x00, 0x00, 0x00, // ....%@%.....
        0x00, 0x00, 0x00, 0x5B, 0xFF, 0xFF, 0x94, 0x00, 0x00, 0x00, 0x00, 0x00, // ...-@@+.....
        0x00, 0x00, 0x00, 0xC0, 0xFF, 0xFF, 0x30, 0x00, 0x00, 0x00, 0x00, 0x00, // ...#@@:.....
        0x00, 0x00, 0x26, 0xFE, 0xFF, 0xCA, 0x00, 0x00, 0x00, 0x00, 0x00, 0x00, // ..:%@#......
        0x00, 0x00, 0x00, 0x00, 0x00, 0x00, 0x00, 0x00, 0x00, 0x00, 0x00, 0x00, // ............
        0x00, 0x00, 0x00, 0x00, 0x00, 0x00, 0x00, 0x00, 0x00, 0x00, 0x00, 0x00, // ............
        0x00, 0x00, 0x00, 0x00, 0x00, 0x00, 0x00, 0x00, 0x00, 0x00, 0x00, 0x00, // ............
        0x00, 0x00, 0x00, 0x00, 0x00, 0x00, 0x00, 0x00, 0x00, 0x00, 0x00, 0x00, // ............
        0x00, 0x00, 0x00, 0x00, 0x00, 0x00, 0x00, 0x00, 0x00, 0x00, 0x00, 0x00, // ............
    ],
    // 0x38 '8'
    [
        0x00, 0x00, 0x00, 0x00, 0x00, 0x00, 0x00, 0x00, 0x00, 0x00, 0x00, 0x00, // ............
        0x00, 0x00, 0x00, 0x00, 0x00, 0x00, 0x00, 0x00, 0x00, 0x00, 0x00, 0x00, // ............
        0x00, 0x00, 0x00, 0x00, 0x00, 0x00, 0x00, 0x00, 0x00, 0x00, 0x00, 0x00, // ............
        0x00, 0x00, 0x00, 0x00, 0x00, 0x00, 0x00, 0x00, 0x00, 0x00, 0x00, 0x00, // ............
        0x00, 0x00, 0x00, 0x43, 0xA7, 0xCE, 0xCE, 0xA9, 0x48, 0x00, 0x00, 0x00, // ...-*##*-...
        0x00, 0x00, 0x74, 0xFF, 0xFF, 0xFF, 0xFF, 0xFF, 0xFF, 0x7E, 0x00, 0x00, // ..=@@@@@@=..
        0x00, 0x1B, 0xFA, 0xFF, 0xF2, 0x8F, 0x8C, 0xEE, 0xFF, 0xFD, 0x23, 0x00, // ..%@%++%@%:.
        0x00, 0x56, 0xFF, 0xFF, 0x5D, 0x00, 0x00, 0x50, 0xFF, 0xFF, 0x60, 0x00, // .-@@-..-@@=.
        0x00, 0x58, 0xFF, 0xFF, 0x34, 0x00, 0x00, 0x29, 0xFF, 0xFF, 0x63, 0x00, // .-@@:..:@@=.
        0x00, 0x1D, 0xFA, 0xFF, 0x94, 0x01, 0x00, 0x89, 0xFF, 0xFD, 0x27, 0x00, // ..%@+..+@%:.
        0x00, 0x00, 0x69, 0xFB, 0xFF, 0xE3, 0xE1, 0xFF, 0xFC, 0x73, 0x00, 0x00, // ..=%@%%@%=..
        0x00, 0x00, 0x17, 0xB3, 0xFF, 0xFF, 0xFF, 0xFF, 0xBE, 0x1C, 0x00, 0x00, // ...*@@@@*...
        0x00, 0x13, 0xDF, 0xFF, 0xED, 0x8F, 0x8D, 0xEA, 0xFF, 0xE5, 0x18, 0x00, // ..#@%++%@%..
        0x00, 0x80, 0xFF, 0xFE, 0x30, 0x00, 0x00, 0x29, 0xFC, 0xFF, 0x8A, 0x00, // .+@%:..:%@+.
        0x00, 0xB6, 0xFF, 0xE0, 0x00, 0x00, 0x00, 0x00, 0xD6, 0xFF, 0xC0, 0x00, // .*@%....#@#.
        0x00, 0xB4, 0xFF, 0xF3, 0x08, 0x00, 0x00, 0x05, 0xEC, 0xFF, 0xBE, 0x00, // .*@%....%@*.
        0x00, 0x82, 0xFF, 0xFF, 0xA2, 0x1D, 0x1B, 0x9B, 0xFF, 0xFF, 0x8C, 0x00, // .+@@*..+@@+.
        0x00, 0x19, 0xEC, 0xFF, 0xFF, 0xFF, 0xFF, 0xFF, 0xFF, 0xF0, 0x1F, 0x00, // ..%@@@@@@%..
        0x00, 0x00, 0x2E, 0xCA, 0xFF, 0xFF, 0xFF, 0xFF, 0xCD, 0x33, 0x00, 0x00, // ..:#@@@@#:..
        0x00, 0x00, 0x00, 0x00, 0x20, 0x41, 0x41, 0x21, 0x00, 0x00, 0x00, 0x00, // ....:--:....
        0x00, 0x00, 0x00, 0x00, 0x00, 0x00, 0x00, 0x00, 0x00, 0x00, 0x00, 0x00, // ............
        0x00, 0x00, 0x00, 0x00, 0x00, 0x00, 0x00, 0x00, 0x00, 0x00, 0x00, 0x00, // ............
        0x00, 0x00, 0x00, 0x00, 0x00, 0x00, 0x00, 0x00, 0x00, 0x00, 0x00, 0x00, // ............
        0x00, 0x00, 0x00, 0x00, 0x00, 0x00, 0x00, 0x00, 0x00, 0x00, 0x00, 0x00, // ............
    ],
    // 0x39 '9'
    [
        0x00, 0x00, 0x00, 0x00, 0x00, 0x00, 0x00, 0x00, 0x00, 0x00, 0x00, 0x00, // ............
        0x00, 0x00, 0x00, 0x00, 0x00, 0x00, 0x00, 0x00, 0x00, 0x00, 0x00, 0x00, // ............
        0x00, 0x00, 0x00, 0x00, 0x00, 0x00, 0x00, 0x00, 0x00, 0x00, 0x00, 0x00, // ............
        0x00, 0x00, 0x00, 0x00, 0x00, 0x00, 0x00, 0x00, 0x00, 0x00, 0x00, 0x00, // ............
        0x00, 0x00, 0x00, 0x42, 0x96, 0xAF, 0xAA, 0x75, 0x11, 0x00, 0x00, 0x00, // ...-+**=....
        0x00, 0x00, 0x92, 0xFF, 0xFF, 0xFF, 0xFF, 0xFF, 0xE4, 0x26, 0x00, 0x00, // ..+@@@@@%:..
        0x00, 0x4C, 0xFF, 0xFF, 0xE1, 0x85, 0xA5, 0xFF, 0xFF, 0xC9, 0x01, 0x00, // .-@@%+*@@#..
        0x00, 0xAD, 0xFF, 0xFE, 0x27, 0x00, 0x00, 0xA4, 0xFF, 0xFF, 0x39, 0x00, // .*@%:..*@@:.
        0x00, 0xDC, 0xFF, 0xDC, 0x00, 0x00, 0x00, 0x5E, 0xFF, 0xFF, 0x7C, 0x00, // .#@#...-@@=.
        0x00, 0xE8, 0xFF, 0xD6, 0x00, 0x00, 0x00, 0x58, 0xFF, 0xFF, 0xA4, 0x00, // .%@#...-@@*.
        0x00, 0xD5, 0xFF, 0xF9, 0x11, 0x00, 0x00, 0x8A, 0xFF, 0xFF, 0xBA, 0x00, // .#@%...+@@*.
        0x00, 0x9C, 0xFF, 0xFF, 0xBA, 0x46, 0x68, 0xF5, 0xFF, 0xFF, 0xC1, 0x00, // .+@@*-=%@@#.
        0x00, 0x2C, 0xF8, 0xFF, 0xFF, 0xFF, 0xFF, 0xFF, 0xFE, 0xFF, 0xBD, 0x00, // .:%@@@@@%@*.
        0x00, 0x00, 0x46, 0xDC, 0xFF, 0xFF, 0xF3, 0x73, 0xF9, 0xFF, 0xAB, 0x00, // ..-#@@%=%@*.
        0x00, 0x00, 0x00, 0x00, 0x20, 0x2A, 0x08, 0x22, 0xFF, 0xFF, 0x87, 0x00, // ....::.:@@+.
        0x00, 0x00, 0x00, 0x00, 0x00, 0x00, 0x00, 0x7F, 0xFF, 0xFF, 0x48, 0x00, // .......=@@-.
        0x00, 0x04, 0x8D, 0x28, 0x00, 0x07, 0x64, 0xF9, 0xFF, 0xDF, 0x04, 0x00, // ..+:..=%@#..
        0x00, 0x04, 0xFF, 0xFF, 0xF5, 0xFB, 0xFF, 0xFF, 0xFB, 0x48, 0x00, 0x00, // ..@@%%@@%-..
        0x00, 0x04, 0xF2, 0xFF, 0xFF, 0xFF, 0xFF, 0xDD, 0x48, 0x00, 0x00, 0x00, // ..%@@@@#-...
        0x00, 0x00, 0x07, 0x3C, 0x5D, 0x5A, 0x33, 0x02, 0x00, 0x00, 0x00, 0x00, // ...:--:.....
        0x00, 0x00, 0x00, 0x00, 0x00, 0x00, 0x00, 0x00, 0x00, 0x00, 0x00, 0x00, // ............
        0x00, 0x00, 0x00, 0x00, 0x00, 0x00, 0x00, 0x00, 0x00, 0x00, 0x00, 0x00, // ............
        0x00, 0x00, 0x00, 0x00, 0x00, 0x00, 0x00, 0x00, 0x00, 0x00, 0x00, 0x00, // ............
        0x00, 0x00, 0x00, 0x00, 0x00, 0x00, 0x00, 0x00, 0x00, 0x00, 0x00, 0x00, // ............
    ],
    // 0x3A ':'
    [
        0x00, 0x00, 0x00, 0x00, 0x00, 0x00, 0x00, 0x00, 0x00, 0x00, 0x00, 0x00, // ............
        0x00, 0x00, 0x00, 0x00, 0x00, 0x00, 0x00, 0x00, 0x00, 0x00, 0x00, 0x00, // ............
        0x00, 0x00, 0x00, 0x00, 0x00, 0x00, 0x00, 0x00, 0x00, 0x00, 0x00, 0x00, // ............
        0x00, 0x00, 0x00, 0x00, 0x00, 0x00, 0x00, 0x00, 0x00, 0x00, 0x00, 0x00, // ............
        0x00, 0x00, 0x00, 0x00, 0x00, 0x00, 0x00, 0x00, 0x00, 0x00, 0x00, 0x00, // ............
        0x00, 0x00, 0x00, 0x00, 0x00, 0x00, 0x00, 0x00, 0x00, 0x00, 0x00, 0x00, // ............
        0x00, 0x00, 0x00, 0x00, 0x00, 0x00, 0x00, 0x00, 0x00, 0x00, 0x00, 0x00, // ............
        0x00, 0x00, 0x00, 0x00, 0x00, 0x00, 0x00, 0x00, 0x00, 0x00, 0x00, 0x00, // ............
        0x00, 0x00, 0x00, 0x00, 0x2A, 0xD3, 0xDC, 0x3C, 0x00, 0x00, 0x00, 0x00, // ....:##:....
        0x00, 0x00, 0x00, 0x00, 0x9F, 0xFF, 0xFF, 0xBB, 0x00, 0x00, 0x00, 0x00, // ....+@@*....
        0x00, 0x00, 0x00, 0x00, 0x8B, 0xFF, 0xFF, 0xA9, 0x00, 0x00, 0x00, 0x00, // ....+@@*....
        0x00, 0x00, 0x00, 0x00, 0x0D, 0x88, 0x92, 0x18, 0x00, 0x00, 0x00, 0x00, // .....++.....
        0x00, 0x00, 0x00, 0x00, 0x00, 0x00, 0x00, 0x00, 0x00, 0x00, 0x00, 0x00, // ............
        0x00, 0x00, 0x00, 0x00, 0x00, 0x00, 0x00, 0x00, 0x00, 0x00, 0x00, 0x00, // ............
        0x00, 0x00, 0x00, 0x00, 0x00, 0x00, 0x00, 0x00, 0x00, 0x00, 0x00, 0x00, // ............
        0x00, 0x00, 0x00, 0x00, 0x2A, 0xD4, 0xDD, 0x3D, 0x00, 0x00, 0x00, 0x00, // ....:##:....
        0x00, 0x00, 0x00, 0x00, 0x9F, 0xFF, 0xFF, 0xBB, 0x00, 0x00, 0x00, 0x00, // ....+@@*....
        0x00, 0x00, 0x00, 0x00, 0x8A, 0xFF, 0xFF, 0xA7, 0x00, 0x00, 0x00, 0x00, // ....+@@*....
        0x00, 0x00, 0x00, 0x00, 0x0C, 0x87, 0x90, 0x16, 0x00, 0x00, 0x00, 0x00, // .....++.....
        0x00, 0x00, 0x00, 0x00, 0x00, 0x00, 0x00, 0x00, 0x00, 0x00, 0x00, 0x00, // ............
        0x00, 0x00, 0x00, 0x00, 0x00, 0x00, 0x00, 0x00, 0x00, 0x00, 0x00, 0x00, // ............
        0x00, 0x00, 0x00, 0x00, 0x00, 0x00, 0x00, 0x00, 0x00, 0x00, 0x00, 0x00, // ............
        0x00, 0x00, 0x00, 0x00, 0x00, 0x00, 0x00, 0x00, 0x00, 0x00, 0x00, 0x00, // ............
        0x00, 0x00, 0x00, 0x00, 0x00, 0x00, 0x00, 0x00, 0x00, 0x00, 0x00, 0x00, // ............
    ],
    // 0x3B ';'
    [
        0x00, 0x00, 0x00, 0x00, 0x00, 0x00, 0x00, 0x00, 0x00, 0x00, 0x00, 0x00, // ............
        0x00, 0x00, 0x00, 0x00, 0x00, 0x00, 0x00, 0x00, 0x00, 0x00, 0x00, 0x00, // ............
        0x00, 0x00, 0x00, 0x00, 0x00, 0x00, 0x00, 0x00, 0x00, 0x00, 0x00, 0x00, // ............
        0x00, 0x00, 0x00, 0x00, 0x00, 0x00, 0x00, 0x00, 0x00, 0x00, 0x00, 0x00, // ............
        0x00, 0x00, 0x00, 0x00, 0x00, 0x00, 0x00, 0x00, 0x00, 0x00, 0x00, 0x00, // ............
        0x00, 0x00, 0x00, 0x00, 0x00, 0x00, 0x00, 0x00, 0x00, 0x00, 0x00, 0x00, // ............
        0x00, 0x00, 0x00, 0x00, 0x00, 0x00, 0x00, 0x00, 0x00, 0x00, 0x00, 0x00, // ............
        0x00, 0x00, 0x00, 0x00, 0x00, 0x00, 0x00, 0x00, 0x00, 0x00, 0x00, 0x00, // ............
        0x00, 0x00, 0x00, 0x00, 0x0F, 0x7A, 0x75, 0x0A, 0x00, 0x00, 0x00, 0x00, // .....==.....
        0x00, 0x00, 0x00, 0x00, 0xA7, 0xFF, 0xFF, 0x95, 0x00, 0x00, 0x00, 0x00, // ....*@@+....
        0x00, 0x00, 0x00, 0x00, 0xD2, 0xFF, 0xFF, 0xBF, 0x00, 0x00, 0x00, 0x00, // ....#@@*....
        0x00, 0x00, 0x00, 0x00, 0x71, 0xFE, 0xFD, 0x5F, 0x00, 0x00, 0x00, 0x00, // ....=%%-....
        0x00, 0x00, 0x00, 0x00, 0x00, 0x21, 0x1D, 0x00, 0x00, 0x00, 0x00, 0x00, // .....:......
        0x00, 0x00, 0x00, 0x00, 0x00, 0x00, 0x00, 0x00, 0x00, 0x00, 0x00, 0x00, // ............
        0x00, 0x00, 0x00, 0x00, 0x00, 0x00, 0x00, 0x00, 0x00, 0x00, 0x00, 0x00, // ............
        0x00, 0x00, 0x00, 0x00, 0x00, 0x16, 0x1E, 0x00, 0x00, 0x00, 0x00, 0x00, // ............
        0x00, 0x00, 0x00, 0x00, 0x58, 0xFB, 0xFE, 0x78, 0x00, 0x00, 0x00, 0x00, // ....-%%=....
        0x00, 0x00, 0x00, 0x00, 0xB1, 0xFF, 0xFF, 0xF1, 0x03, 0x00, 0x00, 0x00, // ....*@@%....
        0x00, 0x00, 0x00, 0x00, 0x68, 0xFE, 0xFF, 0xFF, 0x14, 0x00, 0x00, 0x00, // ....=%@@....
        0x00, 0x00, 0x00, 0x00, 0x00, 0x22, 0xD6, 0xFB, 0x06, 0x00, 0x00, 0x00, // .....:#%....
        0x00, 0x00, 0x00, 0x00, 0x00, 0x20, 0xFA, 0xC1, 0x00, 0x00, 0x00, 0x00, // .....:%#....
        0x00, 0x00, 0x00, 0x00, 0x1C, 0xCF, 0xFD, 0x42, 0x00, 0x00, 0x00, 0x00, // .....#%-....
        0x00, 0x00, 0x00, 0x2A, 0xF3, 0xF9, 0x64, 0x00, 0x00, 0x00, 0x00, 0x00, // ...:%%=.....
        0x00, 0x00, 0x00, 0x02, 0x89, 0x27, 0x00, 0x00, 0x00, 0x00, 0x00, 0x00, // ....+:......
    ],
    // 0x3C '<'
    [
        0x00, 0x00, 0x00, 0x00, 0x00, 0x00, 0x00, 0x00, 0x00, 0x00, 0x00, 0x00, // ............
        0x00, 0x00, 0x00, 0x00, 0x00, 0x00, 0x00, 0x00, 0x00, 0x00, 0x00, 0x00, // ............
        0x00, 0x00, 0x00, 0x00, 0x00, 0x00, 0x00, 0x00, 0x00, 0x00, 0x00, 0x00, // ............
        0x00, 0x00, 0x00, 0x00, 0x00, 0x00, 0x00, 0x00, 0x00, 0x00, 0x00, 0x00, // ............
        0x00, 0x00, 0x00, 0x00, 0x00, 0x00, 0x00, 0x00, 0x00, 0x00, 0x00, 0x00, // ............
        0x00, 0x00, 0x00, 0x00, 0x00, 0x00, 0x00, 0x00, 0x00, 0x00, 0x00, 0x00, // ............
        0x00, 0x00, 0x00, 0x00, 0x00, 0x00, 0x00, 0x00, 0x00, 0x00, 0x00, 0x00, // ............
        0x00, 0x00, 0x00, 0x00, 0x00, 0x00, 0x00, 0x00, 0x00, 0x00, 0x37, 0x15, // ..........:.
        0x00, 0x00, 0x00, 0x00, 0x00, 0x00, 0x00, 0x11, 0x6D, 0xD2, 0xFF, 0x2E, // ........=#@:
        0x00, 0x00, 0x00, 0x00, 0x01, 0x3F, 0xA3, 0xF7, 0xFF, 0xFF, 0xFF, 0x2E, // .....:*%@@@:
        0x00, 0x00, 0x17, 0x75, 0xD9, 0xFF, 0xFF, 0xFF, 0xE7, 0x8F, 0x34, 0x00, // ...=#@@@%+:.
        0x10, 0xAC, 0xFA, 0xFF, 0xFF, 0xF3, 0xA2, 0x47, 0x03, 0x00, 0x00, 0x00, // .*%@@%*-....
        0x24, 0xFF, 0xFF, 0xE0, 0x5B, 0x0B, 0x00, 0x00, 0x00, 0x00, 0x00, 0x00, // :@@%-.......
        0x21, 0xFE, 0xFF, 0xFF, 0xDE, 0x85, 0x29, 0x00, 0x00, 0x00, 0x00, 0x00, // :%@@#+:.....
        0x00, 0x23, 0x86, 0xE6, 0xFF, 0xFF, 0xFF, 0xCE, 0x73, 0x1A, 0x00, 0x00, // .:+%@@@#=...
        0x00, 0x00, 0x00, 0x04, 0x50, 0xB4, 0xFC, 0xFF, 0xFF, 0xFD, 0xBC, 0x18, // ....-*%@@%*.
        0x00, 0x00, 0x00, 0x00, 0x00, 0x00, 0x1C, 0x7D, 0xDF, 0xFF, 0xFF, 0x2E, // .......=#@@:
        0x00, 0x00, 0x00, 0x00, 0x00, 0x00, 0x00, 0x00, 0x02, 0x46, 0xAB, 0x2A, // .........-*:
        0x00, 0x00, 0x00, 0x00, 0x00, 0x00, 0x00, 0x00, 0x00, 0x00, 0x00, 0x00, // ............
        0x00, 0x00, 0x00, 0x00, 0x00, 0x00, 0x00, 0x00, 0x00, 0x00, 0x00, 0x00, // ............
        0x00, 0x00, 0x00, 0x00, 0x00, 0x00, 0x00, 0x00, 0x00, 0x00, 0x00, 0x00, // ............
        0x00, 0x00, 0x00, 0x00, 0x00, 0x00, 0x00, 0x00, 0x00, 0x00, 0x00, 0x00, // ............
        0x00, 0x00, 0x00, 0x00, 0x00, 0x00, 0x00, 0x00, 0x00, 0x00, 0x00, 0x00, // ............
        0x00, 0x00, 0x00, 0x00, 0x00, 0x00, 0x00, 0x00, 0x00, 0x00, 0x00, 0x00, // ............
    ],
    // 0x3D '='
    [
        0x00, 0x00, 0x00, 0x00, 0x00, 0x00, 0x00, 0x00, 0x00, 0x00, 0x00, 0x00, // ............
        0x00, 0x00, 0x00, 0x00, 0x00, 0x00, 0x00, 0x00, 0x00, 0x00, 0x00, 0x00, // ............
        0x00, 0x00, 0x00, 0x00, 0x00, 0x00, 0x00, 0x00, 0x00, 0x00, 0x00, 0x00, // ............
        0x00, 0x00, 0x00, 0x00, 0x00, 0x00, 0x00, 0x00, 0x00, 0x00, 0x00, 0x00, // ............
        0x00, 0x00, 0x00, 0x00, 0x00, 0x00, 0x00, 0x00, 0x00, 0x00, 0x00, 0x00, // ............
        0x00, 0x00, 0x00, 0x00, 0x00, 0x00, 0x00, 0x00, 0x00, 0x00, 0x00, 0x00, // ............
        0x00, 0x00, 0x00, 0x00, 0x00, 0x00, 0x00, 0x00, 0x00, 0x00, 0x00, 0x00, // ............
        0x00, 0x00, 0x00, 0x00, 0x00, 0x00, 0x00, 0x00, 0x00, 0x00, 0x00, 0x00, // ............
        0x00, 0x00, 0x00, 0x00, 0x00, 0x00, 0x00, 0x00, 0x00, 0x00, 0x00, 0x00, // ............
        0x16, 0x9F, 0x9F, 0x9F, 0x9F, 0x9F, 0x9F, 0x9F, 0x9F, 0x9F, 0x9F, 0x1D, // .++++++++++.
        0x24, 0xFF, 0xFF, 0xFF, 0xFF, 0xFF, 0xFF, 0xFF, 0xFF, 0xFF, 0xFF, 0x2E, // :@@@@@@@@@@:
        0x16, 0x9F, 0x9F, 0x9F, 0x9F, 0x9F, 0x9F, 0x9F, 0x9F, 0x9F, 0x9F, 0x1D, // .++++++++++.
        0x00, 0x00, 0x00, 0x00, 0x00, 0x00, 0x00, 0x00, 0x00, 0x00, 0x00, 0x00, // ............
        0x07, 0x30, 0x30, 0x30, 0x30, 0x30, 0x30, 0x30, 0x30, 0x30, 0x30, 0x09, // .::::::::::.
        0x24, 0xFF, 0xFF, 0xFF, 0xFF, 0xFF, 0xFF, 0xFF, 0xFF, 0xFF, 0xFF, 0x2E, // :@@@@@@@@@@:
        0x24, 0xFF, 0xFF, 0xFF, 0xFF, 0xFF, 0xFF, 0xFF, 0xFF, 0xFF, 0xFF, 0x2E, // :@@@@@@@@@@:
        0x04, 0x20, 0x20, 0x20, 0x20, 0x20, 0x20, 0x20, 0x20, 0x20, 0x20, 0x06, // .::::::::::.
        0x00, 0x00, 0x00, 0x00, 0x00, 0x00, 0x00, 0x00, 0x00, 0x00, 0x00, 0x00, // ............
        0x00, 0x00, 0x00, 0x00, 0x00, 0x00, 0x00, 0x00, 0x00, 0x00, 0x00, 0x00, // ............
        0x00, 0x00, 0x00, 0x00, 0x00, 0x00, 0x00, 0x00, 0x00, 0x00, 0x00, 0x00, // ............
        0x00, 0x00, 0x00, 0x00, 0x00, 0x00, 0x00, 0x00, 0x00, 0x00, 0x00, 0x00, // ............
        0x00, 0x00, 0x00, 0x00, 0x00, 0x00, 0x00, 0x00, 0x00, 0x00, 0x00, 0x00, // ............
        0x00, 0x00, 0x00, 0x00, 0x00, 0x00, 0x00, 0x00, 0x00, 0x00, 0x00, 0x00, // ............
        0x00, 0x00, 0x00, 0x00, 0x00, 0x00, 0x00, 0x00, 0x00, 0x00, 0x00, 0x00, // ............
    ],
    // 0x3E '>'
    [
        0x00, 0x00, 0x00, 0x00, 0x00, 0x00, 0x00, 0x00, 0x00, 0x00, 0x00, 0x00, // ............
        0x00, 0x00, 0x00, 0x00, 0x00, 0x00, 0x00, 0x00, 0x00, 0x00, 0x00, 0x00, // ............
        0x00, 0x00, 0x00, 0x00, 0x00, 0x00, 0x00, 0x00, 0x00, 0x00, 0x00, 0x00, // ............
        0x00, 0x00, 0x00, 0x00, 0x00, 0x00, 0x00, 0x00, 0x00, 0x00, 0x00, 0x00, // ............
        0x00, 0x00, 0x00, 0x00, 0x00, 0x00, 0x00, 0x00, 0x00, 0x00, 0x00, 0x00, // ............
        0x00, 0x00, 0x00, 0x00, 0x00, 0x00, 0x00, 0x00, 0x00, 0x00, 0x00, 0x00, // ............
        0x00, 0x00, 0x00, 0x00, 0x00, 0x00, 0x00, 0x00, 0x00, 0x00, 0x00, 0x00, // ............
        0x10, 0x3B, 0x00, 0x00, 0x00, 0x00, 0x00, 0x00, 0x00, 0x00, 0x00, 0x00, // .:..........
        0x24, 0xFF, 0xD6, 0x71, 0x14, 0x00, 0x00, 0x00, 0x00, 0x00, 0x00, 0x00, // :@#=........
        0x23, 0xFF, 0xFF, 0xFF, 0xF8, 0xA8, 0x43, 0x01, 0x00, 0x00, 0x00, 0x00, // :@@@%*-.....
        0x00, 0x30, 0x8B, 0xE4, 0xFF, 0xFF, 0xFF, 0xDD, 0x7A, 0x19, 0x00, 0x00, // .:+%@@@#=...
        0x00, 0x00, 0x00, 0x02, 0x43, 0x9E, 0xF1, 0xFF, 0xFF, 0xFB, 0xB0, 0x15, // ....-+%@@%*.
        0x00, 0x00, 0x00, 0x00, 0x00, 0x00, 0x09, 0x57, 0xDC, 0xFF, 0xFF, 0x2E, // .......-#@@:
        0x00, 0x00, 0x00, 0x00, 0x00, 0x26, 0x81, 0xDB, 0xFF, 0xFF, 0xFE, 0x2A, // .....:+#@@%:
        0x00, 0x00, 0x18, 0x6F, 0xCA, 0xFF, 0xFF, 0xFF, 0xE9, 0x8B, 0x27, 0x00, // ...=#@@@%+:.
        0x13, 0xB8, 0xFC, 0xFF, 0xFF, 0xFD, 0xB8, 0x54, 0x06, 0x00, 0x00, 0x00, // .*%@@%*-....
        0x24, 0xFF, 0xFF, 0xE2, 0x81, 0x1F, 0x00, 0x00, 0x00, 0x00, 0x00, 0x00, // :@@%+.......
        0x21, 0xAE, 0x4B, 0x03, 0x00, 0x00, 0x00, 0x00, 0x00, 0x00, 0x00, 0x00, // :*-.........
        0x00, 0x00, 0x00, 0x00, 0x00, 0x00, 0x00, 0x00, 0x00, 0x00, 0x00, 0x00, // ............
        0x00, 0x00, 0x00, 0x00, 0x00, 0x00, 0x00, 0x00, 0x00, 0x00, 0x00, 0x00, // ............
        0x00, 0x00, 0x00, 0x00, 0x00, 0x00, 0x00, 0x00, 0x00, 0x00, 0x00, 0x00, // ............
        0x00, 0x00, 0x00, 0x00, 0x00, 0x00, 0x00, 0x00, 0x00, 0x00, 0x00, 0x00, // ............
        0x00, 0x00, 0x00, 0x00, 0x00, 0x00, 0x00, 0x00, 0x00, 0x00, 0x00, 0x00, // ............
        0x00, 0x00, 0x00, 0x00, 0x00, 0x00, 0x00, 0x00, 0x00, 0x00, 0x00, 0x00, // ............
    ],
    // 0x3F '?'
    [
        0x00, 0x00, 0x00, 0x00, 0x00, 0x00, 0x00, 0x00, 0x00, 0x00, 0x00, 0x00, // ............
        0x00, 0x00, 0x00, 0x00, 0x00, 0x00, 0x00, 0x00, 0x00, 0x00, 0x00, 0x00, // ............
        0x00, 0x00, 0x00, 0x00, 0x00, 0x00, 0x00, 0x00, 0x00, 0x00, 0x00, 0x00, // ............
        0x00, 0x00, 0x00, 0x00, 0x00, 0x09, 0x0E, 0x00, 0x00, 0x00, 0x00, 0x00, // ............
        0x00, 0x00, 0x1A, 0x8A, 0xDD, 0xFF, 0xFF, 0xEA, 0x88, 0x09, 0x00, 0x00, // ...+#@@%+...
        0x00, 0x00, 0xC1, 0xFF, 0xFC, 0xD7, 0xE6, 0xFF, 0xFF, 0xB0, 0x00, 0x00, // ..#@%#%@@*..
        0x00, 0x00, 0xBA, 0x81, 0x15, 0x00, 0x01, 0x6D, 0xFF, 0xFF, 0x29, 0x00, // ..*+...=@@:.
        0x00, 0x00, 0x10, 0x00, 0x00, 0x00, 0x00, 0x01, 0xF9, 0xFF, 0x4A, 0x00, // ........%@-.
        0x00, 0x00, 0x00, 0x00, 0x00, 0x00, 0x00, 0x3B, 0xFF, 0xFE, 0x23, 0x00, // .......:@%:.
        0x00, 0x00, 0x00, 0x00, 0x00, 0x00, 0x28, 0xE7, 0xFF, 0x9B, 0x00, 0x00, // ......:%@+..
        0x00, 0x00, 0x00, 0x00, 0x00, 0x26, 0xE7, 0xFF, 0xB4, 0x06, 0x00, 0x00, // .....:%@*...
        0x00, 0x00, 0x00, 0x00, 0x03, 0xD2, 0xFF, 0xB3, 0x07, 0x00, 0x00, 0x00, // .....#@*....
        0x00, 0x00, 0x00, 0x00, 0x3A, 0xFF, 0xEF, 0x0D, 0x00, 0x00, 0x00, 0x00, // ....:@%.....
        0x00, 0x00, 0x00, 0x00, 0x52, 0xFF, 0xD3, 0x00, 0x00, 0x00, 0x00, 0x00, // ....-@#.....
        0x00, 0x00, 0x00, 0x00, 0x2E, 0x8F, 0x77, 0x00, 0x00, 0x00, 0x00, 0x00, // ....:+=.....
        0x00, 0x00, 0x00, 0x00, 0x00, 0x00, 0x00, 0x00, 0x00, 0x00, 0x00, 0x00, // ............
        0x00, 0x00, 0x00, 0x00, 0x33, 0xB6, 0x91, 0x04, 0x00, 0x00, 0x00, 0x00, // ....:*+.....
        0x00, 0x00, 0x00, 0x00, 0xBB, 0xFF, 0xFF, 0x4B, 0x00, 0x00, 0x00, 0x00, // ....*@@-....
        0x00, 0x00, 0x00, 0x00, 0xA4, 0xFF, 0xFE, 0x35, 0x00, 0x00, 0x00, 0x00, // ....*@%:....
        0x00, 0x00, 0x00, 0x00, 0x0E, 0x71, 0x47, 0x00, 0x00, 0x00, 0x00, 0x00, // .....=-.....
        0x00, 0x00, 0x00, 0x00, 0x00, 0x00, 0x00, 0x00, 0x00, 0x00, 0x00, 0x00, // ............
        0x00, 0x00, 0x00, 0x00, 0x00, 0x00, 0x00, 0x00, 0x00, 0x00, 0x00, 0x00, // ............
        0x00, 0x00, 0x00, 0x00, 0x00, 0x00, 0x00, 0x00, 0x00, 0x00, 0x00, 0x00, // ............
        0x00, 0x00, 0x00, 0x00, 0x00, 0x00, 0x00, 0x00, 0x00, 0x00, 0x00, 0x00, // ............
    ],
    // 0x40 '@'
    [
        0x00, 0x00, 0x00, 0x00, 0x00, 0x00, 0x00, 0x00, 0x00, 0x00, 0x00, 0x00, // ............
        0x00, 0x00, 0x00, 0x00, 0x00, 0x00, 0x00, 0x00, 0x00, 0x00, 0x00, 0x00, // ............
        0x00, 0x00, 0x00, 0x00, 0x00, 0x00, 0x00, 0x00, 0x00, 0x00, 0x00, 0x00, // ............
        0x00, 0x00, 0x00, 0x00, 0x00, 0x00, 0x00, 0x00, 0x00, 0x00, 0x00, 0x00, // ............
        0x00, 0x00, 0x00, 0x00, 0x00, 0x00, 0x00, 0x00, 0x00, 0x00, 0x00, 0x00, // ............
        0x00, 0x00, 0x00, 0x01, 0x43, 0x88, 0x9F, 0x91, 0x56, 0x05, 0x00, 0x00, // ....-+++-...
        0x00, 0x00, 0x1E, 0xC4, 0xFF, 0xFF, 0xFF, 0xFF, 0xFF, 0xCE, 0x16, 0x00, // ...#@@@@@#..
        0x00, 0x18, 0xE0, 0xFF, 0xD8, 0x6C, 0x43, 0x60, 0xD0, 0xFF, 0xB0, 0x00, // ..%@#=-=#@*.
        0x00, 0xB0, 0xFF, 0xB7, 0x09, 0x00, 0x00, 0x00, 0x0E, 0xE8, 0xFE, 0x1A, // .*@*.....%%.
        0x32, 0xFF, 0xEC, 0x12, 0x00, 0x13, 0x67, 0x7D, 0x43, 0xA4, 0xFF, 0x47, // :@%...==-*@-
        0x8C, 0xFF, 0x88, 0x00, 0x2E, 0xEA, 0xFF, 0xFF, 0xFF, 0xEA, 0xFF, 0x51, // +@+.:%@@@%@-
        0xC7, 0xFF, 0x3C, 0x00, 0xCC, 0xFF, 0xBC, 0x57, 0x91, 0xFF, 0xFF, 0x51, // #@:.#@*-+@@-
        0xE7, 0xFF, 0x12, 0x20, 0xFF, 0xF1, 0x0C, 0x00, 0x00, 0xB5, 0xFF, 0x51, // %@.:@%...*@-
        0xF0, 0xFF, 0x02, 0x3B, 0xFF, 0xCB, 0x00, 0x00, 0x00, 0x83, 0xFF, 0x51, // %@.:@#...+@-
        0xE8, 0xFF, 0x09, 0x2D, 0xFF, 0xE0, 0x00, 0x00, 0x00, 0x98, 0xFF, 0x51, // %@.:@%...+@-
        0xCE, 0xFF, 0x2A, 0x04, 0xEB, 0xFF, 0x6A, 0x01, 0x33, 0xF0, 0xFF, 0x51, // #@:.%@=.:%@-
        0x9C, 0xFF, 0x6C, 0x00, 0x67, 0xFF, 0xFF, 0xF8, 0xFF, 0xFE, 0xFF, 0x51, // +@=.=@@%@%@-
        0x4D, 0xFF, 0xD5, 0x03, 0x00, 0x5C, 0xC6, 0xDC, 0x9F, 0x76, 0xAF, 0x38, // -@#..-##+=*:
        0x03, 0xD4, 0xFF, 0x85, 0x00, 0x00, 0x00, 0x00, 0x00, 0x00, 0x00, 0x00, // .#@+........
        0x00, 0x35, 0xF7, 0xFF, 0x9D, 0x1C, 0x00, 0x00, 0x00, 0x34, 0x53, 0x00, // .:%@+....:-.
        0x00, 0x00, 0x45, 0xEE, 0xFF, 0xFD, 0xD7, 0xC1, 0xE0, 0xFF, 0xEB, 0x0E, // ..-%@%##%@%.
        0x00, 0x00, 0x00, 0x18, 0x8B, 0xE0, 0xFF, 0xFF, 0xFF, 0xDA, 0x79, 0x08, // ....+%@@@#=.
        0x00, 0x00, 0x00, 0x00, 0x00, 0x00, 0x0B, 0x20, 0x0D, 0x00, 0x00, 0x00, // .......:....
        0x00, 0x00, 0x00, 0x00, 0x00, 0x00, 0x00, 0x00, 0x00, 0x00, 0x00, 0x00, // ............
    ],
    // 0x41 'A'
    [
        0x00, 0x00, 0x00, 0x00, 0x00, 0x00, 0x00, 0x00, 0x00, 0x00, 0x00, 0x00, // ............
        0x00, 0x00, 0x00, 0x00, 0x00, 0x00, 0x00, 0x00, 0x00, 0x00, 0x00, 0x00, // ............
        0x00, 0x00, 0x00, 0x00, 0x00, 0x00, 0x00, 0x00, 0x00, 0x00, 0x00, 0x00, // ............
        0x00, 0x00, 0x00, 0x00, 0x00, 0x00, 0x00, 0x00, 0x00, 0x00, 0x00, 0x00, // ............
        0x00, 0x00, 0x00, 0x00, 0x76, 0x8F, 0x8F, 0x7C, 0x00, 0x00, 0x00, 0x00, // ....=++=....
        0x00, 0x00, 0x00, 0x0D, 0xFA, 0xFF, 0xFF, 0xFD, 0x15, 0x00, 0x00, 0x00, // ....%@@%....
        0x00, 0x00, 0x00, 0x4D, 0xFF, 0xFF, 0xFF, 0xFF, 0x58, 0x00, 0x00, 0x00, // ...-@@@@-...
        0x00, 0x00, 0x00, 0x92, 0xFF, 0xE9, 0xE1, 0xFF, 0x9D, 0x00, 0x00, 0x00, // ...+@%%@+...
        0x00, 0x00, 0x00, 0xD7, 0xFF, 0xAF, 0xA7, 0xFF, 0xE1, 0x00, 0x00, 0x00, // ...#@**@%...
        0x00, 0x00, 0x1D, 0xFF, 0xFF, 0x75, 0x6C, 0xFF, 0xFF, 0x27, 0x00, 0x00, // ...@@==@@:..
        0x00, 0x00, 0x62, 0xFF, 0xFF, 0x3B, 0x32, 0xFF, 0xFF, 0x6C, 0x00, 0x00, // ..=@@::@@=..
        0x00, 0x00, 0xA7, 0xFF, 0xF8, 0x08, 0x04, 0xF3, 0xFF, 0xB1, 0x00, 0x00, // ..*@%..%@*..
        0x00, 0x02, 0xEA, 0xFF, 0xC6, 0x00, 0x00, 0xBC, 0xFF, 0xF1, 0x05, 0x00, // ..%@#..*@%..
        0x00, 0x31, 0xFF, 0xFF, 0xFF, 0xFF, 0xFF, 0xFF, 0xFF, 0xFF, 0x3C, 0x00, // .:@@@@@@@@:.
        0x00, 0x76, 0xFF, 0xFF, 0xFF, 0xFF, 0xFF, 0xFF, 0xFF, 0xFF, 0x81, 0x00, // .=@@@@@@@@+.
        0x00, 0xBB, 0xFF, 0xFD, 0x64, 0x60, 0x60, 0x62, 0xFB, 0xFF, 0xC5, 0x00, // .*@%====%@#.
        0x09, 0xF7, 0xFF, 0xCF, 0x00, 0x00, 0x00, 0x00, 0xC8, 0xFF, 0xFB, 0x0F, // .%@#....#@%.
        0x46, 0xFF, 0xFF, 0x91, 0x00, 0x00, 0x00, 0x00, 0x89, 0xFF, 0xFF, 0x50, // -@@+....+@@-
        0x8A, 0xFF, 0xFF, 0x53, 0x00, 0x00, 0x00, 0x00, 0x49, 0xFF, 0xFF, 0x95, // +@@-....-@@+
        0x00, 0x00, 0x00, 0x00, 0x00, 0x00, 0x00, 0x00, 0x00, 0x00, 0x00, 0x00, // ............
        0x00, 0x00, 0x00, 0x00, 0x00, 0x00, 0x00, 0x00, 0x00, 0x00, 0x00, 0x00, // ............
        0x00, 0x00, 0x00, 0x00, 0x00, 0x00, 0x00, 0x00, 0x00, 0x00, 0x00, 0x00, // ............
        0x00, 0x00, 0x00, 0x00, 0x00, 0x00, 0x00, 0x00, 0x00, 0x00, 0x00, 0x00, // ............
        0x00, 0x00, 0x00, 0x00, 0x00, 0x00, 0x00, 0x00, 0x00, 0x00, 0x00, 0x00, // ............
    ],
    // 0x42 'B'
    [
        0x00, 0x00, 0x00, 0x00, 0x00, 0x00, 0x00, 0x00, 0x00, 0x00, 0x00, 0x00, // ............
        0x00, 0x00, 0x00, 0x00, 0x00, 0x00, 0x00, 0x00, 0x00, 0x00, 0x00, 0x00, // ............
        0x00, 0x00, 0x00, 0x00, 0x00, 0x00, 0x00, 0x00, 0x00, 0x00, 0x00, 0x00, // ............
        0x00, 0x00, 0x00, 0x00, 0x00, 0x00, 0x00, 0x00, 0x00, 0x00, 0x00, 0x00, // ............
        0x00, 0x7C, 0x9F, 0x9F, 0x9F, 0x9F, 0x92, 0x79, 0x3A, 0x00, 0x00, 0x00, // .=+++++=:...
        0x00, 0xC7, 0xFF, 0xFF, 0xFF, 0xFF, 0xFF, 0xFF, 0xFF, 0xB5, 0x09, 0x00, // .#@@@@@@@*..
        0x00, 0xC7, 0xFF, 0xFF, 0xB0, 0xAF, 0xBC, 0xF8, 0xFF, 0xFF, 0x7C, 0x00, // .#@@***%@@=.
        0x00, 0xC7, 0xFF, 0xFF, 0x01, 0x00, 0x00, 0x48, 0xFF, 0xFF, 0xC0, 0x00, // .#@@...-@@#.
        0x00, 0xC7, 0xFF, 0xFF, 0x01, 0x00, 0x00, 0x13, 0xFF, 0xFF, 0xC5, 0x00, // .#@@....@@#.
        0x00, 0xC7, 0xFF, 0xFF, 0x01, 0x00, 0x01, 0x6E, 0xFF, 0xFF, 0x89, 0x00, // .#@@...=@@+.
        0x00, 0xC7, 0xFF, 0xFF, 0xEF, 0xEF, 0xF5, 0xFF, 0xFF, 0xB6, 0x0E, 0x00, // .#@@%%%@@*..
        0x00, 0xC7, 0xFF, 0xFF, 0xFF, 0xFF, 0xFF, 0xFF, 0xD2, 0x63, 0x02, 0x00, // .#@@@@@@#=..
        0x00, 0xC7, 0xFF, 0xFF, 0x60, 0x60, 0x6A, 0xB5, 0xFF, 0xFF, 0x97, 0x00, // .#@@===*@@+.
        0x00, 0xC7, 0xFF, 0xFF, 0x01, 0x00, 0x00, 0x01, 0xCC, 0xFF, 0xFD, 0x1C, // .#@@....#@%.
        0x00, 0xC7, 0xFF, 0xFF, 0x01, 0x00, 0x00, 0x00, 0x9C, 0xFF, 0xFF, 0x4A, // .#@@....+@@-
        0x00, 0xC7, 0xFF, 0xFF, 0x01, 0x00, 0x00, 0x00, 0xBC, 0xFF, 0xFF, 0x4A, // .#@@....*@@-
        0x00, 0xC7, 0xFF, 0xFF, 0x50, 0x50, 0x56, 0x98, 0xFF, 0xFF, 0xFD, 0x1B, // .#@@---+@@%.
        0x00, 0xC7, 0xFF, 0xFF, 0xFF, 0xFF, 0xFF, 0xFF, 0xFF, 0xFF, 0x92, 0x00, // .#@@@@@@@@+.
        0x00, 0xC7, 0xFF, 0xFF, 0xFF, 0xFF, 0xFD, 0xE7, 0xB9, 0x5D, 0x01, 0x00, // .#@@@@%%*-..
        0x00, 0x00, 0x00, 0x00, 0x00, 0x00, 0x00, 0x00, 0x00, 0x00, 0x00, 0x00, // ............
        0x00, 0x00, 0x00, 0x00, 0x00, 0x00, 0x00, 0x00, 0x00, 0x00, 0x00, 0x00, // ............
        0x00, 0x00, 0x00, 0x00, 0x00, 0x00, 0x00, 0x00, 0x00, 0x00, 0x00, 0x00, // ............
        0x00, 0x00, 0x00, 0x00, 0x00, 0x00, 0x00, 0x00, 0x00, 0x00, 0x00, 0x00, // ............
        0x00, 0x00, 0x00, 0x00, 0x00, 0x00, 0x00, 0x00, 0x00, 0x00, 0x00, 0x00, // ............
    ],
    // 0x43 'C'
    [
        0x00, 0x00, 0x00, 0x00, 0x00, 0x00, 0x00, 0x00, 0x00, 0x00, 0x00, 0x00, // ............
        0x00, 0x00, 0x00, 0x00, 0x00, 0x00, 0x00, 0x00, 0x00, 0x00, 0x00, 0x00, // ............
        0x00, 0x00, 0x00, 0x00, 0x00, 0x00, 0x00, 0x00, 0x00, 0x00, 0x00, 0x00, // ............
        0x00, 0x00, 0x00, 0x00, 0x00, 0x00, 0x00, 0x00, 0x00, 0x00, 0x00, 0x00, // ............
        0x00, 0x00, 0x00, 0x00, 0x30, 0x94, 0xC7, 0xCF, 0xC2, 0x87, 0x1D, 0x00, // ....:+###+..
        0x00, 0x00, 0x00, 0x79, 0xFD, 0xFF, 0xFF, 0xFF, 0xFF, 0xFF, 0x73, 0x00, // ...=%@@@@@=.
        0x00, 0x00, 0x57, 0xFF, 0xFF, 0xFF, 0xEA, 0xC0, 0xE1, 0xFF, 0x73, 0x00, // ..-@@@%#%@=.
        0x00, 0x03, 0xDF, 0xFF, 0xFF, 0x9C, 0x06, 0x00, 0x01, 0x55, 0x62, 0x00, // ..#@@+...-=.
        0x00, 0x3B, 0xFF, 0xFF, 0xE6, 0x08, 0x00, 0x00, 0x00, 0x00, 0x01, 0x00, // .:@@%.......
        0x00, 0x72, 0xFF, 0xFF, 0x99, 0x00, 0x00, 0x00, 0x00, 0x00, 0x00, 0x00, // .=@@+.......
        0x00, 0x91, 0xFF, 0xFF, 0x70, 0x00, 0x00, 0x00, 0x00, 0x00, 0x00, 0x00, // .+@@=.......
        0x00, 0x9D, 0xFF, 0xFF, 0x61, 0x00, 0x00, 0x00, 0x00, 0x00, 0x00, 0x00, // .+@@=.......
        0x00, 0x98, 0xFF, 0xFF, 0x67, 0x00, 0x00, 0x00, 0x00, 0x00, 0x00, 0x00, // .+@@=.......
        0x00, 0x82, 0xFF, 0xFF, 0x83, 0x00, 0x00, 0x00, 0x00, 0x00, 0x00, 0x00, // .+@@+.......
        0x00, 0x57, 0xFF, 0xFF, 0xC1, 0x00, 0x00, 0x00, 0x00, 0x00, 0x00, 0x00, // .-@@#.......
        0x00, 0x13, 0xF9, 0xFF, 0xFE, 0x42, 0x00, 0x00, 0x00, 0x0A, 0x31, 0x00, // ..%@%-....:.
        0x00, 0x00, 0x9B, 0xFF, 0xFF, 0xF3, 0x80, 0x51, 0x73, 0xDC, 0x73, 0x00, // ..+@@%+-=#=.
        0x00, 0x00, 0x11, 0xD7, 0xFF, 0xFF, 0xFF, 0xFF, 0xFF, 0xFF, 0x73, 0x00, // ...#@@@@@@=.
        0x00, 0x00, 0x00, 0x13, 0x9E, 0xF8, 0xFF, 0xFF, 0xFF, 0xF0, 0x4F, 0x00, // ....+%@@@%-.
        0x00, 0x00, 0x00, 0x00, 0x00, 0x0C, 0x38, 0x43, 0x33, 0x06, 0x00, 0x00, // ......:-:...
        0x00, 0x00, 0x00, 0x00, 0x00, 0x00, 0x00, 0x00, 0x00, 0x00, 0x00, 0x00, // ............
        0x00, 0x00, 0x00, 0x00, 0x00, 0x00, 0x00, 0x00, 0x00, 0x00, 0x00, 0x00, // ............
        0x00, 0x00, 0x00, 0x00, 0x00, 0x00, 0x00, 0x00, 0x00, 0x00, 0x00, 0x00, // ............
        0x00, 0x00, 0x00, 0x00, 0x00, 0x00, 0x00, 0x00, 0x00, 0x00, 0x00, 0x00, // ............
    ],
    // 0x44 'D'
    [
        0x00, 0x00, 0x00, 0x00, 0x00, 0x00, 0x00, 0x00, 0x00, 0x00, 0x00, 0x00, // ............
        0x00, 0x00, 0x00, 0x00, 0x00, 0x00, 0x00, 0x00, 0x00, 0x00, 0x00, 0x00, // ............
        0x00, 0x00, 0x00, 0x00, 0x00, 0x00, 0x00, 0x00, 0x00, 0x00, 0x00, 0x00, // ............
        0x00, 0x00, 0x00, 0x00, 0x00, 0x00, 0x00, 0x00, 0x00, 0x00, 0x00, 0x00, // ............
        0x00, 0x5F, 0x8F, 0x8F, 0x8F, 0x88, 0x66, 0x25, 0x00, 0x00, 0x00, 0x00, // .-++++=:....
        0x00, 0xA9, 0xFF, 0xFF, 0xFF, 0xFF, 0xFF, 0xFF, 0xB2, 0x17, 0x00, 0x00, // .*@@@@@@*...
        0x00, 0xA9, 0xFF, 0xFF, 0xFF, 0xFF, 0xFF, 0xFF, 0xFF, 0xD3, 0x08, 0x00, // .*@@@@@@@#..
        0x00, 0xA9, 0xFF, 0xFF, 0x38, 0x0D, 0x54, 0xEC, 0xFF, 0xFF, 0x6E, 0x00, // .*@@:.-%@@=.
        0x00, 0xA9, 0xFF, 0xFF, 0x38, 0x00, 0x00, 0x5E, 0xFF, 0xFF, 0xC7, 0x00, // .*@@:..-@@#.
        0x00, 0xA9, 0xFF, 0xFF, 0x38, 0x00, 0x00, 0x0E, 0xFE, 0xFF, 0xF8, 0x03, // .*@@:...%@%.
        0x00, 0xA9, 0xFF, 0xFF, 0x38, 0x00, 0x00, 0x00, 0xE8, 0xFF, 0xFF, 0x19, // .*@@:...%@@.
        0x00, 0xA9, 0xFF, 0xFF, 0x38, 0x00, 0x00, 0x00, 0xDC, 0xFF, 0xFF, 0x23, // .*@@:...#@@:
        0x00, 0xA9, 0xFF, 0xFF, 0x38, 0x00, 0x00, 0x00, 0xE0, 0xFF, 0xFF, 0x1E, // .*@@:...%@@.
        0x00, 0xA9, 0xFF, 0xFF, 0x38, 0x00, 0x00, 0x02, 0xF7, 0xFF, 0xFE, 0x0A, // .*@@:...%@%.
        0x00, 0xA9, 0xFF, 0xFF, 0x38, 0x00, 0x00, 0x35, 0xFF, 0xFF, 0xDE, 0x00, // .*@@:..:@@#.
        0x00, 0xA9, 0xFF, 0xFF, 0x38, 0x00, 0x07, 0xB9, 0xFF, 0xFF, 0x96, 0x00, // .*@@:..*@@+.
        0x00, 0xA9, 0xFF, 0xFF, 0xB4, 0xA4, 0xE2, 0xFF, 0xFF, 0xF8, 0x26, 0x00, // .*@@**%@@%:.
        0x00, 0xA9, 0xFF, 0xFF, 0xFF, 0xFF, 0xFF, 0xFF, 0xF7, 0x58, 0x00, 0x00, // .*@@@@@@%-..
        0x00, 0xA9, 0xFF, 0xFF, 0xFF, 0xF4, 0xCF, 0x8D, 0x23, 0x00, 0x00, 0x00, // .*@@@%#+:...
        0x00, 0x00, 0x00, 0x00, 0x00, 0x00, 0x00, 0x00, 0x00, 0x00, 0x00, 0x00, // ............
        0x00, 0x00, 0x00, 0x00, 0x00, 0x00, 0x00, 0x00, 0x00, 0x00, 0x00, 0x00, // ............
        0x00, 0x00, 0x00, 0x00, 0x00, 0x00, 0x00, 0x00, 0x00, 0x00, 0x00, 0x00, // ............
        0x00, 0x00, 0x00, 0x00, 0x00, 0x00, 0x00, 0x00, 0x00, 0x00, 0x00, 0x00, // ............
        0x00, 0x00, 0x00, 0x00, 0x00, 0x00, 0x00, 0x00, 0x00, 0x00, 0x00, 0x00, // ............
    ],
    // 0x45 'E'
    [
        0x00, 0x00, 0x00, 0x00, 0x00, 0x00, 0x00, 0x00, 0x00, 0x00, 0x00, 0x00, // ............
        0x00, 0x00, 0x00, 0x00, 0x00, 0x00, 0x00, 0x00, 0x00, 0x00, 0x00, 0x00, // ............
        0x00, 0x00, 0x00, 0x00, 0x00, 0x00, 0x00, 0x00, 0x00, 0x00, 0x00, 0x00, // ............
        0x00, 0x00, 0x00, 0x00, 0x00, 0x00, 0x00, 0x00, 0x00, 0x00, 0x00, 0x00, // ............
        0x00, 0x34, 0x8F, 0x8F, 0x8F, 0x8F, 0x8F, 0x8F, 0x8F, 0x8F, 0x68, 0x00, // .:++++++++=.
        0x00, 0x5C, 0xFF, 0xFF, 0xFF, 0xFF, 0xFF, 0xFF, 0xFF, 0xFF, 0xB8, 0x00, // .-@@@@@@@@*.
        0x00, 0x5C, 0xFF, 0xFF, 0xF7, 0xEF, 0xEF, 0xEF, 0xEF, 0xEF, 0xAD, 0x00, // .-@@%%%%%%*.
        0x00, 0x5C, 0xFF, 0xFF, 0x85, 0x00, 0x00, 0x00, 0x00, 0x00, 0x00, 0x00, // .-@@+.......
        0x00, 0x5C, 0xFF, 0xFF, 0x85, 0x00, 0x00, 0x00, 0x00, 0x00, 0x00, 0x00, // .-@@+.......
        0x00, 0x5C, 0xFF, 0xFF, 0x85, 0x00, 0x00, 0x00, 0x00, 0x00, 0x00, 0x00, // .-@@+.......
        0x00, 0x5C, 0xFF, 0xFF, 0xF0, 0xDF, 0xDF, 0xDF, 0xDF, 0xDF, 0x1F, 0x00, // .-@@%#####..
        0x00, 0x5C, 0xFF, 0xFF, 0xFF, 0xFF, 0xFF, 0xFF, 0xFF, 0xFF, 0x23, 0x00, // .-@@@@@@@@:.
        0x00, 0x5C, 0xFF, 0xFF, 0xD1, 0x9F, 0x9F, 0x9F, 0x9F, 0x9F, 0x16, 0x00, // .-@@#+++++..
        0x00, 0x5C, 0xFF, 0xFF, 0x85, 0x00, 0x00, 0x00, 0x00, 0x00, 0x00, 0x00, // .-@@+.......
        0x00, 0x5C, 0xFF, 0xFF, 0x85, 0x00, 0x00, 0x00, 0x00, 0x00, 0x00, 0x00, // .-@@+.......
        0x00, 0x5C, 0xFF, 0xFF, 0x85, 0x00, 0x00, 0x00, 0x00, 0x00, 0x00, 0x00, // .-@@+.......
        0x00, 0x5C, 0xFF, 0xFF, 0xCA, 0x8F, 0x8F, 0x8F, 0x8F, 0x8F, 0x68, 0x00, // .-@@#+++++=.
        0x00, 0x5C, 0xFF, 0xFF, 0xFF, 0xFF, 0xFF, 0xFF, 0xFF, 0xFF, 0xB8, 0x00, // .-@@@@@@@@*.
        0x00, 0x5C, 0xFF, 0xFF, 0xFF, 0xFF, 0xFF, 0xFF, 0xFF, 0xFF, 0xB8, 0x00, // .-@@@@@@@@*.
        0x00, 0x00, 0x00, 0x00, 0x00, 0x00, 0x00, 0x00, 0x00, 0x00, 0x00, 0x00, // ............
        0x00, 0x00, 0x00, 0x00, 0x00, 0x00, 0x00, 0x00, 0x00, 0x00, 0x00, 0x00, // ............
        0x00, 0x00, 0x00, 0x00, 0x00, 0x00, 0x00, 0x00, 0x00, 0x00, 0x00, 0x00, // ............
        0x00, 0x00, 0x00, 0x00, 0x00, 0x00, 0x00, 0x00, 0x00, 0x00, 0x00, 0x00, // ............
        0x00, 0x00, 0x00, 0x00, 0x00, 0x00, 0x00, 0x00, 0x00, 0x00, 0x00, 0x00, // ............
    ],
    // 0x46 'F'
    [
        0x00, 0x00, 0x00, 0x00, 0x00, 0x00, 0x00, 0x00, 0x00, 0x00, 0x00, 0x00, // ............
        0x00, 0x00, 0x00, 0x00, 0x00, 0x00, 0x00, 0x00, 0x00, 0x00, 0x00, 0x00, // ............
        0x00, 0x00, 0x00, 0x00, 0x00, 0x00, 0x00, 0x00, 0x00, 0x00, 0x00, 0x00, // ............
        0x00, 0x00, 0x00, 0x00, 0x00, 0x00, 0x00, 0x00, 0x00, 0x00, 0x00, 0x00, // ............
        0x00, 0x20, 0x8F, 0x8F, 0x8F, 0x8F, 0x8F, 0x8F, 0x8F, 0x8F, 0x7B, 0x00, // .:++++++++=.
        0x00, 0x39, 0xFF, 0xFF, 0xFF, 0xFF, 0xFF, 0xFF, 0xFF, 0xFF, 0xDB, 0x00, // .:@@@@@@@@#.
        0x00, 0x39, 0xFF, 0xFF, 0xFA, 0xEF, 0xEF, 0xEF, 0xEF, 0xEF, 0xCD, 0x00, // .:@@%%%%%%#.
        0x00, 0x39, 0xFF, 0xFF, 0xA8, 0x00, 0x00, 0x00, 0x00, 0x00, 0x00, 0x00, // .:@@*.......
        0x00, 0x39, 0xFF, 0xFF, 0xA8, 0x00, 0x00, 0x00, 0x00, 0x00, 0x00, 0x00, // .:@@*.......
        0x00, 0x39, 0xFF, 0xFF, 0xA8, 0x00, 0x00, 0x00, 0x00, 0x00, 0x00, 0x00, // .:@@*.......
        0x00, 0x39, 0xFF, 0xFF, 0xEF, 0xCF, 0xCF, 0xCF, 0xCF, 0xCF, 0x3F, 0x00, // .:@@%#####:.
        0x00, 0x39, 0xFF, 0xFF, 0xFF, 0xFF, 0xFF, 0xFF, 0xFF, 0xFF, 0x4D, 0x00, // .:@@@@@@@@-.
        0x00, 0x39, 0xFF, 0xFF, 0xE9, 0xBF, 0xBF, 0xBF, 0xBF, 0xBF, 0x3A, 0x00, // .:@@%*****:.
        0x00, 0x39, 0xFF, 0xFF, 0xA8, 0x00, 0x00, 0x00, 0x00, 0x00, 0x00, 0x00, // .:@@*.......
        0x00, 0x39, 0xFF, 0xFF, 0xA8, 0x00, 0x00, 0x00, 0x00, 0x00, 0x00, 0x00, // .:@@*.......
        0x00, 0x39, 0xFF, 0xFF, 0xA8, 0x00, 0x00, 0x00, 0x00, 0x00, 0x00, 0x00, // .:@@*.......
        0x00, 0x39, 0xFF, 0xFF, 0xA8, 0x00, 0x00, 0x00, 0x00, 0x00, 0x00, 0x00, // .:@@*.......
        0x00, 0x39, 0xFF, 0xFF, 0xA8, 0x00, 0x00, 0x00, 0x00, 0x00, 0x00, 0x00, // .:@@*.......
        0x00, 0x39, 0xFF, 0xFF, 0xA8, 0x00, 0x00, 0x00, 0x00, 0x00, 0x00, 0x00, // .:@@*.......
        0x00, 0x00, 0x00, 0x00, 0x00, 0x00, 0x00, 0x00, 0x00, 0x00, 0x00, 0x00, // ............
        0x00, 0x00, 0x00, 0x00, 0x00, 0x00, 0x00, 0x00, 0x00, 0x00, 0x00, 0x00, // ............
        0x00, 0x00, 0x00, 0x00, 0x00, 0x00, 0x00, 0x00, 0x00, 0x00, 0x00, 0x00, // ............
        0x00, 0x00, 0x00, 0x00, 0x00, 0x00, 0x00, 0x00, 0x00, 0x00, 0x00, 0x00, // ............
        0x00, 0x00, 0x00, 0x00, 0x00, 0x00, 0x00, 0x00, 0x00, 0x00, 0x00, 0x00, // ............
    ],
    // 0x47 'G'
    [
        0x00, 0x00, 0x00, 0x00, 0x00, 0x00, 0x00, 0x00, 0x00, 0x00, 0x00, 0x00, // ............
        0x00, 0x00, 0x00, 0x00, 0x00, 0x00, 0x00, 0x00, 0x00, 0x00, 0x00, 0x00, // ............
        0x00, 0x00, 0x00, 0x00, 0x00, 0x00, 0x00, 0x00, 0x00, 0x00, 0x00, 0x00, // ............
        0x00, 0x00, 0x00, 0x00, 0x00, 0x00, 0x00, 0x00, 0x00, 0x00, 0x00, 0x00, // ............
        0x00, 0x00, 0x00, 0x00, 0x4C, 0xA5, 0xCC, 0xCF, 0xB2, 0x64, 0x07, 0x00, // ....-*##*=..
        0x00, 0x00, 0x06, 0xAB, 0xFF, 0xFF, 0xFF, 0xFF, 0xFF, 0xFF, 0x81, 0x00, // ...*@@@@@@+.
        0x00, 0x00, 0x91, 0xFF, 0xFF, 0xFF, 0xDE, 0xC0, 0xE5, 0xFF, 0x84, 0x00, // ..+@@@##%@+.
        0x00, 0x21, 0xFC, 0xFF, 0xFE, 0x66, 0x00, 0x00, 0x02, 0x5F, 0x7C, 0x00, // .:%@%=...-=.
        0x00, 0x77, 0xFF, 0xFF, 0xAF, 0x00, 0x00, 0x00, 0x00, 0x00, 0x0B, 0x00, // .=@@*.......
        0x00, 0xAF, 0xFF, 0xFF, 0x5C, 0x00, 0x00, 0x00, 0x00, 0x00, 0x00, 0x00, // .*@@-.......
        0x00, 0xCD, 0xFF, 0xFF, 0x33, 0x00, 0x00, 0x00, 0x00, 0x00, 0x00, 0x00, // .#@@:.......
        0x00, 0xD9, 0xFF, 0xFF, 0x25, 0x00, 0x5F, 0xCF, 0xCF, 0xCF, 0xCF, 0x07, // .#@@:.-####.
        0x00, 0xD5, 0xFF, 0xFF, 0x2B, 0x00, 0x75, 0xFF, 0xFF, 0xFF, 0xFF, 0x09, // .#@@:.=@@@@.
        0x00, 0xBF, 0xFF, 0xFF, 0x47, 0x00, 0x42, 0x8F, 0xC5, 0xFF, 0xFF, 0x09, // .*@@-.-+#@@.
        0x00, 0x92, 0xFF, 0xFF, 0x84, 0x00, 0x00, 0x00, 0x7C, 0xFF, 0xFF, 0x09, // .+@@+...=@@.
        0x00, 0x48, 0xFF, 0xFF, 0xE8, 0x14, 0x00, 0x00, 0x7C, 0xFF, 0xFF, 0x09, // .-@@%...=@@.
        0x00, 0x02, 0xD3, 0xFF, 0xFF, 0xD7, 0x65, 0x54, 0xBC, 0xFF, 0xFF, 0x09, // ..#@@#=-*@@.
        0x00, 0x00, 0x32, 0xF2, 0xFF, 0xFF, 0xFF, 0xFF, 0xFF, 0xFF, 0xFC, 0x08, // ..:%@@@@@@%.
        0x00, 0x00, 0x00, 0x2D, 0xC1, 0xFF, 0xFF, 0xFF, 0xFF, 0xC9, 0x3F, 0x00, // ...:#@@@@#:.
        0x00, 0x00, 0x00, 0x00, 0x00, 0x1B, 0x3E, 0x43, 0x1D, 0x00, 0x00, 0x00, // ......:-....
        0x00, 0x00, 0x00, 0x00, 0x00, 0x00, 0x00, 0x00, 0x00, 0x00, 0x00, 0x00, // ............
        0x00, 0x00, 0x00, 0x00, 0x00, 0x00, 0x00, 0x00, 0x00, 0x00, 0x00, 0x00, // ............
        0x00, 0x00, 0x00, 0x00, 0x00, 0x00, 0x00, 0x00, 0x00, 0x00, 0x00, 0x00, // ............
        0x00, 0x00, 0x00, 0x00, 0x00, 0x00, 0x00, 0x00, 0x00, 0x00, 0x00, 0x00, // ............
    ],
    // 0x48 'H'
    [
        0x00, 0x00, 0x00, 0x00, 0x00, 0x00, 0x00, 0x00, 0x00, 0x00, 0x00, 0x00, // ............
        0x00, 0x00, 0x00, 0x00, 0x00, 0x00, 0x00, 0x00, 0x00, 0x00, 0x00, 0x00, // ............
        0x00, 0x00, 0x00, 0x00, 0x00, 0x00, 0x00, 0x00, 0x00, 0x00, 0x00, 0x00, // ............
        0x00, 0x00, 0x00, 0x00, 0x00, 0x00, 0x00, 0x00, 0x00, 0x00, 0x00, 0x00, // ............
        0x00, 0x5F, 0x8F, 0x8F, 0x1F, 0x00, 0x00, 0x19, 0x8F, 0x8F, 0x65, 0x00, // .-++....++=.
        0x00, 0xA9, 0xFF, 0xFF, 0x38, 0x00, 0x00, 0x2D, 0xFF, 0xFF, 0xB3, 0x00, // .*@@:..:@@*.
        0x00, 0xA9, 0xFF, 0xFF, 0x38, 0x00, 0x00, 0x2D, 0xFF, 0xFF, 0xB3, 0x00, // .*@@:..:@@*.
        0x00, 0xA9, 0xFF, 0xFF, 0x38, 0x00, 0x00, 0x2D, 0xFF, 0xFF, 0xB3, 0x00, // .*@@:..:@@*.
        0x00, 0xA9, 0xFF, 0xFF, 0x38, 0x00, 0x00, 0x2D, 0xFF, 0xFF, 0xB3, 0x00, // .*@@:..:@@*.
        0x00, 0xA9, 0xFF, 0xFF, 0x38, 0x00, 0x00, 0x2D, 0xFF, 0xFF, 0xB3, 0x00, // .*@@:..:@@*.
        0x00, 0xA9, 0xFF, 0xFF, 0xFF, 0xFF, 0xFF, 0xFF, 0xFF, 0xFF, 0xB3, 0x00, // .*@@@@@@@@*.
        0x00, 0xA9, 0xFF, 0xFF, 0xFF, 0xFF, 0xFF, 0xFF, 0xFF, 0xFF, 0xB3, 0x00, // .*@@@@@@@@*.
        0x00, 0xA9, 0xFF, 0xFF, 0x9B, 0x80, 0x80, 0x96, 0xFF, 0xFF, 0xB3, 0x00, // .*@@++++@@*.
        0x00, 0xA9, 0xFF, 0xFF, 0x38, 0x00, 0x00, 0x2D, 0xFF, 0xFF, 0xB3, 0x00, // .*@@:..:@@*.
        0x00, 0xA9, 0xFF, 0xFF, 0x38, 0x00, 0x00, 0x2D, 0xFF, 0xFF, 0xB3, 0x00, // .*@@:..:@@*.
        0x00, 0xA9, 0xFF, 0xFF, 0x38, 0x00, 0x00, 0x2D, 0xFF, 0xFF, 0xB3, 0x00, // .*@@:..:@@*.
        0x00, 0xA9, 0xFF, 0xFF, 0x38, 0x00, 0x00, 0x2D, 0xFF, 0xFF, 0xB3, 0x00, // .*@@:..:@@*.
        0x00, 0xA9, 0xFF, 0xFF, 0x38, 0x00, 0x00, 0x2D, 0xFF, 0xFF, 0xB3, 0x00, // .*@@:..:@@*.
        0x00, 0xA9, 0xFF, 0xFF, 0x38, 0x00, 0x00, 0x2D, 0xFF, 0xFF, 0xB3, 0x00, // .*@@:..:@@*.
        0x00, 0x00, 0x00, 0x00, 0x00, 0x00, 0x00, 0x00, 0x00, 0x00, 0x00, 0x00, // ............
        0x00, 0x00, 0x00, 0x00, 0x00, 0x00, 0x00, 0x00, 0x00, 0x00, 0x00, 0x00, // ............
        0x00, 0x00, 0x00, 0x00, 0x00, 0x00, 0x00, 0x00, 0x00, 0x00, 0x00, 0x00, // ............
        0x00, 0x00, 0x00, 0x00, 0x00, 0x00, 0x00, 0x00, 0x00, 0x00, 0x00, 0x00, // ............
        0x00, 0x00, 0x00, 0x00, 0x00, 0x00, 0x00, 0x00, 0x00, 0x00, 0x00, 0x00, // ............
    ],
    // 0x49 'I'
    [
        0x00, 0x00, 0x00, 0x00, 0x00, 0x00, 0x00, 0x00, 0x00, 0x00, 0x00, 0x00, // ............
        0x00, 0x00, 0x00, 0x00, 0x00, 0x00, 0x00, 0x00, 0x00, 0x00, 0x00, 0x00, // ............
        0x00, 0x00, 0x00, 0x00, 0x00, 0x00, 0x00, 0x00, 0x00, 0x00, 0x00, 0x00, // ............
        0x00, 0x00, 0x00, 0x00, 0x00, 0x00, 0x00, 0x00, 0x00, 0x00, 0x00, 0x00, // ............
        0x00, 0x2E, 0x8F, 0x8F, 0x8F, 0x8F, 0x8F, 0x8F, 0x8F, 0x8F, 0x34, 0x00, // .:++++++++:.
        0x00, 0x52, 0xFF, 0xFF, 0xFF, 0xFF, 0xFF, 0xFF, 0xFF, 0xFF, 0x5C, 0x00, // .-@@@@@@@@-.
        0x00, 0x4D, 0xEF, 0xEF, 0xF6, 0xFF, 0xFF, 0xF6, 0xEF, 0xEF, 0x56, 0x00, // .-%%%@@%%%-.
        0x00, 0x00, 0x00, 0x00, 0x6B, 0xFF, 0xFF, 0x76, 0x00, 0x00, 0x00, 0x00, // ....=@@=....
        0x00, 0x00, 0x00, 0x00, 0x6B, 0xFF, 0xFF, 0x76, 0x00, 0x00, 0x00, 0x00, // ....=@@=....
        0x00, 0x00, 0x00, 0x00, 0x6B, 0xFF, 0xFF, 0x76, 0x00, 0x00, 0x00, 0x00, // ....=@@=....
        0x00, 0x00, 0x00, 0x00, 0x6B, 0xFF, 0xFF, 0x76, 0x00, 0x00, 0x00, 0x00, // ....=@@=....
        0x00, 0x00, 0x00, 0x00, 0x6B, 0xFF, 0xFF, 0x76, 0x00, 0x00, 0x00, 0x00, // ....=@@=....
        0x00, 0x00, 0x00, 0x00, 0x6B, 0xFF, 0xFF, 0x76, 0x00, 0x00, 0x00, 0x00, // ....=@@=....
        0x00, 0x00, 0x00, 0x00, 0x6B, 0xFF, 0xFF, 0x76, 0x00, 0x00, 0x00, 0x00, // ....=@@=....
        0x00, 0x00, 0x00, 0x00, 0x6B, 0xFF, 0xFF, 0x76, 0x00, 0x00, 0x00, 0x00, // ....=@@=....
        0x00, 0x00, 0x00, 0x00, 0x6B, 0xFF, 0xFF, 0x76, 0x00, 0x00, 0x00, 0x00, // ....=@@=....
        0x00, 0x2E, 0x8F, 0x8F, 0xBE, 0xFF, 0xFF, 0xC3, 0x8F, 0x8F, 0x34, 0x00, // .:++*@@#++:.
        0x00, 0x52, 0xFF, 0xFF, 0xFF, 0xFF, 0xFF, 0xFF, 0xFF, 0xFF, 0x5C, 0x00, // .-@@@@@@@@-.
        0x00, 0x52, 0xFF, 0xFF, 0xFF, 0xFF, 0xFF, 0xFF, 0xFF, 0xFF, 0x5C, 0x00, // .-@@@@@@@@-.
        0x00, 0x00, 0x00, 0x00, 0x00, 0x00, 0x00, 0x00, 0x00, 0x00, 0x00, 0x00, // ............
        0x00, 0x00, 0x00, 0x00, 0x00, 0x00, 0x00, 0x00, 0x00, 0x00, 0x00, 0x00, // ............
        0x00, 0x00, 0x00, 0x00, 0x00, 0x00, 0x00, 0x00, 0x00, 0x00, 0x00, 0x00, // ............
        0x00, 0x00, 0x00, 0x00, 0x00, 0x00, 0x00, 0x00, 0x00, 0x00, 0x00, 0x00, // ............
        0x00, 0x00, 0x00, 0x00, 0x00, 0x00, 0x00, 0x00, 0x00, 0x00, 0x00, 0x00, // ............
    ],
    // 0x4A 'J'
    [
        0x00, 0x00, 0x00, 0x00, 0x00, 0x00, 0x00, 0x00, 0x00, 0x00, 0x00, 0x00, // ............
        0x00, 0x00, 0x00, 0x00, 0x00, 0x00, 0x00, 0x00, 0x00, 0x00, 0x00, 0x00, // ............
        0x00, 0x00, 0x00, 0x00, 0x00, 0x00, 0x00, 0x00, 0x00, 0x00, 0x00, 0x00, // ............
        0x00, 0x00, 0x00, 0x00, 0x00, 0x00, 0x00, 0x00, 0x00, 0x00, 0x00, 0x00, // ............
        0x00, 0x00, 0x00, 0x51, 0x8F, 0x8F, 0x8F, 0x8F, 0x8F, 0x79, 0x00, 0x00, // ...-+++++=..
        0x00, 0x00, 0x00, 0x8F, 0xFF, 0xFF, 0xFF, 0xFF, 0xFF, 0xD7, 0x00, 0x00, // ...+@@@@@#..
        0x00, 0x00, 0x00, 0x86, 0xEF, 0xEF, 0xF0, 0xFF, 0xFF, 0xD7, 0x00, 0x00, // ...+%%%@@#..
        0x00, 0x00, 0x00, 0x00, 0x00, 0x00, 0x09, 0xFF, 0xFF, 0xD7, 0x00, 0x00, // .......@@#..
        0x00, 0x00, 0x00, 0x00, 0x00, 0x00, 0x09, 0xFF, 0xFF, 0xD7, 0x00, 0x00, // .......@@#..
        0x00, 0x00, 0x00, 0x00, 0x00, 0x00, 0x09, 0xFF, 0xFF, 0xD7, 0x00, 0x00, // .......@@#..
        0x00, 0x00, 0x00, 0x00, 0x00, 0x00, 0x09, 0xFF, 0xFF, 0xD7, 0x00, 0x00, // .......@@#..
        0x00, 0x00, 0x00, 0x00, 0x00, 0x00, 0x09, 0xFF, 0xFF, 0xD7, 0x00, 0x00, // .......@@#..
        0x00, 0x00, 0x00, 0x00, 0x00, 0x00, 0x09, 0xFF, 0xFF, 0xD7, 0x00, 0x00, // .......@@#..
        0x00, 0x00, 0x00, 0x00, 0x00, 0x00, 0x09, 0xFF, 0xFF, 0xD7, 0x00, 0x00, // .......@@#..
        0x00, 0x00, 0x00, 0x00, 0x00, 0x00, 0x0C, 0xFF, 0xFF, 0xD6, 0x00, 0x00, // .......@@#..
        0x00, 0x96, 0x0C, 0x00, 0x00, 0x00, 0x3A, 0xFF, 0xFF, 0xC5, 0x00, 0x00, // .+....:@@#..
        0x00, 0xEF, 0xE6, 0x83, 0x53, 0x64, 0xDB, 0xFF, 0xFF, 0x95, 0x00, 0x00, // .%%+-=#@@+..
        0x00, 0xEF, 0xFF, 0xFF, 0xFF, 0xFF, 0xFF, 0xFF, 0xFB, 0x30, 0x00, 0x00, // .%@@@@@@%:..
        0x00, 0x74, 0xD9, 0xFF, 0xFF, 0xFF, 0xFF, 0xE3, 0x53, 0x00, 0x00, 0x00, // .=#@@@@%-...
        0x00, 0x00, 0x00, 0x1D, 0x40, 0x44, 0x2A, 0x02, 0x00, 0x00, 0x00, 0x00, // ....--:.....
        0x00, 0x00, 0x00, 0x00, 0x00, 0x00, 0x00, 0x00, 0x00, 0x00, 0x00, 0x00, // ............
        0x00, 0x00, 0x00, 0x00, 0x00, 0x00, 0x00, 0x00, 0x00, 0x00, 0x00, 0x00, // ............
        0x00, 0x00, 0x00, 0x00, 0x00, 0x00, 0x00, 0x00, 0x00, 0x00, 0x00, 0x00, // ............
        0x00, 0x00, 0x00, 0x00, 0x00, 0x00, 0x00, 0x00, 0x00, 0x00, 0x00, 0x00, // ............
    ],
    // 0x4B 'K'
    [
        0x00, 0x00, 0x00, 0x00, 0x00, 0x00, 0x00, 0x00, 0x00, 0x00, 0x00, 0x00, // ............
        0x00, 0x00, 0x00, 0x00, 0x00, 0x00, 0x00, 0x00, 0x00, 0x00, 0x00, 0x00, // ............
        0x00, 0x00, 0x00, 0x00, 0x00, 0x00, 0x00, 0x00, 0x00, 0x00, 0x00, 0x00, // ............
        0x00, 0x00, 0x00, 0x00, 0x00, 0x00, 0x00, 0x00, 0x00, 0x00, 0x00, 0x00, // ............
        0x00, 0x7B, 0x8F, 0x8F, 0x03, 0x00, 0x00, 0x00, 0x64, 0x8F, 0x8F, 0x50, // .=++....=++-
        0x00, 0xDB, 0xFF, 0xFF, 0x06, 0x00, 0x00, 0x50, 0xFE, 0xFF, 0xDC, 0x12, // .#@@...-%@#.
        0x00, 0xDB, 0xFF, 0xFF, 0x06, 0x00, 0x26, 0xF1, 0xFF, 0xF3, 0x2D, 0x00, // .#@@..:%@%:.
        0x00, 0xDB, 0xFF, 0xFF, 0x06, 0x0C, 0xD4, 0xFF, 0xFE, 0x55, 0x00, 0x00, // .#@@..#@%-..
        0x00, 0xDB, 0xFF, 0xFF, 0x06, 0xA8, 0xFF, 0xFF, 0x87, 0x00, 0x00, 0x00, // .#@@.*@@+...
        0x00, 0xDB, 0xFF, 0xFF, 0x77, 0xFF, 0xFF, 0xB7, 0x03, 0x00, 0x00, 0x00, // .#@@=@@*....
        0x00, 0xDB, 0xFF, 0xFF, 0xFC, 0xFF, 0xFF, 0x65, 0x00, 0x00, 0x00, 0x00, // .#@@%@@=....
        0x00, 0xDB, 0xFF, 0xFF, 0xFF, 0xFF, 0xFF, 0xE2, 0x08, 0x00, 0x00, 0x00, // .#@@@@@%....
        0x00, 0xDB, 0xFF, 0xFF, 0xFC, 0xCD, 0xFF, 0xFF, 0x75, 0x00, 0x00, 0x00, // .#@@%#@@=...
        0x00, 0xDB, 0xFF, 0xFF, 0x76, 0x27, 0xFB, 0xFF, 0xED, 0x11, 0x00, 0x00, // .#@@=:%@%...
        0x00, 0xDB, 0xFF, 0xFF, 0x06, 0x00, 0x9C, 0xFF, 0xFF, 0x89, 0x00, 0x00, // .#@@..+@@+..
        0x00, 0xDB, 0xFF, 0xFF, 0x06, 0x00, 0x1D, 0xF7, 0xFF, 0xF6, 0x1C, 0x00, // .#@@...%@%..
        0x00, 0xDB, 0xFF, 0xFF, 0x06, 0x00, 0x00, 0x8E, 0xFF, 0xFF, 0x9D, 0x00, // .#@@...+@@+.
        0x00, 0xDB, 0xFF, 0xFF, 0x06, 0x00, 0x00, 0x15, 0xF2, 0xFF, 0xFC, 0x2A, // .#@@....%@%:
        0x00, 0xDB, 0xFF, 0xFF, 0x06, 0x00, 0x00, 0x00, 0x80, 0xFF, 0xFF, 0xB1, // .#@@....+@@*
        0x00, 0x00, 0x00, 0x00, 0x00, 0x00, 0x00, 0x00, 0x00, 0x00, 0x00, 0x00, // ............
        0x00, 0x00, 0x00, 0x00, 0x00, 0x00, 0x00, 0x00, 0x00, 0x00, 0x00, 0x00, // ............
        0x00, 0x00, 0x00, 0x00, 0x00, 0x00, 0x00, 0x00, 0x00, 0x00, 0x00, 0x00, // ............
        0x00, 0x00, 0x00, 0x00, 0x00, 0x00, 0x00, 0x00, 0x00, 0x00, 0x00, 0x00, // ............
        0x00, 0x00, 0x00, 0x00, 0x00, 0x00, 0x00, 0x00, 0x00, 0x00, 0x00, 0x00, // ............
    ],
    // 0x4C 'L'
    [
        0x00, 0x00, 0x00, 0x00, 0x00, 0x00, 0x00, 0x00, 0x00, 0x00, 0x00, 0x00, // ............
        0x00, 0x00, 0x00, 0x00, 0x00, 0x00, 0x00, 0x00, 0x00, 0x00, 0x00, 0x00, // ............
        0x00, 0x00, 0x00, 0x00, 0x00, 0x00, 0x00, 0x00, 0x00, 0x00, 0x00, 0x00, // ............
        0x00, 0x00, 0x00, 0x00, 0x00, 0x00, 0x00, 0x00, 0x00, 0x00, 0x00, 0x00, // ............
        0x00, 0x00, 0x73, 0x8F, 0x8F, 0x0B, 0x00, 0x00, 0x00, 0x00, 0x00, 0x00, // ..=++.......
        0x00, 0x00, 0xCD, 0xFF, 0xFF, 0x14, 0x00, 0x00, 0x00, 0x00, 0x00, 0x00, // ..#@@.......
        0x00, 0x00, 0xCD, 0xFF, 0xFF, 0x14, 0x00, 0x00, 0x00, 0x00, 0x00, 0x00, // ..#@@.......
        0x00, 0x00, 0xCD, 0xFF, 0xFF, 0x14, 0x00, 0x00, 0x00, 0x00, 0x00, 0x00, // ..#@@.......
        0x00, 0x00, 0xCD, 0xFF, 0xFF, 0x14, 0x00, 0x00, 0x00, 0x00, 0x00, 0x00, // ..#@@.......
        0x00, 0x00, 0xCD, 0xFF, 0xFF, 0x14, 0x00, 0x00, 0x00, 0x00, 0x00, 0x00, // ..#@@.......
        0x00, 0x00, 0xCD, 0xFF, 0xFF, 0x14, 0x00, 0x00, 0x00, 0x00, 0x00, 0x00, // ..#@@.......
        0x00, 0x00, 0xCD, 0xFF, 0xFF, 0x14, 0x00, 0x00, 0x00, 0x00, 0x00, 0x00, // ..#@@.......
        0x00, 0x00, 0xCD, 0xFF, 0xFF, 0x14, 0x00, 0x00, 0x00, 0x00, 0x00, 0x00, // ..#@@.......
        0x00, 0x00, 0xCD, 0xFF, 0xFF, 0x14, 0x00, 0x00, 0x00, 0x00, 0x00, 0x00, // ..#@@.......
        0x00, 0x00, 0xCD, 0xFF, 0xFF, 0x14, 0x00, 0x00, 0x00, 0x00, 0x00, 0x00, // ..#@@.......
        0x00, 0x00, 0xCD, 0xFF, 0xFF, 0x14, 0x00, 0x00, 0x00, 0x00, 0x00, 0x00, // ..#@@.......
        0x00, 0x00, 0xCD, 0xFF, 0xFF, 0x98, 0x8F, 0x8F, 0x8F, 0x8F, 0x8F, 0x22, // ..#@@++++++:
        0x00, 0x00, 0xCD, 0xFF, 0xFF, 0xFF, 0xFF, 0xFF, 0xFF, 0xFF, 0xFF, 0x3D, // ..#@@@@@@@@:
        0x00, 0x00, 0xCD, 0xFF, 0xFF, 0xFF, 0xFF, 0xFF, 0xFF, 0xFF, 0xFF, 0x3D, // ..#@@@@@@@@:
        0x00, 0x00, 0x00, 0x00, 0x00, 0x00, 0x00, 0x00, 0x00, 0x00, 0x00, 0x00, // ............
        0x00, 0x00, 0x00, 0x00, 0x00, 0x00, 0x00, 0x00, 0x00, 0x00, 0x00, 0x00, // ............
        0x00, 0x00, 0x00, 0x00, 0x00, 0x00, 0x00, 0x00, 0x00, 0x00, 0x00, 0x00, // ............
        0x00, 0x00, 0x00, 0x00, 0x00, 0x00, 0x00, 0x00, 0x00, 0x00, 0x00, 0x00, // ............
        0x00, 0x00, 0x00, 0x00, 0x00, 0x00, 0x00, 0x00, 0x00, 0x00, 0x00, 0x00, // ............
    ],
    // 0x4D 'M'
    [
        0x00, 0x00, 0x00, 0x00, 0x00, 0x00, 0x00, 0x00, 0x00, 0x00, 0x00, 0x00, // ............
        0x00, 0x00, 0x00, 0x00, 0x00, 0x00, 0x00, 0x00, 0x00, 0x00, 0x00, 0x00, // ............
        0x00, 0x00, 0x00, 0x00, 0x00, 0x00, 0x00, 0x00, 0x00, 0x00, 0x00, 0x00, // ............
        0x00, 0x00, 0x00, 0x00, 0x00, 0x00, 0x00, 0x00, 0x00, 0x00, 0x00, 0x00, // ............
        0x17, 0x8F, 0x8F, 0x8F, 0x33, 0x00, 0x00, 0x30, 0x8F, 0x8F, 0x8F, 0x1D, // .+++:..:+++.
        0x29, 0xFF, 0xFF, 0xFF, 0x92, 0x00, 0x00, 0x8C, 0xFF, 0xFF, 0xFF, 0x33, // :@@@+..+@@@:
        0x29, 0xFF, 0xFF, 0xFF, 0xD7, 0x00, 0x00, 0xD1, 0xFF, 0xFF, 0xFF, 0x33, // :@@@#..#@@@:
        0x29, 0xFF, 0xFF, 0xF1, 0xFF, 0x1D, 0x18, 0xFE, 0xF1, 0xFF, 0xFF, 0x33, // :@@%@..%%@@:
        0x29, 0xFF, 0xFF, 0xB5, 0xFF, 0x62, 0x5B, 0xFF, 0xB6, 0xFF, 0xFF, 0x33, // :@@*@=-@*@@:
        0x29, 0xFF, 0xFF, 0x77, 0xFF, 0xA8, 0xA0, 0xFF, 0x79, 0xFF, 0xFF, 0x33, // :@@=@**@=@@:
        0x29, 0xFF, 0xFF, 0x52, 0xE5, 0xEB, 0xE5, 0xF0, 0x4A, 0xFF, 0xFF, 0x33, // :@@-%%%%-@@:
        0x29, 0xFF, 0xFF, 0x52, 0xA7, 0xFF, 0xFF, 0xB5, 0x47, 0xFF, 0xFF, 0x33, // :@@-*@@*-@@:
        0x29, 0xFF, 0xFF, 0x52, 0x69, 0xFF, 0xFF, 0x77, 0x47, 0xFF, 0xFF, 0x33, // :@@-=@@=-@@:
        0x29, 0xFF, 0xFF, 0x52, 0x24, 0xAF, 0xAF, 0x2E, 0x47, 0xFF, 0xFF, 0x33, // :@@-:**:-@@:
        0x29, 0xFF, 0xFF, 0x52, 0x00, 0x00, 0x00, 0x00, 0x47, 0xFF, 0xFF, 0x33, // :@@-....-@@:
        0x29, 0xFF, 0xFF, 0x52, 0x00, 0x00, 0x00, 0x00, 0x47, 0xFF, 0xFF, 0x33, // :@@-....-@@:
        0x29, 0xFF, 0xFF, 0x52, 0x00, 0x00, 0x00, 0x00, 0x47, 0xFF, 0xFF, 0x33, // :@@-....-@@:
        0x29, 0xFF, 0xFF, 0x52, 0x00, 0x00, 0x00, 0x00, 0x47, 0xFF, 0xFF, 0x33, // :@@-....-@@:
        0x29, 0xFF, 0xFF, 0x52, 0x00, 0x00, 0x00, 0x00, 0x47, 0xFF, 0xFF, 0x33, // :@@-....-@@:
        0x00, 0x00, 0x00, 0x00, 0x00, 0x00, 0x00, 0x00, 0x00, 0x00, 0x00, 0x00, // ............
        0x00, 0x00, 0x00, 0x00, 0x00, 0x00, 0x00, 0x00, 0x00, 0x00, 0x00, 0x00, // ............
        0x00, 0x00, 0x00, 0x00, 0x00, 0x00, 0x00, 0x00, 0x00, 0x00, 0x00, 0x00, // ............
        0x00, 0x00, 0x00, 0x00, 0x00, 0x00, 0x00, 0x00, 0x00, 0x00, 0x00, 0x00, // ............
        0x00, 0x00, 0x00, 0x00, 0x00, 0x00, 0x00, 0x00, 0x00, 0x00, 0x00, 0x00, // ............
    ],
    // 0x4E 'N'
    [
        0x00, 0x00, 0x00, 0x00, 0x00, 0x00, 0x00, 0x00, 0x00, 0x00, 0x00, 0x00, // ............
        0x00, 0x00, 0x00, 0x00, 0x00, 0x00, 0x00, 0x00, 0x00, 0x00, 0x00, 0x00, // ............
        0x00, 0x00, 0x00, 0x00, 0x00, 0x00, 0x00, 0x00, 0x00, 0x00, 0x00, 0x00, // ............
        0x00, 0x00, 0x00, 0x00, 0x00, 0x00, 0x00, 0x00, 0x00, 0x00, 0x00, 0x00, // ............
        0x00, 0x78, 0x8F, 0x8F, 0x35, 0x00, 0x00, 0x00, 0x61, 0x8F, 0x7B, 0x00, // .=++:...=+=.
        0x00, 0xD6, 0xFF, 0xFF, 0xAB, 0x00, 0x00, 0x00, 0xAD, 0xFF, 0xDB, 0x00, // .#@@*...*@#.
        0x00, 0xD6, 0xFF, 0xFF, 0xF9, 0x14, 0x00, 0x00, 0xAD, 0xFF, 0xDB, 0x00, // .#@@%...*@#.
        0x00, 0xD6, 0xFF, 0xFF, 0xFF, 0x70, 0x00, 0x00, 0xAD, 0xFF, 0xDB, 0x00, // .#@@@=..*@#.
        0x00, 0xD6, 0xFF, 0xEE, 0xFF, 0xD2, 0x00, 0x00, 0xAD, 0xFF, 0xDB, 0x00, // .#@%@#..*@#.
        0x00, 0xD6, 0xFF, 0xB4, 0xDE, 0xFF, 0x34, 0x00, 0xAD, 0xFF, 0xDB, 0x00, // .#@*#@:.*@#.
        0x00, 0xD6, 0xFF, 0xB3, 0x7D, 0xFF, 0x96, 0x00, 0xAD, 0xFF, 0xDB, 0x00, // .#@*=@+.*@#.
        0x00, 0xD6, 0xFF, 0xB3, 0x1E, 0xFD, 0xEF, 0x09, 0xAD, 0xFF, 0xDB, 0x00, // .#@*.%%.*@#.
        0x00, 0xD6, 0xFF, 0xB3, 0x00, 0xB8, 0xFF, 0x5B, 0xAD, 0xFF, 0xDB, 0x00, // .#@*.*@-*@#.
        0x00, 0xD6, 0xFF, 0xB3, 0x00, 0x56, 0xFF, 0xBC, 0xAD, 0xFF, 0xDB, 0x00, // .#@*.-@**@#.
        0x00, 0xD6, 0xFF, 0xB3, 0x00, 0x07, 0xEC, 0xFD, 0xCE, 0xFF, 0xDB, 0x00, // .#@*..%%#@#.
        0x00, 0xD6, 0xFF, 0xB3, 0x00, 0x00, 0x90, 0xFF, 0xFF, 0xFF, 0xDB, 0x00, // .#@*..+@@@#.
        0x00, 0xD6, 0xFF, 0xB3, 0x00, 0x00, 0x2E, 0xFF, 0xFF, 0xFF, 0xDB, 0x00, // .#@*..:@@@#.
        0x00, 0xD6, 0xFF, 0xB3, 0x00, 0x00, 0x00, 0xCB, 0xFF, 0xFF, 0xDB, 0x00, // .#@*...#@@#.
        0x00, 0xD6, 0xFF, 0xB3, 0x00, 0x00, 0x00, 0x68, 0xFF, 0xFF, 0xDB, 0x00, // .#@*...=@@#.
        0x00, 0x00, 0x00, 0x00, 0x00, 0x00, 0x00, 0x00, 0x00, 0x00, 0x00, 0x00, // ............
        0x00, 0x00, 0x00, 0x00, 0x00, 0x00, 0x00, 0x00, 0x00, 0x00, 0x00, 0x00, // ............
        0x00, 0x00, 0x00, 0x00, 0x00, 0x00, 0x00, 0x00, 0x00, 0x00, 0x00, 0x00, // ............
        0x00, 0x00, 0x00, 0x00, 0x00, 0x00, 0x00, 0x00, 0x00, 0x00, 0x00, 0x00, // ............
        0x00, 0x00, 0x00, 0x00, 0x00, 0x00, 0x00, 0x00, 0x00, 0x00, 0x00, 0x00, // ............
    ],
    // 0x4F 'O'
    [
        0x00, 0x00, 0x00, 0x00, 0x00, 0x00, 0x00, 0x00, 0x00, 0x00, 0x00, 0x00, // ............
        0x00, 0x00, 0x00, 0x00, 0x00, 0x00, 0x00, 0x00, 0x00, 0x00, 0x00, 0x00, // ............
        0x00, 0x00, 0x00, 0x00, 0x00, 0x00, 0x00, 0x00, 0x00, 0x00, 0x00, 0x00, // ............
        0x00, 0x00, 0x00, 0x00, 0x00, 0x00, 0x00, 0x00, 0x00, 0x00, 0x00, 0x00, // ............
        0x00, 0x00, 0x00, 0x33, 0x9F, 0xCD, 0xCD, 0xA2, 0x36, 0x00, 0x00, 0x00, // ...:+##*:...
        0x00, 0x00, 0x59, 0xFB, 0xFF, 0xFF, 0xFF, 0xFF, 0xFC, 0x60, 0x00, 0x00, // ..-%@@@@%=..
        0x00, 0x19, 0xF3, 0xFF, 0xFF, 0xD8, 0xD6, 0xFF, 0xFF, 0xF7, 0x21, 0x00, // ..%@@##@@%:.
        0x00, 0x7E, 0xFF, 0xFF, 0xAA, 0x01, 0x01, 0xA0, 0xFF, 0xFF, 0x8A, 0x00, // .=@@*..*@@+.
        0x00, 0xC7, 0xFF, 0xFF, 0x37, 0x00, 0x00, 0x2D, 0xFF, 0xFF, 0xD2, 0x00, // .#@@:..:@@#.
        0x01, 0xF4, 0xFF, 0xFD, 0x07, 0x00, 0x00, 0x02, 0xF8, 0xFF, 0xFB, 0x04, // .%@%....%@%.
        0x0F, 0xFF, 0xFF, 0xEE, 0x00, 0x00, 0x00, 0x00, 0xE3, 0xFF, 0xFF, 0x19, // .@@%....%@@.
        0x18, 0xFF, 0xFF, 0xE6, 0x00, 0x00, 0x00, 0x00, 0xDB, 0xFF, 0xFF, 0x23, // .@@%....#@@:
        0x15, 0xFF, 0xFF, 0xE9, 0x00, 0x00, 0x00, 0x00, 0xDE, 0xFF, 0xFF, 0x1F, // .@@%....#@@.
        0x05, 0xFD, 0xFF, 0xF8, 0x01, 0x00, 0x00, 0x00, 0xEE, 0xFF, 0xFF, 0x0D, // .%@%....%@@.
        0x00, 0xDF, 0xFF, 0xFF, 0x1D, 0x00, 0x00, 0x13, 0xFF, 0xFF, 0xE9, 0x00, // .#@@....@@%.
        0x00, 0xA3, 0xFF, 0xFF, 0x6A, 0x00, 0x00, 0x60, 0xFF, 0xFF, 0xAE, 0x00, // .*@@=..=@@*.
        0x00, 0x46, 0xFF, 0xFF, 0xEF, 0x69, 0x66, 0xEC, 0xFF, 0xFF, 0x51, 0x00, // .-@@%==%@@-.
        0x00, 0x00, 0xB2, 0xFF, 0xFF, 0xFF, 0xFF, 0xFF, 0xFF, 0xBC, 0x01, 0x00, // ..*@@@@@@*..
        0x00, 0x00, 0x0B, 0xA0, 0xFD, 0xFF, 0xFF, 0xFD, 0xA5, 0x0E, 0x00, 0x00, // ...*%@@%*...
        0x00, 0x00, 0x00, 0x00, 0x16, 0x3F, 0x40, 0x17, 0x00, 0x00, 0x00, 0x00, // .....:-.....
        0x00, 0x00, 0x00, 0x00, 0x00, 0x00, 0x00, 0x00, 0x00, 0x00, 0x00, 0x00, // ............
        0x00, 0x00, 0x00, 0x00, 0x00, 0x00, 0x00, 0x00, 0x00, 0x00, 0x00, 0x00, // ............
        0x00, 0x00, 0x00, 0x00, 0x00, 0x00, 0x00, 0x00, 0x00, 0x00, 0x00, 0x00, // ............
        0x00, 0x00, 0x00, 0x00, 0x00, 0x00, 0x00, 0x00, 0x00, 0x00, 0x00, 0x00, // ............
    ],
    // 0x50 'P'
    [
        0x00, 0x00, 0x00, 0x00, 0x00, 0x00, 0x00, 0x00, 0x00, 0x00, 0x00, 0x00, // ............
        0x00, 0x00, 0x00, 0x00, 0x00, 0x00, 0x00, 0x00, 0x00, 0x00, 0x00, 0x00, // ............
        0x00, 0x00, 0x00, 0x00, 0x00, 0x00, 0x00, 0x00, 0x00, 0x00, 0x00, 0x00, // ............
        0x00, 0x00, 0x00, 0x00, 0x00, 0x00, 0x00, 0x00, 0x00, 0x00, 0x00, 0x00, // ............
        0x00, 0x36, 0x8F, 0x8F, 0x8F, 0x8F, 0x8B, 0x70, 0x35, 0x00, 0x00, 0x00, // .:+++++=:...
        0x00, 0x61, 0xFF, 0xFF, 0xFF, 0xFF, 0xFF, 0xFF, 0xFF, 0xC4, 0x18, 0x00, // .=@@@@@@@#..
        0x00, 0x61, 0xFF, 0xFF, 0xE7, 0xD3, 0xE7, 0xFF, 0xFF, 0xFF, 0xB6, 0x00, // .=@@%#%@@@*.
        0x00, 0x61, 0xFF, 0xFF, 0x80, 0x00, 0x00, 0x3F, 0xFB, 0xFF, 0xFE, 0x15, // .=@@+..:%@%.
        0x00, 0x61, 0xFF, 0xFF, 0x80, 0x00, 0x00, 0x00, 0xCC, 0xFF, 0xFF, 0x37, // .=@@+...#@@:
        0x00, 0x61, 0xFF, 0xFF, 0x80, 0x00, 0x00, 0x00, 0xCD, 0xFF, 0xFF, 0x37, // .=@@+...#@@:
        0x00, 0x61, 0xFF, 0xFF, 0x80, 0x00, 0x00, 0x4A, 0xFC, 0xFF, 0xFD, 0x13, // .=@@+..-%@%.
        0x00, 0x61, 0xFF, 0xFF, 0xEF, 0xDF, 0xEF, 0xFF, 0xFF, 0xFF, 0xB0, 0x00, // .=@@%#%@@@*.
        0x00, 0x61, 0xFF, 0xFF, 0xFF, 0xFF, 0xFF, 0xFF, 0xFF, 0xBB, 0x14, 0x00, // .=@@@@@@@*..
        0x00, 0x61, 0xFF, 0xFF, 0xC7, 0x8F, 0x80, 0x65, 0x2B, 0x00, 0x00, 0x00, // .=@@#++=:...
        0x00, 0x61, 0xFF, 0xFF, 0x80, 0x00, 0x00, 0x00, 0x00, 0x00, 0x00, 0x00, // .=@@+.......
        0x00, 0x61, 0xFF, 0xFF, 0x80, 0x00, 0x00, 0x00, 0x00, 0x00, 0x00, 0x00, // .=@@+.......
        0x00, 0x61, 0xFF, 0xFF, 0x80, 0x00, 0x00, 0x00, 0x00, 0x00, 0x00, 0x00, // .=@@+.......
        0x00, 0x61, 0xFF, 0xFF, 0x80, 0x00, 0x00, 0x00, 0x00, 0x00, 0x00, 0x00, // .=@@+.......
        0x00, 0x61, 0xFF, 0xFF, 0x80, 0x00, 0x00, 0x00, 0x00, 0x00, 0x00, 0x00, // .=@@+.......
        0x00, 0x00, 0x00, 0x00, 0x00, 0x00, 0x00, 0x00, 0x00, 0x00, 0x00, 0x00, // ............
        0x00, 0x00, 0x00, 0x00, 0x00, 0x00, 0x00, 0x00, 0x00, 0x00, 0x00, 0x00, // ............
        0x00, 0x00, 0x00, 0x00, 0x00, 0x00, 0x00, 0x00, 0x00, 0x00, 0x00, 0x00, // ............
        0x00, 0x00, 0x00, 0x00, 0x00, 0x00, 0x00, 0x00, 0x00, 0x00, 0x00, 0x00, // ............
        0x00, 0x00, 0x00, 0x00, 0x00, 0x00, 0x00, 0x00, 0x00, 0x00, 0x00, 0x00, // ............
    ],
    // 0x51 'Q'
    [
        0x00, 0x00, 0x00, 0x00, 0x00, 0x00, 0x00, 0x00, 0x00, 0x00, 0x00, 0x00, // ............
        0x00, 0x00, 0x00, 0x00, 0x00, 0x00, 0x00, 0x00, 0x00, 0x00, 0x00, 0x00, // ............
        0x00, 0x00, 0x00, 0x00, 0x00, 0x00, 0x00, 0x00, 0x00, 0x00, 0x00, 0x00, // ............
        0x00, 0x00, 0x00, 0x00, 0x00, 0x00, 0x00, 0x00, 0x00, 0x00, 0x00, 0x00, // ............
        0x00, 0x00, 0x00, 0x33, 0xA0, 0xCD, 0xCD, 0xA2, 0x36, 0x00, 0x00, 0x00, // ...:*##*:...
        0x00, 0x00, 0x59, 0xFB, 0xFF, 0xFF, 0xFF, 0xFF, 0xFC, 0x60, 0x00, 0x00, // ..-%@@@@%=..
        0x00, 0x19, 0xF3, 0xFF, 0xFF, 0xD8, 0xD6, 0xFF, 0xFF, 0xF7, 0x21, 0x00, // ..%@@##@@%:.
        0x00, 0x7E, 0xFF, 0xFF, 0xAA, 0x01, 0x01, 0xA0, 0xFF, 0xFF, 0x8A, 0x00, // .=@@*..*@@+.
        0x00, 0xC7, 0xFF, 0xFF, 0x37, 0x00, 0x00, 0x2D, 0xFF, 0xFF, 0xD2, 0x00, // .#@@:..:@@#.
        0x01, 0xF4, 0xFF, 0xFD, 0x07, 0x00, 0x00, 0x02, 0xF8, 0xFF, 0xFB, 0x04, // .%@%....%@%.
        0x0F, 0xFF, 0xFF, 0xEE, 0x00, 0x00, 0x00, 0x00, 0xE3, 0xFF, 0xFF, 0x19, // .@@%....%@@.
        0x18, 0xFF, 0xFF, 0xE6, 0x00, 0x00, 0x00, 0x00, 0xDB, 0xFF, 0xFF, 0x23, // .@@%....#@@:
        0x15, 0xFF, 0xFF, 0xE9, 0x00, 0x00, 0x00, 0x00, 0xDE, 0xFF, 0xFF, 0x20, // .@@%....#@@:
        0x05, 0xFD, 0xFF, 0xF8, 0x01, 0x00, 0x00, 0x00, 0xEE, 0xFF, 0xFF, 0x0E, // .%@%....%@@.
        0x00, 0xDE, 0xFF, 0xFF, 0x1D, 0x00, 0x00, 0x13, 0xFF, 0xFF, 0xEA, 0x00, // .#@@....@@%.
        0x00, 0xA3, 0xFF, 0xFF, 0x6A, 0x00, 0x00, 0x60, 0xFF, 0xFF, 0xAF, 0x00, // .*@@=..=@@*.
        0x00, 0x45, 0xFF, 0xFF, 0xEF, 0x69, 0x66, 0xEC, 0xFF, 0xFF, 0x54, 0x00, // .-@@%==%@@-.
        0x00, 0x00, 0xB0, 0xFF, 0xFF, 0xFF, 0xFF, 0xFF, 0xFF, 0xBF, 0x02, 0x00, // ..*@@@@@@*..
        0x00, 0x00, 0x0A, 0x9C, 0xFC, 0xFF, 0xFF, 0xFF, 0xEF, 0x13, 0x00, 0x00, // ...+%@@@%...
        0x00, 0x00, 0x00, 0x00, 0x14, 0x3D, 0x7C, 0xFF, 0xFF, 0x94, 0x00, 0x00, // .....:=@@+..
        0x00, 0x00, 0x00, 0x00, 0x00, 0x00, 0x00, 0xAC, 0xFF, 0xFF, 0x6C, 0x00, // .......*@@=.
        0x00, 0x00, 0x00, 0x00, 0x00, 0x00, 0x00, 0x12, 0xE3, 0xFF, 0xFB, 0x48, // ........%@%-
        0x00, 0x00, 0x00, 0x00, 0x00, 0x00, 0x00, 0x00, 0x31, 0x70, 0x70, 0x61, // ........:===
        0x00, 0x00, 0x00, 0x00, 0x00, 0x00, 0x00, 0x00, 0x00, 0x00, 0x00, 0x00, // ............
    ],
    // 0x52 'R'
    [
        0x00, 0x00, 0x00, 0x00, 0x00, 0x00, 0x00, 0x00, 0x00, 0x00, 0x00, 0x00, // ............
        0x00, 0x00, 0x00, 0x00, 0x00, 0x00, 0x00, 0x00, 0x00, 0x00, 0x00, 0x00, // ............
        0x00, 0x00, 0x00, 0x00, 0x00, 0x00, 0x00, 0x00, 0x00, 0x00, 0x00, 0x00, // ............
        0x00, 0x00, 0x00, 0x00, 0x00, 0x00, 0x00, 0x00, 0x00, 0x00, 0x00, 0x00, // ............
        0x00, 0x65, 0x8F, 0x8F, 0x8F, 0x8F, 0x89, 0x67, 0x22, 0x00, 0x00, 0x00, // .=+++++=:...
        0x00, 0xB3, 0xFF, 0xFF, 0xFF, 0xFF, 0xFF, 0xFF, 0xFD, 0x8C, 0x00, 0x00, // .*@@@@@@%+..
        0x00, 0xB3, 0xFF, 0xFF, 0xD8, 0xD5, 0xF0, 0xFF, 0xFF, 0xFF, 0x4F, 0x00, // .*@@##%@@@-.
        0x00, 0xB3, 0xFF, 0xFF, 0x2E, 0x00, 0x05, 0xA3, 0xFF, 0xFF, 0x9E, 0x00, // .*@@:..*@@+.
        0x00, 0xB3, 0xFF, 0xFF, 0x2E, 0x00, 0x00, 0x48, 0xFF, 0xFF, 0xB6, 0x00, // .*@@:..-@@*.
        0x00, 0xB3, 0xFF, 0xFF, 0x2E, 0x00, 0x00, 0x56, 0xFF, 0xFF, 0xA5, 0x00, // .*@@:..-@@*.
        0x00, 0xB3, 0xFF, 0xFF, 0x55, 0x30, 0x4E, 0xD8, 0xFF, 0xFF, 0x54, 0x00, // .*@@-:-#@@-.
        0x00, 0xB3, 0xFF, 0xFF, 0xFF, 0xFF, 0xFF, 0xFF, 0xF3, 0x7C, 0x00, 0x00, // .*@@@@@@%=..
        0x00, 0xB3, 0xFF, 0xFF, 0xFF, 0xFF, 0xFF, 0xFF, 0x8F, 0x00, 0x00, 0x00, // .*@@@@@@+...
        0x00, 0xB3, 0xFF, 0xFF, 0x62, 0x56, 0xE9, 0xFF, 0xFF, 0x44, 0x00, 0x00, // .*@@=-%@@-..
        0x00, 0xB3, 0xFF, 0xFF, 0x2E, 0x00, 0x4D, 0xFF, 0xFF, 0xC6, 0x00, 0x00, // .*@@:.-@@#..
        0x00, 0xB3, 0xFF, 0xFF, 0x2E, 0x00, 0x00, 0xCA, 0xFF, 0xFF, 0x48, 0x00, // .*@@:..#@@-.
        0x00, 0xB3, 0xFF, 0xFF, 0x2E, 0x00, 0x00, 0x51, 0xFF, 0xFF, 0xC8, 0x00, // .*@@:..-@@#.
        0x00, 0xB3, 0xFF, 0xFF, 0x2E, 0x00, 0x00, 0x02, 0xD4, 0xFF, 0xFF, 0x49, // .*@@:...#@@-
        0x00, 0xB3, 0xFF, 0xFF, 0x2E, 0x00, 0x00, 0x00, 0x5C, 0xFF, 0xFF, 0xC9, // .*@@:...-@@#
        0x00, 0x00, 0x00, 0x00, 0x00, 0x00, 0x00, 0x00, 0x00, 0x00, 0x00, 0x00, // ............
        0x00, 0x00, 0x00, 0x00, 0x00, 0x00, 0x00, 0x00, 0x00, 0x00, 0x00, 0x00, // ............
        0x00, 0x00, 0x00, 0x00, 0x00, 0x00, 0x00, 0x00, 0x00, 0x00, 0x00, 0x00, // ............
        0x00, 0x00, 0x00, 0x00, 0x00, 0x00, 0x00, 0x00, 0x00, 0x00, 0x00, 0x00, // ............
        0x00, 0x00, 0x00, 0x00, 0x00, 0x00, 0x00, 0x00, 0x00, 0x00, 0x00, 0x00, // ............
    ],
    // 0x53 'S'
    [
        0x00, 0x00, 0x00, 0x00, 0x00, 0x00, 0x00, 0x00, 0x00, 0x00, 0x00, 0x00, // ............
        0x00, 0x00, 0x00, 0x00, 0x00, 0x00, 0x00, 0x00, 0x00, 0x00, 0x00, 0x00, // ............
        0x00, 0x00, 0x00, 0x00, 0x00, 0x00, 0x00, 0x00, 0x00, 0x00, 0x00, 0x00, // ............
        0x00, 0x00, 0x00, 0x00, 0x00, 0x00, 0x00, 0x00, 0x00, 0x00, 0x00, 0x00, // ............
        0x00, 0x00, 0x01, 0x54, 0xAC, 0xCE, 0xCF, 0xB9, 0x80, 0x28, 0x00, 0x00, // ...-*##*+:..
        0x00, 0x01, 0xA6, 0xFF, 0xFF, 0xFF, 0xFF, 0xFF, 0xFF, 0xFE, 0x05, 0x00, // ..*@@@@@@%..
        0x00, 0x59, 0xFF, 0xFF, 0xF0, 0x9E, 0x90, 0xB3, 0xF5, 0xFF, 0x05, 0x00, // .-@@%++*%@..
        0x00, 0xA7, 0xFF, 0xFF, 0x40, 0x00, 0x00, 0x00, 0x11, 0x8B, 0x04, 0x00, // .*@@-....+..
        0x00, 0xBA, 0xFF, 0xFF, 0x27, 0x00, 0x00, 0x00, 0x00, 0x00, 0x00, 0x00, // .*@@:.......
        0x00, 0x9D, 0xFF, 0xFF, 0xCE, 0x3F, 0x00, 0x00, 0x00, 0x00, 0x00, 0x00, // .+@@#:......
        0x00, 0x37, 0xFB, 0xFF, 0xFF, 0xFF, 0xD7, 0x76, 0x12, 0x00, 0x00, 0x00, // .:%@@@#=....
        0x00, 0x00, 0x4B, 0xE6, 0xFF, 0xFF, 0xFF, 0xFF, 0xEE, 0x52, 0x00, 0x00, // ..-%@@@@%-..
        0x00, 0x00, 0x00, 0x0A, 0x68, 0xCC, 0xFF, 0xFF, 0xFF, 0xFB, 0x36, 0x00, // ....=#@@@%:.
        0x00, 0x00, 0x00, 0x00, 0x00, 0x00, 0x32, 0xCF, 0xFF, 0xFF, 0xA4, 0x00, // ......:#@@*.
        0x00, 0x00, 0x00, 0x00, 0x00, 0x00, 0x00, 0x30, 0xFF, 0xFF, 0xD0, 0x00, // .......:@@#.
        0x00, 0x55, 0x10, 0x00, 0x00, 0x00, 0x00, 0x26, 0xFF, 0xFF, 0xCE, 0x00, // .-.....:@@#.
        0x00, 0xAE, 0xED, 0x87, 0x3B, 0x20, 0x35, 0xBD, 0xFF, 0xFF, 0x9D, 0x00, // .*%+:::*@@+.
        0x00, 0xAE, 0xFF, 0xFF, 0xFF, 0xFF, 0xFF, 0xFF, 0xFF, 0xF6, 0x2B, 0x00, // .*@@@@@@@%:.
        0x00, 0x49, 0xC1, 0xFC, 0xFF, 0xFF, 0xFF, 0xFF, 0xCA, 0x38, 0x00, 0x00, // .-#%@@@@#:..
        0x00, 0x00, 0x00, 0x0E, 0x37, 0x44, 0x3D, 0x1A, 0x00, 0x00, 0x00, 0x00, // ....:-:.....
        0x00, 0x00, 0x00, 0x00, 0x00, 0x00, 0x00, 0x00, 0x00, 0x00, 0x00, 0x00, // ............
        0x00, 0x00, 0x00, 0x00, 0x00, 0x00, 0x00, 0x00, 0x00, 0x00, 0x00, 0x00, // ............
        0x00, 0x00, 0x00, 0x00, 0x00, 0x00, 0x00, 0x00, 0x00, 0x00, 0x00, 0x00, // ............
        0x00, 0x00, 0x00, 0x00, 0x00, 0x00, 0x00, 0x00, 0x00, 0x00, 0x00, 0x00, // ............
    ],
    // 0x54 'T'
    [
        0x00, 0x00, 0x00, 0x00, 0x00, 0x00, 0x00, 0x00, 0x00, 0x00, 0x00, 0x00, // ............
        0x00, 0x00, 0x00, 0x00, 0x00, 0x00, 0x00, 0x00, 0x00, 0x00, 0x00, 0x00, // ............
        0x00, 0x00, 0x00, 0x00, 0x00, 0x00, 0x00, 0x00, 0x00, 0x00, 0x00, 0x00, // ............
        0x00, 0x00, 0x00, 0x00, 0x00, 0x00, 0x00, 0x00, 0x00, 0x00, 0x00, 0x00, // ............
        0x11, 0x8F, 0x8F, 0x8F, 0x8F, 0x8F, 0x8F, 0x8F, 0x8F, 0x8F, 0x8F, 0x17, // .++++++++++.
        0x1F, 0xFF, 0xFF, 0xFF, 0xFF, 0xFF, 0xFF, 0xFF, 0xFF, 0xFF, 0xFF, 0x29, // .@@@@@@@@@@:
        0x1D, 0xEF, 0xEF, 0xEF, 0xF6, 0xFF, 0xFF, 0xF6, 0xEF, 0xEF, 0xEF, 0x27, // .%%%%@@%%%%:
        0x00, 0x00, 0x00, 0x00, 0x6B, 0xFF, 0xFF, 0x76, 0x00, 0x00, 0x00, 0x00, // ....=@@=....
        0x00, 0x00, 0x00, 0x00, 0x6B, 0xFF, 0xFF, 0x76, 0x00, 0x00, 0x00, 0x00, // ....=@@=....
        0x00, 0x00, 0x00, 0x00, 0x6B, 0xFF, 0xFF, 0x76, 0x00, 0x00, 0x00, 0x00, // ....=@@=....
        0x00, 0x00, 0x00, 0x00, 0x6B, 0xFF, 0xFF, 0x76, 0x00, 0x00, 0x00, 0x00, // ....=@@=....
        0x00, 0x00, 0x00, 0x00, 0x6B, 0xFF, 0xFF, 0x76, 0x00, 0x00, 0x00, 0x00, // ....=@@=....
        0x00, 0x00, 0x00, 0x00, 0x6B, 0xFF, 0xFF, 0x76, 0x00, 0x00, 0x00, 0x00, // ....=@@=....
        0x00, 0x00, 0x00, 0x00, 0x6B, 0xFF, 0xFF, 0x76, 0x00, 0x00, 0x00, 0x00, // ....=@@=....
        0x00, 0x00, 0x00, 0x00, 0x6B, 0xFF, 0xFF, 0x76, 0x00, 0x00, 0x00, 0x00, // ....=@@=....
        0x00, 0x00, 0x00, 0x00, 0x6B, 0xFF, 0xFF, 0x76, 0x00, 0x00, 0x00, 0x00, // ....=@@=....
        0x00, 0x00, 0x00, 0x00, 0x6B, 0xFF, 0xFF, 0x76, 0x00, 0x00, 0x00, 0x00, // ....=@@=....
        0x00, 0x00, 0x00, 0x00, 0x6B, 0xFF, 0xFF, 0x76, 0x00, 0x00, 0x00, 0x00, // ....=@@=....
        0x00, 0x00, 0x00, 0x00, 0x6B, 0xFF, 0xFF, 0x76, 0x00, 0x00, 0x00, 0x00, // ....=@@=....
        0x00, 0x00, 0x00, 0x00, 0x00, 0x00, 0x00, 0x00, 0x00, 0x00, 0x00, 0x00, // ............
        0x00, 0x00, 0x00, 0x00, 0x00, 0x00, 0x00, 0x00, 0x00, 0x00, 0x00, 0x00, // ............
        0x00, 0x00, 0x00, 0x00, 0x00, 0x00, 0x00, 0x00, 0x00, 0x00, 0x00, 0x00, // ............
        0x00, 0x00, 0x00, 0x00, 0x00, 0x00, 0x00, 0x00, 0x00, 0x00, 0x00, 0x00, // ............
        0x00, 0x00, 0x00, 0x00, 0x00, 0x00, 0x00, 0x00, 0x00, 0x00, 0x00, 0x00, // ............
    ],
    // 0x55 'U'
    [
        0x00, 0x00, 0x00, 0x00, 0x00, 0x00, 0x00, 0x00, 0x00, 0x00, 0x00, 0x00, // ............
        0x00, 0x00, 0x00, 0x00, 0x00, 0x00, 0x00, 0x00, 0x00, 0x00, 0x00, 0x00, // ............
        0x00, 0x00, 0x00, 0x00, 0x00, 0x00, 0x00, 0x00, 0x00, 0x00, 0x00, 0x00, // ............
        0x00, 0x00, 0x00, 0x00, 0x00, 0x00, 0x00, 0x00, 0x00, 0x00, 0x00, 0x00, // ............
        0x00, 0x8A, 0x8F, 0x83, 0x00, 0x00, 0x00, 0x00, 0x7F, 0x8F, 0x8F, 0x00, // .+++....=++.
        0x00, 0xF6, 0xFF, 0xEA, 0x00, 0x00, 0x00, 0x00, 0xE2, 0xFF, 0xFE, 0x00, // .%@%....%@%.
        0x00, 0xF6, 0xFF, 0xEA, 0x00, 0x00, 0x00, 0x00, 0xE2, 0xFF, 0xFE, 0x00, // .%@%....%@%.
        0x00, 0xF6, 0xFF, 0xEA, 0x00, 0x00, 0x00, 0x00, 0xE2, 0xFF, 0xFE, 0x00, // .%@%....%@%.
        0x00, 0xF6, 0xFF, 0xEA, 0x00, 0x00, 0x00, 0x00, 0xE2, 0xFF, 0xFE, 0x00, // .%@%....%@%.
        0x00, 0xF6, 0xFF, 0xEA, 0x00, 0x00, 0x00, 0x00, 0xE2, 0xFF, 0xFE, 0x00, // .%@%....%@%.
        0x00, 0xF6, 0xFF, 0xEA, 0x00, 0x00, 0x00, 0x00, 0xE2, 0xFF, 0xFE, 0x00, // .%@%....%@%.
        0x00, 0xF6, 0xFF, 0xEA, 0x00, 0x00, 0x00, 0x00, 0xE2, 0xFF, 0xFE, 0x00, // .%@%....%@%.
        0x00, 0xF6, 0xFF, 0xEA, 0x00, 0x00, 0x00, 0x00, 0xE2, 0xFF, 0xFE, 0x00, // .%@%....%@%.
        0x00, 0xF6, 0xFF, 0xEA, 0x00, 0x00, 0x00, 0x00, 0xE2, 0xFF, 0xFE, 0x00, // .%@%....%@%.
        0x00, 0xED, 0xFF, 0xED, 0x00, 0x00, 0x00, 0x00, 0xE5, 0xFF, 0xF5, 0x00, // .%@%....%@%.
        0x00, 0xCE, 0xFF, 0xFF, 0x26, 0x00, 0x00, 0x1F, 0xFD, 0xFF, 0xD7, 0x00, // .#@@:...%@#.
        0x00, 0x8D, 0xFF, 0xFF, 0xD8, 0x63, 0x62, 0xD5, 0xFF, 0xFF, 0x98, 0x00, // .+@@#==#@@+.
        0x00, 0x20, 0xF2, 0xFF, 0xFF, 0xFF, 0xFF, 0xFF, 0xFF, 0xF6, 0x27, 0x00, // .:%@@@@@@%:.
        0x00, 0x00, 0x39, 0xD2, 0xFF, 0xFF, 0xFF, 0xFF, 0xD6, 0x3F, 0x00, 0x00, // ..:#@@@@#:..
        0x00, 0x00, 0x00, 0x00, 0x22, 0x40, 0x41, 0x24, 0x00, 0x00, 0x00, 0x00, // ....:--:....
        0x00, 0x00, 0x00, 0x00, 0x00, 0x00, 0x00, 0x00, 0x00, 0x00, 0x00, 0x00, // ............
        0x00, 0x00, 0x00, 0x00, 0x00, 0x00, 0x00, 0x00, 0x00, 0x00, 0x00, 0x00, // ............
        0x00, 0x00, 0x00, 0x00, 0x00, 0x00, 0x00, 0x00, 0x00, 0x00, 0x00, 0x00, // ............
        0x00, 0x00, 0x00, 0x00, 0x00, 0x00, 0x00, 0x00, 0x00, 0x00, 0x00, 0x00, // ............
    ],
    // 0x56 'V'
    [
        0x00, 0x00, 0x00, 0x00, 0x00, 0x00, 0x00, 0x00, 0x00, 0x00, 0x00, 0x00, // ............
        0x00, 0x00, 0x00, 0x00, 0x00, 0x00, 0x00, 0x00, 0x00, 0x00, 0x00, 0x00, // ............
        0x00, 0x00, 0x00, 0x00, 0x00, 0x00, 0x00, 0x00, 0x00, 0x00, 0x00, 0x00, // ............
        0x00, 0x00, 0x00, 0x00, 0x00, 0x00, 0x00, 0x00, 0x00, 0x00, 0x00, 0x00, // ............
        0x35, 0x8F, 0x8F, 0x4B, 0x00, 0x00, 0x00, 0x00, 0x45, 0x8F, 0x8F, 0x3B, // :++-....-++:
        0x30, 0xFF, 0xFF, 0xAE, 0x00, 0x00, 0x00, 0x00, 0xA4, 0xFF, 0xFF, 0x3A, // :@@*....*@@:
        0x02, 0xF0, 0xFF, 0xE4, 0x00, 0x00, 0x00, 0x00, 0xDA, 0xFF, 0xF6, 0x06, // .%@%....#@%.
        0x00, 0xB5, 0xFF, 0xFF, 0x1B, 0x00, 0x00, 0x12, 0xFE, 0xFF, 0xC0, 0x00, // .*@@....%@#.
        0x00, 0x79, 0xFF, 0xFF, 0x50, 0x00, 0x00, 0x47, 0xFF, 0xFF, 0x83, 0x00, // .=@@-..-@@+.
        0x00, 0x3C, 0xFF, 0xFF, 0x86, 0x00, 0x00, 0x7C, 0xFF, 0xFF, 0x46, 0x00, // .:@@+..=@@-.
        0x00, 0x07, 0xF7, 0xFF, 0xBB, 0x00, 0x00, 0xB2, 0xFF, 0xFC, 0x0D, 0x00, // ..%@*..*@%..
        0x00, 0x00, 0xC2, 0xFF, 0xEF, 0x01, 0x00, 0xE8, 0xFF, 0xCC, 0x00, 0x00, // ..#@%..%@#..
        0x00, 0x00, 0x85, 0xFF, 0xFF, 0x27, 0x1F, 0xFF, 0xFF, 0x90, 0x00, 0x00, // ..+@@:.@@+..
        0x00, 0x00, 0x49, 0xFF, 0xFF, 0x5D, 0x54, 0xFF, 0xFF, 0x53, 0x00, 0x00, // ..-@@--@@-..
        0x00, 0x00, 0x0F, 0xFC, 0xFF, 0x93, 0x8A, 0xFF, 0xFE, 0x17, 0x00, 0x00, // ...%@++@%...
        0x00, 0x00, 0x00, 0xCE, 0xFF, 0xC8, 0xC0, 0xFF, 0xD9, 0x00, 0x00, 0x00, // ...#@##@#...
        0x00, 0x00, 0x00, 0x92, 0xFF, 0xF8, 0xF3, 0xFF, 0x9C, 0x00, 0x00, 0x00, // ...+@%%@+...
        0x00, 0x00, 0x00, 0x55, 0xFF, 0xFF, 0xFF, 0xFF, 0x5F, 0x00, 0x00, 0x00, // ...-@@@@-...
        0x00, 0x00, 0x00, 0x19, 0xFF, 0xFF, 0xFF, 0xFF, 0x23, 0x00, 0x00, 0x00, // ....@@@@:...
        0x00, 0x00, 0x00, 0x00, 0x00, 0x00, 0x00, 0x00, 0x00, 0x00, 0x00, 0x00, // ............
        0x00, 0x00, 0x00, 0x00, 0x00, 0x00, 0x00, 0x00, 0x00, 0x00, 0x00, 0x00, // ............
        0x00, 0x00, 0x00, 0x00, 0x00, 0x00, 0x00, 0x00, 0x00, 0x00, 0x00, 0x00, // ............
        0x00, 0x00, 0x00, 0x00, 0x00, 0x00, 0x00, 0x00, 0x00, 0x00, 0x00, 0x00, // ............
        0x00, 0x00, 0x00, 0x00, 0x00, 0x00, 0x00, 0x00, 0x00, 0x00, 0x00, 0x00, // ............
    ],
    // 0x57 'W'
    [
        0x00, 0x00, 0x00, 0x00, 0x00, 0x00, 0x00, 0x00, 0x00, 0x00, 0x00, 0x00, // ............
        0x00, 0x00, 0x00, 0x00, 0x00, 0x00, 0x00, 0x00, 0x00, 0x00, 0x00, 0x00, // ............
        0x00, 0x00, 0x00, 0x00, 0x00, 0x00, 0x00, 0x00, 0x00, 0x00, 0x00, 0x00, // ............
        0x00, 0x00, 0x00, 0x00, 0x00, 0x00, 0x00, 0x00, 0x00, 0x00, 0x00, 0x00, // ............
        0x8A, 0x8F, 0x4F, 0x00, 0x00, 0x00, 0x00, 0x00, 0x00, 0x4B, 0x8F, 0x8F, // ++-......-++
        0xDD, 0xFF, 0x9F, 0x00, 0x00, 0x00, 0x00, 0x00, 0x00, 0x94, 0xFF, 0xEA, // #@+......+@%
        0xBE, 0xFF, 0xB8, 0x00, 0x00, 0x00, 0x00, 0x00, 0x00, 0xA8, 0xFF, 0xCC, // *@*......*@#
        0x9E, 0xFF, 0xD1, 0x00, 0x00, 0x00, 0x00, 0x00, 0x00, 0xBB, 0xFF, 0xAF, // +@#......*@*
        0x7F, 0xFF, 0xEA, 0x00, 0x33, 0xCF, 0xCF, 0x3E, 0x00, 0xCF, 0xFF, 0x92, // =@%.:##:.#@+
        0x5F, 0xFF, 0xFE, 0x05, 0x69, 0xFF, 0xFF, 0x7D, 0x00, 0xE2, 0xFF, 0x74, // -@%.=@@=.%@=
        0x40, 0xFF, 0xFF, 0x1D, 0x98, 0xFF, 0xFF, 0xB3, 0x00, 0xF6, 0xFF, 0x57, // -@@.+@@*.%@-
        0x20, 0xFF, 0xFF, 0x36, 0xC6, 0xF6, 0xF1, 0xE9, 0x0B, 0xFF, 0xFF, 0x39, // :@@:#%%%.@@:
        0x04, 0xFC, 0xFF, 0x50, 0xF3, 0xC7, 0xBB, 0xFF, 0x3E, 0xFF, 0xFF, 0x1C, // .%@-%#*@:@@.
        0x00, 0xE1, 0xFF, 0x8B, 0xFF, 0x93, 0x84, 0xFF, 0x88, 0xFF, 0xFB, 0x03, // .%@+@++@+@%.
        0x00, 0xC1, 0xFF, 0xD3, 0xFF, 0x60, 0x4C, 0xFF, 0xD1, 0xFF, 0xE0, 0x00, // .#@#@=-@#@%.
        0x00, 0xA2, 0xFF, 0xFE, 0xFF, 0x2C, 0x16, 0xFF, 0xFE, 0xFF, 0xC3, 0x00, // .*@%@:.@%@#.
        0x00, 0x82, 0xFF, 0xFF, 0xF4, 0x03, 0x00, 0xDD, 0xFF, 0xFF, 0xA6, 0x00, // .+@@%..#@@*.
        0x00, 0x63, 0xFF, 0xFF, 0xC4, 0x00, 0x00, 0xA6, 0xFF, 0xFF, 0x88, 0x00, // .=@@#..*@@+.
        0x00, 0x44, 0xFF, 0xFF, 0x90, 0x00, 0x00, 0x6E, 0xFF, 0xFF, 0x6B, 0x00, // .-@@+..=@@=.
        0x00, 0x00, 0x00, 0x00, 0x00, 0x00, 0x00, 0x00, 0x00, 0x00, 0x00, 0x00, // ............
        0x00, 0x00, 0x00, 0x00, 0x00, 0x00, 0x00, 0x00, 0x00, 0x00, 0x00, 0x00, // ............
        0x00, 0x00, 0x00, 0x00, 0x00, 0x00, 0x00, 0x00, 0x00, 0x00, 0x00, 0x00, // ............
        0x00, 0x00, 0x00, 0x00, 0x00, 0x00, 0x00, 0x00, 0x00, 0x00, 0x00, 0x00, // ............
        0x00, 0x00, 0x00, 0x00, 0x00, 0x00, 0x00, 0x00, 0x00, 0x00, 0x00, 0x00, // ............
    ],
    // 0x58 'X'
    [
        0x00, 0x00, 0x00, 0x00, 0x00, 0x00, 0x00, 0x00, 0x00, 0x00, 0x00, 0x00, // ............
        0x00, 0x00, 0x00, 0x00, 0x00, 0x00, 0x00, 0x00, 0x00, 0x00, 0x00, 0x00, // ............
        0x00, 0x00, 0x00, 0x00, 0x00, 0x00, 0x00, 0x00, 0x00, 0x00, 0x00, 0x00, // ............
        0x00, 0x00, 0x00, 0x00, 0x00, 0x00, 0x00, 0x00, 0x00, 0x00, 0x00, 0x00, // ............
        0x40, 0x8F, 0x8F, 0x4C, 0x00, 0x00, 0x00, 0x00, 0x46, 0x8F, 0x8F, 0x46, // -++-....-++-
        0x12, 0xEC, 0xFF, 0xEA, 0x0F, 0x00, 0x00, 0x0B, 0xE4, 0xFF, 0xF1, 0x17, // .%@%....%@%.
        0x00, 0x69, 0xFF, 0xFF, 0x8C, 0x00, 0x00, 0x83, 0xFF, 0xFF, 0x75, 0x00, // .=@@+..+@@=.
        0x00, 0x03, 0xD1, 0xFF, 0xF9, 0x25, 0x1F, 0xF6, 0xFF, 0xDB, 0x07, 0x00, // ..#@%:.%@#..
        0x00, 0x00, 0x41, 0xFF, 0xFF, 0xB1, 0xA9, 0xFF, 0xFF, 0x4E, 0x00, 0x00, // ..-@@**@@-..
        0x00, 0x00, 0x00, 0xAC, 0xFF, 0xFF, 0xFF, 0xFF, 0xBA, 0x00, 0x00, 0x00, // ...*@@@@*...
        0x00, 0x00, 0x00, 0x21, 0xF7, 0xFF, 0xFF, 0xFB, 0x2B, 0x00, 0x00, 0x00, // ...:%@@%:...
        0x00, 0x00, 0x00, 0x00, 0x9B, 0xFF, 0xFF, 0xAB, 0x00, 0x00, 0x00, 0x00, // ....+@@*....
        0x00, 0x00, 0x00, 0x10, 0xEA, 0xFF, 0xFF, 0xF1, 0x18, 0x00, 0x00, 0x00, // ....%@@%....
        0x00, 0x00, 0x00, 0x8E, 0xFF, 0xFF, 0xFF, 0xFF, 0x9D, 0x00, 0x00, 0x00, // ...+@@@@+...
        0x00, 0x00, 0x28, 0xFA, 0xFF, 0xD0, 0xCA, 0xFF, 0xFD, 0x32, 0x00, 0x00, // ..:%@##@%:..
        0x00, 0x00, 0xB6, 0xFF, 0xFF, 0x41, 0x39, 0xFE, 0xFF, 0xC2, 0x01, 0x00, // ..*@@-:%@#..
        0x00, 0x4A, 0xFF, 0xFF, 0xAD, 0x00, 0x00, 0xA4, 0xFF, 0xFF, 0x57, 0x00, // .-@@*..*@@-.
        0x05, 0xD8, 0xFF, 0xF8, 0x22, 0x00, 0x00, 0x1C, 0xF4, 0xFF, 0xE0, 0x09, // .#@%:...%@%.
        0x72, 0xFF, 0xFF, 0x87, 0x00, 0x00, 0x00, 0x00, 0x7D, 0xFF, 0xFF, 0x7D, // =@@+....=@@=
        0x00, 0x00, 0x00, 0x00, 0x00, 0x00, 0x00, 0x00, 0x00, 0x00, 0x00, 0x00, // ............
        0x00, 0x00, 0x00, 0x00, 0x00, 0x00, 0x00, 0x00, 0x00, 0x00, 0x00, 0x00, // ............
        0x00, 0x00, 0x00, 0x00, 0x00, 0x00, 0x00, 0x00, 0x00, 0x00, 0x00, 0x00, // ............
        0x00, 0x00, 0x00, 0x00, 0x00, 0x00, 0x00, 0x00, 0x00, 0x00, 0x00, 0x00, // ............
        0x00, 0x00, 0x00, 0x00, 0x00, 0x00, 0x00, 0x00, 0x00, 0x00, 0x00, 0x00, // ............
    ],
    // 0x59 'Y'
    [
        0x00, 0x00, 0x00, 0x00, 0x00, 0x00, 0x00, 0x00, 0x00, 0x00, 0x00, 0x00, // ............
        0x00, 0x00, 0x00, 0x00, 0x00, 0x00, 0x00, 0x00, 0x00, 0x00, 0x00, 0x00, // ............
        0x00, 0x00, 0x00, 0x00, 0x00, 0x00, 0x00, 0x00, 0x00, 0x00, 0x00, 0x00, // ............
        0x00, 0x00, 0x00, 0x00, 0x00, 0x00, 0x00, 0x00, 0x00, 0x00, 0x00, 0x00, // ............
        0x6E, 0x8F, 0x8F, 0x2F, 0x00, 0x00, 0x00, 0x00, 0x29, 0x8F, 0x8F, 0x74, // =++:....:++=
        0x5F, 0xFF, 0xFF, 0xB4, 0x00, 0x00, 0x00, 0x00, 0xAA, 0xFF, 0xFF, 0x69, // -@@*....*@@=
        0x03, 0xD8, 0xFF, 0xFE, 0x31, 0x00, 0x00, 0x29, 0xFD, 0xFF, 0xE0, 0x06, // .#@%:..:%@%.
        0x00, 0x5A, 0xFF, 0xFF, 0xAB, 0x00, 0x00, 0xA2, 0xFF, 0xFF, 0x64, 0x00, // .-@@*..*@@=.
        0x00, 0x02, 0xD5, 0xFF, 0xFD, 0x2A, 0x23, 0xFB, 0xFF, 0xDD, 0x05, 0x00, // ..#@%::%@#..
        0x00, 0x00, 0x55, 0xFF, 0xFF, 0xA3, 0x9B, 0xFF, 0xFF, 0x60, 0x00, 0x00, // ..-@@*+@@=..
        0x00, 0x00, 0x02, 0xD1, 0xFF, 0xFB, 0xF9, 0xFF, 0xD9, 0x04, 0x00, 0x00, // ...#@%%@#...
        0x00, 0x00, 0x00, 0x50, 0xFF, 0xFF, 0xFF, 0xFF, 0x5B, 0x00, 0x00, 0x00, // ...-@@@@-...
        0x00, 0x00, 0x00, 0x01, 0xCD, 0xFF, 0xFF, 0xD5, 0x03, 0x00, 0x00, 0x00, // ....#@@#....
        0x00, 0x00, 0x00, 0x00, 0x6F, 0xFF, 0xFF, 0x7A, 0x00, 0x00, 0x00, 0x00, // ....=@@=....
        0x00, 0x00, 0x00, 0x00, 0x6B, 0xFF, 0xFF, 0x76, 0x00, 0x00, 0x00, 0x00, // ....=@@=....
        0x00, 0x00, 0x00, 0x00, 0x6B, 0xFF, 0xFF, 0x76, 0x00, 0x00, 0x00, 0x00, // ....=@@=....
        0x00, 0x00, 0x00, 0x00, 0x6B, 0xFF, 0xFF, 0x76, 0x00, 0x00, 0x00, 0x00, // ....=@@=....
        0x00, 0x00, 0x00, 0x00, 0x6B, 0xFF, 0xFF, 0x76, 0x00, 0x00, 0x00, 0x00, // ....=@@=....
        0x00, 0x00, 0x00, 0x00, 0x6B, 0xFF, 0xFF, 0x76, 0x00, 0x00, 0x00, 0x00, // ....=@@=....
        0x00, 0x00, 0x00, 0x00, 0x00, 0x00, 0x00, 0x00, 0x00, 0x00, 0x00, 0x00, // ............
        0x00, 0x00, 0x00, 0x00, 0x00, 0x00, 0x00, 0x00, 0x00, 0x00, 0x00, 0x00, // ............
        0x00, 0x00, 0x00, 0x00, 0x00, 0x00, 0x00, 0x00, 0x00, 0x00, 0x00, 0x00, // ............
        0x00, 0x00, 0x00, 0x00, 0x00, 0x00, 0x00, 0x00, 0x00, 0x00, 0x00, 0x00, // ............
        0x00, 0x00, 0x00, 0x00, 0x00, 0x00, 0x00, 0x00, 0x00, 0x00, 0x00, 0x00, // ............
    ],
    // 0x5A 'Z'
    [
        0x00, 0x00, 0x00, 0x00, 0x00, 0x00, 0x00, 0x00, 0x00, 0x00, 0x00, 0x00, // ............
        0x00, 0x00, 0x00, 0x00, 0x00, 0x00, 0x00, 0x00, 0x00, 0x00, 0x00, 0x00, // ............
        0x00, 0x00, 0x00, 0x00, 0x00, 0x00, 0x00, 0x00, 0x00, 0x00, 0x00, 0x00, // ............
        0x00, 0x00, 0x00, 0x00, 0x00, 0x00, 0x00, 0x00, 0x00, 0x00, 0x00, 0x00, // ............
        0x00, 0x7C, 0x8F, 0x8F, 0x8F, 0x8F, 0x8F, 0x8F, 0x8F, 0x8F, 0x8F, 0x00, // .=+++++++++.
        0x00, 0xDD, 0xFF, 0xFF, 0xFF, 0xFF, 0xFF, 0xFF, 0xFF, 0xFF, 0xFE, 0x00, // .#@@@@@@@@%.
        0x00, 0xCF, 0xEF, 0xEF, 0xEF, 0xEF, 0xEF, 0xF8, 0xFF, 0xFF, 0xFB, 0x00, // .#%%%%%%@@%.
        0x00, 0x00, 0x00, 0x00, 0x00, 0x00, 0x0A, 0xDA, 0xFF, 0xFF, 0x82, 0x00, // .......#@@+.
        0x00, 0x00, 0x00, 0x00, 0x00, 0x00, 0x93, 0xFF, 0xFF, 0xCA, 0x05, 0x00, // ......+@@#..
        0x00, 0x00, 0x00, 0x00, 0x00, 0x42, 0xFE, 0xFF, 0xF4, 0x26, 0x00, 0x00, // .....-%@%:..
        0x00, 0x00, 0x00, 0x00, 0x0E, 0xE0, 0xFF, 0xFF, 0x68, 0x00, 0x00, 0x00, // .....%@@=...
        0x00, 0x00, 0x00, 0x00, 0x9C, 0xFF, 0xFF, 0xB4, 0x01, 0x00, 0x00, 0x00, // ....+@@*....
        0x00, 0x00, 0x00, 0x4A, 0xFF, 0xFF, 0xEA, 0x18, 0x00, 0x00, 0x00, 0x00, // ...-@@%.....
        0x00, 0x00, 0x12, 0xE5, 0xFF, 0xFF, 0x4F, 0x00, 0x00, 0x00, 0x00, 0x00, // ...%@@-.....
        0x00, 0x00, 0xA5, 0xFF, 0xFF, 0x9C, 0x00, 0x00, 0x00, 0x00, 0x00, 0x00, // ..*@@+......
        0x00, 0x53, 0xFF, 0xFF, 0xDC, 0x0C, 0x00, 0x00, 0x00, 0x00, 0x00, 0x00, // .-@@#.......
        0x09, 0xEA, 0xFF, 0xFF, 0xBD, 0x8F, 0x8F, 0x8F, 0x8F, 0x8F, 0x8F, 0x13, // .%@@*++++++.
        0x15, 0xFF, 0xFF, 0xFF, 0xFF, 0xFF, 0xFF, 0xFF, 0xFF, 0xFF, 0xFF, 0x22, // .@@@@@@@@@@:
        0x15, 0xFF, 0xFF, 0xFF, 0xFF, 0xFF, 0xFF, 0xFF, 0xFF, 0xFF, 0xFF, 0x22, // .@@@@@@@@@@:
        0x00, 0x00, 0x00, 0x00, 0x00, 0x00, 0x00, 0x00, 0x00, 0x00, 0x00, 0x00, // ............
        0x00, 0x00, 0x00, 0x00, 0x00, 0x00, 0x00, 0x00, 0x00, 0x00, 0x00, 0x00, // ............
        0x00, 0x00, 0x00, 0x00, 0x00, 0x00, 0x00, 0x00, 0x00, 0x00, 0x00, 0x00, // ............
        0x00, 0x00, 0x00, 0x00, 0x00, 0x00, 0x00, 0x00, 0x00, 0x00, 0x00, 0x00, // ............
        0x00, 0x00, 0x00, 0x00, 0x00, 0x00, 0x00, 0x00, 0x00, 0x00, 0x00, 0x00, // ............
    ],
    // 0x5B '['
    [
        0x00, 0x00, 0x00, 0x00, 0x00, 0x00, 0x00, 0x00, 0x00, 0x00, 0x00, 0x00, // ............
        0x00, 0x00, 0x00, 0x00, 0x00, 0x00, 0x00, 0x00, 0x00, 0x00, 0x00, 0x00, // ............
        0x00, 0x00, 0x00, 0x00, 0x00, 0x00, 0x00, 0x00, 0x00, 0x00, 0x00, 0x00, // ............
        0x00, 0x00, 0x3A, 0xFF, 0xFF, 0xFF, 0xFF, 0xFF, 0xFF, 0xA3, 0x00, 0x00, // ..:@@@@@@*..
        0x00, 0x00, 0x3A, 0xFF, 0xFF, 0xEB, 0xDF, 0xDF, 0xDF, 0x8F, 0x00, 0x00, // ..:@@%###+..
        0x00, 0x00, 0x3A, 0xFF, 0xFF, 0x5C, 0x00, 0x00, 0x00, 0x00, 0x00, 0x00, // ..:@@-......
        0x00, 0x00, 0x3A, 0xFF, 0xFF, 0x5C, 0x00, 0x00, 0x00, 0x00, 0x00, 0x00, // ..:@@-......
        0x00, 0x00, 0x3A, 0xFF, 0xFF, 0x5C, 0x00, 0x00, 0x00, 0x00, 0x00, 0x00, // ..:@@-......
        0x00, 0x00, 0x3A, 0xFF, 0xFF, 0x5C, 0x00, 0x00, 0x00, 0x00, 0x00, 0x00, // ..:@@-......
        0x00, 0x00, 0x3A, 0xFF, 0xFF, 0x5C, 0x00, 0x00, 0x00, 0x00, 0x00, 0x00, // ..:@@-......
        0x00, 0x00, 0x3A, 0xFF, 0xFF, 0x5C, 0x00, 0x00, 0x00, 0x00, 0x00, 0x00, // ..:@@-......
        0x00, 0x00, 0x3A, 0xFF, 0xFF, 0x5C, 0x00, 0x00, 0x00, 0x00, 0x00, 0x00, // ..:@@-......
        0x00, 0x00, 0x3A, 0xFF, 0xFF, 0x5C, 0x00, 0x00, 0x00, 0x00, 0x00, 0x00, // ..:@@-......
        0x00, 0x00, 0x3A, 0xFF, 0xFF, 0x5C, 0x00, 0x00, 0x00, 0x00, 0x00, 0x00, // ..:@@-......
        0x00, 0x00, 0x3A, 0xFF, 0xFF, 0x5C, 0x00, 0x00, 0x00, 0x00, 0x00, 0x00, // ..:@@-......
        0x00, 0x00, 0x3A, 0xFF, 0xFF, 0x5C, 0x00, 0x00, 0x00, 0x00, 0x00, 0x00, // ..:@@-......
        0x00, 0x00, 0x3A, 0xFF, 0xFF, 0x5C, 0x00, 0x00, 0x00, 0x00, 0x00, 0x00, // ..:@@-......
        0x00, 0x00, 0x3A, 0xFF, 0xFF, 0x5C, 0x00, 0x00, 0x00, 0x00, 0x00, 0x00, // ..:@@-......
        0x00, 0x00, 0x3A, 0xFF, 0xFF, 0x5C, 0x00, 0x00, 0x00, 0x00, 0x00, 0x00, // ..:@@-......
        0x00, 0x00, 0x3A, 0xFF, 0xFF, 0x7B, 0x30, 0x30, 0x30, 0x1F, 0x00, 0x00, // ..:@@=:::...
        0x00, 0x00, 0x3A, 0xFF, 0xFF, 0xFF, 0xFF, 0xFF, 0xFF, 0xA3, 0x00, 0x00, // ..:@@@@@@*..
        0x00, 0x00, 0x24, 0x9F, 0x9F, 0x9F, 0x9F, 0x9F, 0x9F, 0x66, 0x00, 0x00, // ..:++++++=..
        0x00, 0x00, 0x00, 0x00, 0x00, 0x00, 0x00, 0x00, 0x00, 0x00, 0x00, 0x00, // ............
        0x00, 0x00, 0x00, 0x00, 0x00, 0x00, 0x00, 0x00, 0x00, 0x00, 0x00, 0x00, // ............
    ],
    // 0x5C '\\'
    [
        0x00, 0x00, 0x00, 0x00, 0x00, 0x00, 0x00, 0x00, 0x00, 0x00, 0x00, 0x00, // ............
        0x00, 0x00, 0x00, 0x00, 0x00, 0x00, 0x00, 0x00, 0x00, 0x00, 0x00, 0x00, // ............
        0x00, 0x00, 0x00, 0x00, 0x00, 0x00, 0x00, 0x00, 0x00, 0x00, 0x00, 0x00, // ............
        0x00, 0x00, 0x00, 0x00, 0x00, 0x00, 0x00, 0x00, 0x00, 0x00, 0x00, 0x00, // ............
        0x00, 0x6E, 0x8F, 0x3B, 0x00, 0x00, 0x00, 0x00, 0x00, 0x00, 0x00, 0x00, // .=+:........
        0x00, 0x66, 0xFF, 0xC6, 0x00, 0x00, 0x00, 0x00, 0x00, 0x00, 0x00, 0x00, // .=@#........
        0x00, 0x08, 0xE7, 0xFF, 0x3E, 0x00, 0x00, 0x00, 0x00, 0x00, 0x00, 0x00, // ..%@:.......
        0x00, 0x00, 0x77, 0xFF, 0xB5, 0x00, 0x00, 0x00, 0x00, 0x00, 0x00, 0x00, // ..=@*.......
        0x00, 0x00, 0x0F, 0xF0, 0xFE, 0x2E, 0x00, 0x00, 0x00, 0x00, 0x00, 0x00, // ...%%:......
        0x00, 0x00, 0x00, 0x88, 0xFF, 0xA4, 0x00, 0x00, 0x00, 0x00, 0x00, 0x00, // ...+@*......
        0x00, 0x00, 0x00, 0x19, 0xF7, 0xFB, 0x20, 0x00, 0x00, 0x00, 0x00, 0x00, // ....%%:.....
        0x00, 0x00, 0x00, 0x00, 0x99, 0xFF, 0x93, 0x00, 0x00, 0x00, 0x00, 0x00, // ....+@+.....
        0x00, 0x00, 0x00, 0x00, 0x25, 0xFC, 0xF5, 0x15, 0x00, 0x00, 0x00, 0x00, // ....:%%.....
        0x00, 0x00, 0x00, 0x00, 0x00, 0xAA, 0xFF, 0x83, 0x00, 0x00, 0x00, 0x00, // .....*@+....
        0x00, 0x00, 0x00, 0x00, 0x00, 0x33, 0xFF, 0xED, 0x0C, 0x00, 0x00, 0x00, // .....:@%....
        0x00, 0x00, 0x00, 0x00, 0x00, 0x00, 0xBB, 0xFF, 0x72, 0x00, 0x00, 0x00, // ......*@=...
        0x00, 0x00, 0x00, 0x00, 0x00, 0x00, 0x43, 0xFF, 0xE3, 0x06, 0x00, 0x00, // ......-@%...
        0x00, 0x00, 0x00, 0x00, 0x00, 0x00, 0x00, 0xCB, 0xFF, 0x61, 0x00, 0x00, // .......#@=..
        0x00, 0x00, 0x00, 0x00, 0x00, 0x00, 0x00, 0x54, 0xFF, 0xD6, 0x02, 0x00, // .......-@#..
        0x00, 0x00, 0x00, 0x00, 0x00, 0x00, 0x00, 0x03, 0xDA, 0xFF, 0x50, 0x00, // ........#@-.
        0x00, 0x00, 0x00, 0x00, 0x00, 0x00, 0x00, 0x00, 0x5F, 0xDF, 0xA8, 0x00, // ........-#*.
        0x00, 0x00, 0x00, 0x00, 0x00, 0x00, 0x00, 0x00, 0x00, 0x00, 0x00, 0x00, // ............
        0x00, 0x00, 0x00, 0x00, 0x00, 0x00, 0x00, 0x00, 0x00, 0x00, 0x00, 0x00, // ............
        0x00, 0x00, 0x00, 0x00, 0x00, 0x00, 0x00, 0x00, 0x00, 0x00, 0x00, 0x00, // ............
    ],
    // 0x5D ']'
    [
        0x00, 0x00, 0x00, 0x00, 0x00, 0x00, 0x00, 0x00, 0x00, 0x00, 0x00, 0x00, // ............
        0x00, 0x00, 0x00, 0x00, 0x00, 0x00, 0x00, 0x00, 0x00, 0x00, 0x00, 0x00, // ............
        0x00, 0x00, 0x00, 0x00, 0x00, 0x00, 0x00, 0x00, 0x00, 0x00, 0x00, 0x00, // ............
        0x00, 0x00, 0x94, 0xEF, 0xEF, 0xEF, 0xEF, 0xEF, 0xEF, 0x40, 0x00, 0x00, // ..+%%%%%%-..
        0x00, 0x00, 0x8A, 0xDF, 0xDF, 0xDF, 0xE8, 0xFF, 0xFF, 0x44, 0x00, 0x00, // ..+###%@@-..
        0x00, 0x00, 0x00, 0x00, 0x00, 0x00, 0x4A, 0xFF, 0xFF, 0x44, 0x00, 0x00, // ......-@@-..
        0x00, 0x00, 0x00, 0x00, 0x00, 0x00, 0x4A, 0xFF, 0xFF, 0x44, 0x00, 0x00, // ......-@@-..
        0x00, 0x00, 0x00, 0x00, 0x00, 0x00, 0x4A, 0xFF, 0xFF, 0x44, 0x00, 0x00, // ......-@@-..
        0x00, 0x00, 0x00, 0x00, 0x00, 0x00, 0x4A, 0xFF, 0xFF, 0x44, 0x00, 0x00, // ......-@@-..
        0x00, 0x00, 0x00, 0x00, 0x00, 0x00, 0x4A, 0xFF, 0xFF, 0x44, 0x00, 0x00, // ......-@@-..
        0x00, 0x00, 0x00, 0x00, 0x00, 0x00, 0x4A, 0xFF, 0xFF, 0x44, 0x00, 0x00, // ......-@@-..
        0x00, 0x00, 0x00, 0x00, 0x00, 0x00, 0x4A, 0xFF, 0xFF, 0x44, 0x00, 0x00, // ......-@@-..
        0x00, 0x00, 0x00, 0x00, 0x00, 0x00, 0x4A, 0xFF, 0xFF, 0x44, 0x00, 0x00, // ......-@@-..
        0x00, 0x00, 0x00, 0x00, 0x00, 0x00, 0x4A, 0xFF, 0xFF, 0x44, 0x00, 0x00, // ......-@@-..
        0x00, 0x00, 0x00, 0x00, 0x00, 0x00, 0x4A, 0xFF, 0xFF, 0x44, 0x00, 0x00, // ......-@@-..
        0x00, 0x00, 0x00, 0x00, 0x00, 0x00, 0x4A, 0xFF, 0xFF, 0x44, 0x00, 0x00, // ......-@@-..
        0x00, 0x00, 0x00, 0x00, 0x00, 0x00, 0x4A, 0xFF, 0xFF, 0x44, 0x00, 0x00, // ......-@@-..
        0x00, 0x00, 0x00, 0x00, 0x00, 0x00, 0x4A, 0xFF, 0xFF, 0x44, 0x00, 0x00, // ......-@@-..
        0x00, 0x00, 0x00, 0x00, 0x00, 0x00, 0x4A, 0xFF, 0xFF, 0x44, 0x00, 0x00, // ......-@@-..
        0x00, 0x00, 0x1E, 0x30, 0x30, 0x30, 0x6C, 0xFF, 0xFF, 0x44, 0x00, 0x00, // ...:::=@@-..
        0x00, 0x00, 0x9D, 0xFF, 0xFF, 0xFF, 0xFF, 0xFF, 0xFF, 0x44, 0x00, 0x00, // ..+@@@@@@-..
        0x00, 0x00, 0x62, 0x9F, 0x9F, 0x9F, 0x9F, 0x9F, 0x9F, 0x2B, 0x00, 0x00, // ..=++++++:..
        0x00, 0x00, 0x00, 0x00, 0x00, 0x00, 0x00, 0x00, 0x00, 0x00, 0x00, 0x00, // ............
        0x00, 0x00, 0x00, 0x00, 0x00, 0x00, 0x00, 0x00, 0x00, 0x00, 0x00, 0x00, // ............
    ],
    // 0x5E '^'
    [
        0x00, 0x00, 0x00, 0x00, 0x00, 0x00, 0x00, 0x00, 0x00, 0x00, 0x00, 0x00, // ............
        0x00, 0x00, 0x00, 0x00, 0x00, 0x00, 0x00, 0x00, 0x00, 0x00, 0x00, 0x00, // ............
        0x00, 0x00, 0x00, 0x00, 0x00, 0x00, 0x00, 0x00, 0x00, 0x00, 0x00, 0x00, // ............
        0x00, 0x00, 0x00, 0x00, 0x00, 0x00, 0x00, 0x00, 0x00, 0x00, 0x00, 0x00, // ............
        0x00, 0x00, 0x00, 0x00, 0x3B, 0x8F, 0x8F, 0x41, 0x00, 0x00, 0x00, 0x00, // ....:++-....
        0x00, 0x00, 0x00, 0x1C, 0xE9, 0xFF, 0xFF, 0xEE, 0x22, 0x00, 0x00, 0x00, // ....%@@%:...
        0x00, 0x00, 0x06, 0xC7, 0xFF, 0xFE, 0xFE, 0xFF, 0xCF, 0x09, 0x00, 0x00, // ...#@%%@#...
        0x00, 0x00, 0x97, 0xFF, 0xFD, 0x69, 0x62, 0xFC, 0xFF, 0xA1, 0x00, 0x00, // ..+@%==%@*..
        0x00, 0x60, 0xFF, 0xFB, 0x5D, 0x00, 0x00, 0x56, 0xFA, 0xFF, 0x6B, 0x00, // .=@%-..-%@=.
        0x22, 0xD6, 0xDE, 0x52, 0x00, 0x00, 0x00, 0x00, 0x4B, 0xDD, 0xD9, 0x28, // :##-....-##:
        0x00, 0x00, 0x00, 0x00, 0x00, 0x00, 0x00, 0x00, 0x00, 0x00, 0x00, 0x00, // ............
        0x00, 0x00, 0x00, 0x00, 0x00, 0x00, 0x00, 0x00, 0x00, 0x00, 0x00, 0x00, // ............
        0x00, 0x00, 0x00, 0x00, 0x00, 0x00, 0x00, 0x00, 0x00, 0x00, 0x00, 0x00, // ............
        0x00, 0x00, 0x00, 0x00, 0x00, 0x00, 0x00, 0x00, 0x00, 0x00, 0x00, 0x00, // ............
        0x00, 0x00, 0x00, 0x00, 0x00, 0x00, 0x00, 0x00, 0x00, 0x00, 0x00, 0x00, // ............
        0x00, 0x00, 0x00, 0x00, 0x00, 0x00, 0x00, 0x00, 0x00, 0x00, 0x00, 0x00, // ............
        0x00, 0x00, 0x00, 0x00, 0x00, 0x00, 0x00, 0x00, 0x00, 0x00, 0x00, 0x00, // ............
        0x00, 0x00, 0x00, 0x00, 0x00, 0x00, 0x00, 0x00, 0x00, 0x00, 0x00, 0x00, // ............
        0x00, 0x00, 0x00, 0x00, 0x00, 0x00, 0x00, 0x00, 0x00, 0x00, 0x00, 0x00, // ............
        0x00, 0x00, 0x00, 0x00, 0x00, 0x00, 0x00, 0x00, 0x00, 0x00, 0x00, 0x00, // ............
        0x00, 0x00, 0x00, 0x00, 0x00, 0x00, 0x00, 0x00, 0x00, 0x00, 0x00, 0x00, // ............
        0x00, 0x00, 0x00, 0x00, 0x00, 0x00, 0x00, 0x00, 0x00, 0x00, 0x00, 0x00, // ............
        0x00, 0x00, 0x00, 0x00, 0x00, 0x00, 0x00, 0x00, 0x00, 0x00, 0x00, 0x00, // ............
        0x00, 0x00, 0x00, 0x00, 0x00, 0x00, 0x00, 0x00, 0x00, 0x00, 0x00, 0x00, // ............
    ],
    // 0x5F '_'
    [
        0x00, 0x00, 0x00, 0x00, 0x00, 0x00, 0x00, 0x00, 0x00, 0x00, 0x00, 0x00, // ............
        0x00, 0x00, 0x00, 0x00, 0x00, 0x00, 0x00, 0x00, 0x00, 0x00, 0x00, 0x00, // ............
        0x00, 0x00, 0x00, 0x00, 0x00, 0x00, 0x00, 0x00, 0x00, 0x00, 0x00, 0x00, // ............
        0x00, 0x00, 0x00, 0x00, 0x00, 0x00, 0x00, 0x00, 0x00, 0x00, 0x00, 0x00, // ............
        0x00, 0x00, 0x00, 0x00, 0x00, 0x00, 0x00, 0x00, 0x00, 0x00, 0x00, 0x00, // ............
        0x00, 0x00, 0x00, 0x00, 0x00, 0x00, 0x00, 0x00, 0x00, 0x00, 0x00, 0x00, // ............
        0x00, 0x00, 0x00, 0x00, 0x00, 0x00, 0x00, 0x00, 0x00, 0x00, 0x00, 0x00, // ............
        0x00, 0x00, 0x00, 0x00, 0x00, 0x00, 0x00, 0x00, 0x00, 0x00, 0x00, 0x00, // ............
        0x00, 0x00, 0x00, 0x00, 0x00, 0x00, 0x00, 0x00, 0x00, 0x00, 0x00, 0x00, // ............
        0x00, 0x00, 0x00, 0x00, 0x00, 0x00, 0x00, 0x00, 0x00, 0x00, 0x00, 0x00, // ............
        0x00, 0x00, 0x00, 0x00, 0x00, 0x00, 0x00, 0x00, 0x00, 0x00, 0x00, 0x00, // ............
        0x00, 0x00, 0x00, 0x00, 0x00, 0x00, 0x00, 0x00, 0x00, 0x00, 0x00, 0x00, // ............
        0x00, 0x00, 0x00, 0x00, 0x00, 0x00, 0x00, 0x00, 0x00, 0x00, 0x00, 0x00, // ............
        0x00, 0x00, 0x00, 0x00, 0x00, 0x00, 0x00, 0x00, 0x00, 0x00, 0x00, 0x00, // ............
        0x00, 0x00, 0x00, 0x00, 0x00, 0x00, 0x00, 0x00, 0x00, 0x00, 0x00, 0x00, // ............
        0x00, 0x00, 0x00, 0x00, 0x00, 0x00, 0x00, 0x00, 0x00, 0x00, 0x00, 0x00, // ............
        0x00, 0x00, 0x00, 0x00, 0x00, 0x00, 0x00, 0x00, 0x00, 0x00, 0x00, 0x00, // ............
        0x00, 0x00, 0x00, 0x00, 0x00, 0x00, 0x00, 0x00, 0x00, 0x00, 0x00, 0x00, // ............
        0x00, 0x00, 0x00, 0x00, 0x00, 0x00, 0x00, 0x00, 0x00, 0x00, 0x00, 0x00, // ............
        0x00, 0x00, 0x00, 0x00, 0x00, 0x00, 0x00, 0x00, 0x00, 0x00, 0x00, 0x00, // ............
        0x03, 0x20, 0x20, 0x20, 0x20, 0x20, 0x20, 0x20, 0x20, 0x20, 0x20, 0x04, // .::::::::::.
        0x15, 0xFF, 0xFF, 0xFF, 0xFF, 0xFF, 0xFF, 0xFF, 0xFF, 0xFF, 0xFF, 0x1D, // .@@@@@@@@@@.
        0x11, 0xCF, 0xCF, 0xCF, 0xCF, 0xCF, 0xCF, 0xCF, 0xCF, 0xCF, 0xCF, 0x17, // .##########.
        0x00, 0x00, 0x00, 0x00, 0x00, 0x00, 0x00, 0x00, 0x00, 0x00, 0x00, 0x00, // ............
    ],
    // 0x60 '`'
    [
        0x00, 0x00, 0x00, 0x00, 0x00, 0x00, 0x00, 0x00, 0x00, 0x00, 0x00, 0x00, // ............
        0x00, 0x00, 0x00, 0x00, 0x00, 0x00, 0x00, 0x00, 0x00, 0x00, 0x00, 0x00, // ............
        0x00, 0x00, 0x00, 0x00, 0x00, 0x00, 0x00, 0x00, 0x00, 0x00, 0x00, 0x00, // ............
        0x00, 0x00, 0x91, 0xFF, 0xEF, 0x22, 0x00, 0x00, 0x00, 0x00, 0x00, 0x00, // ..+@%:......
        0x00, 0x00, 0x01, 0x96, 0xFF, 0xCB, 0x07, 0x00, 0x00, 0x00, 0x00, 0x00, // ...+@#......
        0x00, 0x00, 0x00, 0x01, 0x9B, 0xFF, 0x93, 0x00, 0x00, 0x00, 0x00, 0x00, // ....+@+.....
        0x00, 0x00, 0x00, 0x00, 0x02, 0x88, 0xAF, 0x25, 0x00, 0x00, 0x00, 0x00, // .....+*:....
        0x00, 0x00, 0x00, 0x00, 0x00, 0x00, 0x00, 0x00, 0x00, 0x00, 0x00, 0x00, // ............
        0x00, 0x00, 0x00, 0x00, 0x00, 0x00, 0x00, 0x00, 0x00, 0x00, 0x00, 0x00, // ............
        0x00, 0x00, 0x00, 0x00, 0x00, 0x00, 0x00, 0x00, 0x00, 0x00, 0x00, 0x00, // ............
        0x00, 0x00, 0x00, 0x00, 0x00, 0x00, 0x00, 0x00, 0x00, 0x00, 0x00, 0x00, // ............
        0x00, 0x00, 0x00, 0x00, 0x00, 0x00, 0x00, 0x00, 0x00, 0x00, 0x00, 0x00, // ............
        0x00, 0x00, 0x00, 0x00, 0x00, 0x00, 0x00, 0x00, 0x00, 0x00, 0x00, 0x00, // ............
        0x00, 0x00, 0x00, 0x00, 0x00, 0x00, 0x00, 0x00, 0x00, 0x00, 0x00, 0x00, // ............
        0x00, 0x00, 0x00, 0x00, 0x00, 0x00, 0x00, 0x00, 0x00, 0x00, 0x00, 0x00, // ............
        0x00, 0x00, 0x00, 0x00, 0x00, 0x00, 0x00, 0x00, 0x00, 0x00, 0x00, 0x00, // ............
        0x00, 0x00, 0x00, 0x00, 0x00, 0x00, 0x00, 0x00, 0x00, 0x00, 0x00, 0x00, // ............
        0x00, 0x00, 0x00, 0x00, 0x00, 0x00, 0x00, 0x00, 0x00, 0x00, 0x00, 0x00, // ............
        0x00, 0x00, 0x00, 0x00, 0x00, 0x00, 0x00, 0x00, 0x00, 0x00, 0x00, 0x00, // ............
        0x00, 0x00, 0x00, 0x00, 0x00, 0x00, 0x00, 0x00, 0x00, 0x00, 0x00, 0x00, // ............
        0x00, 0x00, 0x00, 0x00, 0x00, 0x00, 0x00, 0x00, 0x00, 0x00, 0x00, 0x00, // ............
        0x00, 0x00, 0x00, 0x00, 0x00, 0x00, 0x00, 0x00, 0x00, 0x00, 0x00, 0x00, // ............
        0x00, 0x00, 0x00, 0x00, 0x00, 0x00, 0x00, 0x00, 0x00, 0x00, 0x00, 0x00, // ............
        0x00, 0x00, 0x00, 0x00, 0x00, 0x00, 0x00, 0x00, 0x00, 0x00, 0x00, 0x00, // ............
    ],
    // 0x61 'a'
    [
        0x00, 0x00, 0x00, 0x00, 0x00, 0x00, 0x00, 0x00, 0x00, 0x00, 0x00, 0x00, // ............
        0x00, 0x00, 0x00, 0x00, 0x00, 0x00, 0x00, 0x00, 0x00, 0x00, 0x00, 0x00, // ............
        0x00, 0x00, 0x00, 0x00, 0x00, 0x00, 0x00, 0x00, 0x00, 0x00, 0x00, 0x00, // ............
        0x00, 0x00, 0x00, 0x00, 0x00, 0x00, 0x00, 0x00, 0x00, 0x00, 0x00, 0x00, // ............
        0x00, 0x00, 0x00, 0x00, 0x00, 0x00, 0x00, 0x00, 0x00, 0x00, 0x00, 0x00, // ............
        0x00, 0x00, 0x00, 0x00, 0x00, 0x00, 0x00, 0x00, 0x00, 0x00, 0x00, 0x00, // ............
        0x00, 0x00, 0x00, 0x00, 0x00, 0x00, 0x00, 0x00, 0x00, 0x00, 0x00, 0x00, // ............
        0x00, 0x00, 0x00, 0x00, 0x1A, 0x30, 0x30, 0x1A, 0x00, 0x00, 0x00, 0x00, // .....::.....
        0x00, 0x00, 0x9C, 0xE9, 0xFF, 0xFF, 0xFF, 0xFF, 0xD9, 0x4C, 0x00, 0x00, // ..+%@@@@#-..
        0x00, 0x00, 0xFC, 0xFF, 0xFF, 0xF0, 0xF6, 0xFF, 0xFF, 0xFB, 0x30, 0x00, // ..%@@%%@@%:.
        0x00, 0x00, 0xBE, 0x57, 0x10, 0x00, 0x01, 0x5C, 0xFF, 0xFF, 0x95, 0x00, // ..*-...-@@+.
        0x00, 0x00, 0x00, 0x00, 0x19, 0x30, 0x30, 0x33, 0xFF, 0xFF, 0xC4, 0x00, // .....:::@@#.
        0x00, 0x04, 0x7D, 0xE6, 0xFF, 0xFF, 0xFF, 0xFF, 0xFF, 0xFF, 0xD3, 0x00, // ..=%@@@@@@#.
        0x00, 0x8D, 0xFF, 0xFF, 0xFF, 0xF5, 0xDF, 0xDF, 0xFF, 0xFF, 0xD0, 0x00, // .+@@@%##@@#.
        0x03, 0xF3, 0xFF, 0xFF, 0x6A, 0x02, 0x00, 0x0A, 0xFF, 0xFF, 0xCD, 0x00, // .%@@=...@@#.
        0x10, 0xFF, 0xFF, 0xFC, 0x01, 0x00, 0x00, 0x37, 0xFF, 0xFF, 0xCB, 0x00, // .@@%...:@@#.
        0x03, 0xF5, 0xFF, 0xFF, 0x34, 0x00, 0x03, 0xB0, 0xFF, 0xFF, 0xC8, 0x00, // .%@@:..*@@#.
        0x00, 0x9E, 0xFF, 0xFF, 0xF3, 0xB6, 0xDB, 0xFC, 0xFC, 0xFF, 0xD5, 0x00, // .+@@%*#%%@#.
        0x00, 0x0E, 0xAF, 0xFF, 0xFF, 0xFF, 0xEB, 0x58, 0xC6, 0xFF, 0xF9, 0x12, // ..*@@@%-#@%.
        0x00, 0x00, 0x00, 0x1F, 0x42, 0x36, 0x06, 0x00, 0x00, 0x00, 0x00, 0x00, // ....-:......
        0x00, 0x00, 0x00, 0x00, 0x00, 0x00, 0x00, 0x00, 0x00, 0x00, 0x00, 0x00, // ............
        0x00, 0x00, 0x00, 0x00, 0x00, 0x00, 0x00, 0x00, 0x00, 0x00, 0x00, 0x00, // ............
        0x00, 0x00, 0x00, 0x00, 0x00, 0x00, 0x00, 0x00, 0x00, 0x00, 0x00, 0x00, // ............
        0x00, 0x00, 0x00, 0x00, 0x00, 0x00, 0x00, 0x00, 0x00, 0x00, 0x00, 0x00, // ............
    ],
    // 0x62 'b'
    [
        0x00, 0x00, 0x00, 0x00, 0x00, 0x00, 0x00, 0x00, 0x00, 0x00, 0x00, 0x00, // ............
        0x00, 0x00, 0x00, 0x00, 0x00, 0x00, 0x00, 0x00, 0x00, 0x00, 0x00, 0x00, // ............
        0x00, 0x00, 0x00, 0x00, 0x00, 0x00, 0x00, 0x00, 0x00, 0x00, 0x00, 0x00, // ............
        0x00, 0x1A, 0x30, 0x30, 0x0F, 0x00, 0x00, 0x00, 0x00, 0x00, 0x00, 0x00, // ..::........
        0x00, 0x88, 0xFF, 0xFF, 0x51, 0x00, 0x00, 0x00, 0x00, 0x00, 0x00, 0x00, // .+@@-.......
        0x00, 0x88, 0xFF, 0xFF, 0x51, 0x00, 0x00, 0x00, 0x00, 0x00, 0x00, 0x00, // .+@@-.......
        0x00, 0x88, 0xFF, 0xFF, 0x51, 0x00, 0x00, 0x00, 0x00, 0x00, 0x00, 0x00, // .+@@-.......
        0x00, 0x88, 0xFF, 0xFF, 0x51, 0x00, 0x1C, 0x2D, 0x08, 0x00, 0x00, 0x00, // .+@@-..:....
        0x00, 0x88, 0xFF, 0xFF, 0x5B, 0xAC, 0xFF, 0xFF, 0xEE, 0x5B, 0x00, 0x00, // .+@@-*@@%-..
        0x00, 0x88, 0xFF, 0xFF, 0xDF, 0xFF, 0xFF, 0xFF, 0xFF, 0xFC, 0x39, 0x00, // .+@@#@@@@%:.
        0x00, 0x88, 0xFF, 0xFF, 0xFE, 0x78, 0x37, 0xB3, 0xFF, 0xFF, 0xB2, 0x00, // .+@@%=:*@@*.
        0x00, 0x88, 0xFF, 0xFF, 0xAF, 0x00, 0x00, 0x11, 0xF6, 0xFF, 0xF5, 0x03, // .+@@*...%@%.
        0x00, 0x88, 0xFF, 0xFF, 0x67, 0x00, 0x00, 0x00, 0xC5, 0xFF, 0xFF, 0x1D, // .+@@=...#@@.
        0x00, 0x88, 0xFF, 0xFF, 0x52, 0x00, 0x00, 0x00, 0xB4, 0xFF, 0xFF, 0x28, // .+@@-...*@@:
        0x00, 0x88, 0xFF, 0xFF, 0x62, 0x00, 0x00, 0x00, 0xC5, 0xFF, 0xFF, 0x1E, // .+@@=...#@@.
        0x00, 0x88, 0xFF, 0xFF, 0xA2, 0x00, 0x00, 0x0F, 0xF5, 0xFF, 0xF7, 0x04, // .+@@*...%@%.
        0x00, 0x88, 0xFF, 0xFF, 0xFB, 0x57, 0x19, 0xA5, 0xFF, 0xFF, 0xB9, 0x00, // .+@@%-.*@@*.
        0x00, 0x88, 0xFF, 0xFF, 0xDB, 0xFF, 0xFF, 0xFF, 0xFF, 0xFE, 0x43, 0x00, // .+@@#@@@@%-.
        0x00, 0x88, 0xFF, 0xFF, 0x2F, 0xC5, 0xFF, 0xFF, 0xF8, 0x6E, 0x00, 0x00, // .+@@:#@@%=..
        0x00, 0x00, 0x00, 0x00, 0x00, 0x01, 0x31, 0x3F, 0x13, 0x00, 0x00, 0x00, // ......::....
        0x00, 0x00, 0x00, 0x00, 0x00, 0x00, 0x00, 0x00, 0x00, 0x00, 0x00, 0x00, // ............
        0x00, 0x00, 0x00, 0x00, 0x00, 0x00, 0x00, 0x00, 0x00, 0x00, 0x00, 0x00, // ............
        0x00, 0x00, 0x00, 0x00, 0x00, 0x00, 0x00, 0x00, 0x00, 0x00, 0x00, 0x00, // ............
        0x00, 0x00, 0x00, 0x00, 0x00, 0x00, 0x00, 0x00, 0x00, 0x00, 0x00, 0x00, // ............
    ],
    // 0x63 'c'
    [
        0x00, 0x00, 0x00, 0x00, 0x00, 0x00, 0x00, 0x00, 0x00, 0x00, 0x00, 0x00, // ............
        0x00, 0x00, 0x00, 0x00, 0x00, 0x00, 0x00, 0x00, 0x00, 0x00, 0x00, 0x00, // ............
        0x00, 0x00, 0x00, 0x00, 0x00, 0x00, 0x00, 0x00, 0x00, 0x00, 0x00, 0x00, // ............
        0x00, 0x00, 0x00, 0x00, 0x00, 0x00, 0x00, 0x00, 0x00, 0x00, 0x00, 0x00, // ............
        0x00, 0x00, 0x00, 0x00, 0x00, 0x00, 0x00, 0x00, 0x00, 0x00, 0x00, 0x00, // ............
        0x00, 0x00, 0x00, 0x00, 0x00, 0x00, 0x00, 0x00, 0x00, 0x00, 0x00, 0x00, // ............
        0x00, 0x00, 0x00, 0x00, 0x00, 0x00, 0x00, 0x00, 0x00, 0x00, 0x00, 0x00, // ............
        0x00, 0x00, 0x00, 0x00, 0x00, 0x17, 0x32, 0x2C, 0x0A, 0x00, 0x00, 0x00, // ......::....
        0x00, 0x00, 0x00, 0x3F, 0xCA, 0xFF, 0xFF, 0xFF, 0xF8, 0xAE, 0x12, 0x00, // ...:#@@@%*..
        0x00, 0x00, 0x4A, 0xFA, 0xFF, 0xFF, 0xFF, 0xFF, 0xFF, 0xFF, 0x2A, 0x00, // ..-%@@@@@@:.
        0x00, 0x07, 0xE5, 0xFF, 0xFF, 0xAC, 0x38, 0x23, 0x4E, 0xC0, 0x2A, 0x00, // ..%@@*::-#:.
        0x00, 0x4C, 0xFF, 0xFF, 0xCA, 0x02, 0x00, 0x00, 0x00, 0x02, 0x07, 0x00, // .-@@#.......
        0x00, 0x7C, 0xFF, 0xFF, 0x72, 0x00, 0x00, 0x00, 0x00, 0x00, 0x00, 0x00, // .=@@=.......
        0x00, 0x8B, 0xFF, 0xFF, 0x5A, 0x00, 0x00, 0x00, 0x00, 0x00, 0x00, 0x00, // .+@@-.......
        0x00, 0x7F, 0xFF, 0xFF, 0x6F, 0x00, 0x00, 0x00, 0x00, 0x00, 0x00, 0x00, // .=@@=.......
        0x00, 0x51, 0xFF, 0xFF, 0xC1, 0x01, 0x00, 0x00, 0x00, 0x00, 0x05, 0x00, // .-@@#.......
        0x00, 0x0A, 0xEB, 0xFF, 0xFF, 0x9C, 0x27, 0x13, 0x3E, 0xB2, 0x2A, 0x00, // ..%@@+:.:*:.
        0x00, 0x00, 0x55, 0xFD, 0xFF, 0xFF, 0xFF, 0xFF, 0xFF, 0xFF, 0x2A, 0x00, // ..-%@@@@@@:.
        0x00, 0x00, 0x00, 0x4B, 0xD7, 0xFF, 0xFF, 0xFF, 0xFF, 0xC3, 0x14, 0x00, // ...-#@@@@#..
        0x00, 0x00, 0x00, 0x00, 0x00, 0x24, 0x42, 0x3E, 0x19, 0x00, 0x00, 0x00, // .....:-:....
        0x00, 0x00, 0x00, 0x00, 0x00, 0x00, 0x00, 0x00, 0x00, 0x00, 0x00, 0x00, // ............
        0x00, 0x00, 0x00, 0x00, 0x00, 0x00, 0x00, 0x00, 0x00, 0x00, 0x00, 0x00, // ............
        0x00, 0x00, 0x00, 0x00, 0x00, 0x00, 0x00, 0x00, 0x00, 0x00, 0x00, 0x00, // ............
        0x00, 0x00, 0x00, 0x00, 0x00, 0x00, 0x00, 0x00, 0x00, 0x00, 0x00, 0x00, // ............
    ],
    // 0x64 'd'
    [
        0x00, 0x00, 0x00, 0x00, 0x00, 0x00, 0x00, 0x00, 0x00, 0x00, 0x00, 0x00, // ............
        0x00, 0x00, 0x00, 0x00, 0x00, 0x00, 0x00, 0x00, 0x00, 0x00, 0x00, 0x00, // ............
        0x00, 0x00, 0x00, 0x00, 0x00, 0x00, 0x00, 0x00, 0x00, 0x00, 0x00, 0x00, // ............
        0x00, 0x00, 0x00, 0x00, 0x00, 0x00, 0x00, 0x0D, 0x30, 0x30, 0x1C, 0x00, // ........::..
        0x00, 0x00, 0x00, 0x00, 0x00, 0x00, 0x00, 0x46, 0xFF, 0xFF, 0x93, 0x00, // .......-@@+.
        0x00, 0x00, 0x00, 0x00, 0x00, 0x00, 0x00, 0x46, 0xFF, 0xFF, 0x93, 0x00, // .......-@@+.
        0x00, 0x00, 0x00, 0x00, 0x00, 0x00, 0x00, 0x46, 0xFF, 0xFF, 0x93, 0x00, // .......-@@+.
        0x00, 0x00, 0x00, 0x06, 0x2C, 0x1E, 0x00, 0x46, 0xFF, 0xFF, 0x93, 0x00, // ....:..-@@+.
        0x00, 0x00, 0x52, 0xEB, 0xFF, 0xFF, 0xB3, 0x53, 0xFF, 0xFF, 0x93, 0x00, // ..-%@@*-@@+.
        0x00, 0x2F, 0xFA, 0xFF, 0xFF, 0xFF, 0xFF, 0xDF, 0xFF, 0xFF, 0x93, 0x00, // .:%@@@@#@@+.
        0x00, 0xA6, 0xFF, 0xFF, 0xBB, 0x38, 0x71, 0xFD, 0xFF, 0xFF, 0x93, 0x00, // .*@@*:=%@@+.
        0x00, 0xED, 0xFF, 0xFB, 0x18, 0x00, 0x00, 0xA5, 0xFF, 0xFF, 0x93, 0x00, // .%@%...*@@+.
        0x12, 0xFF, 0xFF, 0xD0, 0x00, 0x00, 0x00, 0x5C, 0xFF, 0xFF, 0x93, 0x00, // .@@#...-@@+.
        0x1D, 0xFF, 0xFF, 0xBE, 0x00, 0x00, 0x00, 0x48, 0xFF, 0xFF, 0x93, 0x00, // .@@*...-@@+.
        0x14, 0xFF, 0xFF, 0xCF, 0x00, 0x00, 0x00, 0x58, 0xFF, 0xFF, 0x93, 0x00, // .@@#...-@@+.
        0x01, 0xF1, 0xFF, 0xFA, 0x15, 0x00, 0x00, 0x97, 0xFF, 0xFF, 0x93, 0x00, // .%@%...+@@+.
        0x00, 0xAE, 0xFF, 0xFF, 0xAD, 0x1A, 0x50, 0xF8, 0xFF, 0xFF, 0x93, 0x00, // .*@@*.-%@@+.
        0x00, 0x3A, 0xFD, 0xFF, 0xFF, 0xFF, 0xFF, 0xDB, 0xFF, 0xFF, 0x93, 0x00, // .:%@@@@#@@+.
        0x00, 0x00, 0x65, 0xF6, 0xFF, 0xFF, 0xCB, 0x29, 0xFF, 0xFF, 0x93, 0x00, // ..=%@@#:@@+.
        0x00, 0x00, 0x00, 0x11, 0x3F, 0x33, 0x02, 0x00, 0x00, 0x00, 0x00, 0x00, // ....::......
        0x00, 0x00, 0x00, 0x00, 0x00, 0x00, 0x00, 0x00, 0x00, 0x00, 0x00, 0x00, // ............
        0x00, 0x00, 0x00, 0x00, 0x00, 0x00, 0x00, 0x00, 0x00, 0x00, 0x00, 0x00, // ............
        0x00, 0x00, 0x00, 0x00, 0x00, 0x00, 0x00, 0x00, 0x00, 0x00, 0x00, 0x00, // ............
        0x00, 0x00, 0x00, 0x00, 0x00, 0x00, 0x00, 0x00, 0x00, 0x00, 0x00, 0x00, // ............
    ],
    // 0x65 'e'
    [
        0x00, 0x00, 0x00, 0x00, 0x00, 0x00, 0x00, 0x00, 0x00, 0x00, 0x00, 0x00, // ............
        0x00, 0x00, 0x00, 0x00, 0x00, 0x00, 0x00, 0x00, 0x00, 0x00, 0x00, 0x00, // ............
        0x00, 0x00, 0x00, 0x00, 0x00, 0x00, 0x00, 0x00, 0x00, 0x00, 0x00, 0x00, // ............
        0x00, 0x00, 0x00, 0x00, 0x00, 0x00, 0x00, 0x00, 0x00, 0x00, 0x00, 0x00, // ............
        0x00, 0x00, 0x00, 0x00, 0x00, 0x00, 0x00, 0x00, 0x00, 0x00, 0x00, 0x00, // ............
        0x00, 0x00, 0x00, 0x00, 0x00, 0x00, 0x00, 0x00, 0x00, 0x00, 0x00, 0x00, // ............
        0x00, 0x00, 0x00, 0x00, 0x00, 0x00, 0x00, 0x00, 0x00, 0x00, 0x00, 0x00, // ............
        0x00, 0x00, 0x00, 0x00, 0x07, 0x2A, 0x2F, 0x0F, 0x00, 0x00, 0x00, 0x00, // .....::.....
        0x00, 0x00, 0x14, 0x9D, 0xF6, 0xFF, 0xFF, 0xFC, 0xAD, 0x19, 0x00, 0x00, // ...+%@@%*...
        0x00, 0x10, 0xD8, 0xFF, 0xFF, 0xFF, 0xFF, 0xFF, 0xFF, 0xDC, 0x11, 0x00, // ..#@@@@@@#..
        0x00, 0x8E, 0xFF, 0xFF, 0x99, 0x16, 0x0D, 0x7C, 0xFF, 0xFF, 0x8C, 0x00, // .+@@+..=@@+.
        0x02, 0xEB, 0xFF, 0xE8, 0x05, 0x00, 0x00, 0x00, 0xDC, 0xFF, 0xE6, 0x00, // .%@%....#@%.
        0x20, 0xFF, 0xFF, 0xEC, 0xAF, 0xAF, 0xAF, 0xAF, 0xEC, 0xFF, 0xFF, 0x14, // :@@%****%@@.
        0x31, 0xFF, 0xFF, 0xFF, 0xFF, 0xFF, 0xFF, 0xFF, 0xFF, 0xFF, 0xFF, 0x1F, // :@@@@@@@@@@.
        0x26, 0xFF, 0xFF, 0xD8, 0x70, 0x70, 0x70, 0x70, 0x70, 0x70, 0x70, 0x0E, // :@@#=======.
        0x05, 0xF4, 0xFF, 0xE2, 0x04, 0x00, 0x00, 0x00, 0x00, 0x00, 0x06, 0x00, // .%@%........
        0x00, 0xA1, 0xFF, 0xFF, 0xA2, 0x23, 0x00, 0x0A, 0x3D, 0x95, 0xA0, 0x00, // .*@@*:..:+*.
        0x00, 0x1A, 0xE4, 0xFF, 0xFF, 0xFF, 0xFF, 0xFF, 0xFF, 0xFF, 0xA9, 0x00, // ..%@@@@@@@*.
        0x00, 0x00, 0x1C, 0xAA, 0xFA, 0xFF, 0xFF, 0xFF, 0xFF, 0xDC, 0x64, 0x00, // ...*%@@@@#=.
        0x00, 0x00, 0x00, 0x00, 0x0D, 0x37, 0x42, 0x3B, 0x19, 0x00, 0x00, 0x00, // .....:-:....
        0x00, 0x00, 0x00, 0x00, 0x00, 0x00, 0x00, 0x00, 0x00, 0x00, 0x00, 0x00, // ............
        0x00, 0x00, 0x00, 0x00, 0x00, 0x00, 0x00, 0x00, 0x00, 0x00, 0x00, 0x00, // ............
        0x00, 0x00, 0x00, 0x00, 0x00, 0x00, 0x00, 0x00, 0x00, 0x00, 0x00, 0x00, // ............
        0x00, 0x00, 0x00, 0x00, 0x00, 0x00, 0x00, 0x00, 0x00, 0x00, 0x00, 0x00, // ............
    ],
    // 0x66 'f'
    [
        0x00, 0x00, 0x00, 0x00, 0x00, 0x00, 0x00, 0x00, 0x00, 0x00, 0x00, 0x00, // ............
        0x00, 0x00, 0x00, 0x00, 0x00, 0x00, 0x00, 0x00, 0x00, 0x00, 0x00, 0x00, // ............
        0x00, 0x00, 0x00, 0x00, 0x00, 0x00, 0x00, 0x00, 0x00, 0x00, 0x00, 0x00, // ............
        0x00, 0x00, 0x00, 0x00, 0x00, 0x00, 0x12, 0x2E, 0x30, 0x30, 0x12, 0x00, // .......:::..
        0x00, 0x00, 0x00, 0x00, 0x17, 0xC0, 0xFF, 0xFF, 0xFF, 0xFF, 0x61, 0x00, // .....#@@@@=.
        0x00, 0x00, 0x00, 0x00, 0x94, 0xFF, 0xFF, 0xFF, 0xFF, 0xFF, 0x61, 0x00, // ....+@@@@@=.
        0x00, 0x00, 0x00, 0x00, 0xCB, 0xFF, 0xFF, 0x32, 0x00, 0x00, 0x00, 0x00, // ....#@@:....
        0x00, 0x00, 0x00, 0x00, 0xD6, 0xFF, 0xFF, 0x06, 0x00, 0x00, 0x00, 0x00, // ....#@@.....
        0x00, 0x77, 0xEF, 0xEF, 0xFC, 0xFF, 0xFF, 0xEF, 0xEF, 0xEF, 0x5B, 0x00, // .=%%%@@%%%-.
        0x00, 0x7F, 0xFF, 0xFF, 0xFF, 0xFF, 0xFF, 0xFF, 0xFF, 0xFF, 0x61, 0x00, // .=@@@@@@@@=.
        0x00, 0x20, 0x40, 0x40, 0xE0, 0xFF, 0xFF, 0x44, 0x40, 0x40, 0x18, 0x00, // .:--%@@---..
        0x00, 0x00, 0x00, 0x00, 0xD6, 0xFF, 0xFF, 0x05, 0x00, 0x00, 0x00, 0x00, // ....#@@.....
        0x00, 0x00, 0x00, 0x00, 0xD6, 0xFF, 0xFF, 0x05, 0x00, 0x00, 0x00, 0x00, // ....#@@.....
        0x00, 0x00, 0x00, 0x00, 0xD6, 0xFF, 0xFF, 0x05, 0x00, 0x00, 0x00, 0x00, // ....#@@.....
        0x00, 0x00, 0x00, 0x00, 0xD6, 0xFF, 0xFF, 0x05, 0x00, 0x00, 0x00, 0x00, // ....#@@.....
        0x00, 0x00, 0x00, 0x00, 0xD6, 0xFF, 0xFF, 0x05, 0x00, 0x00, 0x00, 0x00, // ....#@@.....
        0x00, 0x00, 0x00, 0x00, 0xD6, 0xFF, 0xFF, 0x05, 0x00, 0x00, 0x00, 0x00, // ....#@@.....
        0x00, 0x00, 0x00, 0x00, 0xD6, 0xFF, 0xFF, 0x05, 0x00, 0x00, 0x00, 0x00, // ....#@@.....
        0x00, 0x00, 0x00, 0x00, 0xD6, 0xFF, 0xFF, 0x05, 0x00, 0x00, 0x00, 0x00, // ....#@@.....
        0x00, 0x00, 0x00, 0x00, 0x00, 0x00, 0x00, 0x00, 0x00, 0x00, 0x00, 0x00, // ............
        0x00, 0x00, 0x00, 0x00, 0x00, 0x00, 0x00, 0x00, 0x00, 0x00, 0x00, 0x00, // ............
        0x00, 0x00, 0x00, 0x00, 0x00, 0x00, 0x00, 0x00, 0x00, 0x00, 0x00, 0x00, // ............
        0x00, 0x00, 0x00, 0x00, 0x00, 0x00, 0x00, 0x00, 0x00, 0x00, 0x00, 0x00, // ............
        0x00, 0x00, 0x00, 0x00, 0x00, 0x00, 0x00, 0x00, 0x00, 0x00, 0x00, 0x00, // ............
    ],
    // 0x67 'g'
    [
        0x00, 0x00, 0x00, 0x00, 0x00, 0x00, 0x00, 0x00, 0x00, 0x00, 0x00, 0x00, // ............
        0x00, 0x00, 0x00, 0x00, 0x00, 0x00, 0x00, 0x00, 0x00, 0x00, 0x00, 0x00, // ............
        0x00, 0x00, 0x00, 0x00, 0x00, 0x00, 0x00, 0x00, 0x00, 0x00, 0x00, 0x00, // ............
        0x00, 0x00, 0x00, 0x00, 0x00, 0x00, 0x00, 0x00, 0x00, 0x00, 0x00, 0x00, // ............
        0x00, 0x00, 0x00, 0x00, 0x00, 0x00, 0x00, 0x00, 0x00, 0x00, 0x00, 0x00, // ............
        0x00, 0x00, 0x00, 0x00, 0x00, 0x00, 0x00, 0x00, 0x00, 0x00, 0x00, 0x00, // ............
        0x00, 0x00, 0x00, 0x00, 0x00, 0x00, 0x00, 0x00, 0x00, 0x00, 0x00, 0x00, // ............
        0x00, 0x00, 0x00, 0x06, 0x2E, 0x2A, 0x02, 0x00, 0x00, 0x00, 0x00, 0x00, // ....::......
        0x00, 0x00, 0x41, 0xE6, 0xFF, 0xFF, 0xDB, 0x2F, 0xE5, 0xEF, 0xA8, 0x00, // ..-%@@#:%%*.
        0x00, 0x1C, 0xF2, 0xFF, 0xFF, 0xFF, 0xFF, 0xE9, 0xFF, 0xFF, 0xB3, 0x00, // ..%@@@@%@@*.
        0x00, 0x8A, 0xFF, 0xFF, 0xC7, 0x30, 0x50, 0xF3, 0xFF, 0xFF, 0xB3, 0x00, // .+@@#:-%@@*.
        0x00, 0xD4, 0xFF, 0xFF, 0x28, 0x00, 0x00, 0x7E, 0xFF, 0xFF, 0xB3, 0x00, // .#@@:..=@@*.
        0x02, 0xFA, 0xFF, 0xE2, 0x00, 0x00, 0x00, 0x39, 0xFF, 0xFF, 0xB3, 0x00, // .%@%...:@@*.
        0x0A, 0xFF, 0xFF, 0xD3, 0x00, 0x00, 0x00, 0x2B, 0xFF, 0xFF, 0xB3, 0x00, // .@@#...:@@*.
        0x01, 0xF8, 0xFF, 0xED, 0x01, 0x00, 0x00, 0x47, 0xFF, 0xFF, 0xB3, 0x00, // .%@%...-@@*.
        0x00, 0xCB, 0xFF, 0xFF, 0x4A, 0x00, 0x00, 0xA3, 0xFF, 0xFF, 0xB3, 0x00, // .#@@-..*@@*.
        0x00, 0x74, 0xFF, 0xFF, 0xEB, 0x78, 0x99, 0xFF, 0xFF, 0xFF, 0xB3, 0x00, // .=@@%=+@@@*.
        0x00, 0x09, 0xD1, 0xFF, 0xFF, 0xFF, 0xFF, 0xD7, 0xFF, 0xFF, 0xB3, 0x00, // ..#@@@@#@@*.
        0x00, 0x00, 0x11, 0x8F, 0xD2, 0xD4, 0x90, 0x37, 0xFF, 0xFF, 0xB1, 0x00, // ...+##+:@@*.
        0x00, 0x00, 0x00, 0x00, 0x00, 0x00, 0x00, 0x4E, 0xFF, 0xFF, 0x9B, 0x00, // .......-@@+.
        0x00, 0x00, 0xB8, 0x6F, 0x38, 0x25, 0x4E, 0xDC, 0xFF, 0xFF, 0x60, 0x00, // ..*=::-#@@=.
        0x00, 0x00, 0xE6, 0xFF, 0xFF, 0xFF, 0xFF, 0xFF, 0xFF, 0xD9, 0x09, 0x00, // ..%@@@@@@#..
        0x00, 0x00, 0xA7, 0xF0, 0xFF, 0xFF, 0xFF, 0xF3, 0xA2, 0x19, 0x00, 0x00, // ..*%@@@%*...
        0x00, 0x00, 0x00, 0x00, 0x15, 0x20, 0x1A, 0x02, 0x00, 0x00, 0x00, 0x00, // .....:......
    ],
    // 0x68 'h'
    [
        0x00, 0x00, 0x00, 0x00, 0x00, 0x00, 0x00, 0x00, 0x00, 0x00, 0x00, 0x00, // ............
        0x00, 0x00, 0x00, 0x00, 0x00, 0x00, 0x00, 0x00, 0x00, 0x00, 0x00, 0x00, // ............
        0x00, 0x00, 0x00, 0x00, 0x00, 0x00, 0x00, 0x00, 0x00, 0x00, 0x00, 0x00, // ............
        0x00, 0x0F, 0x30, 0x30, 0x19, 0x00, 0x00, 0x00, 0x00, 0x00, 0x00, 0x00, // ..::........
        0x00, 0x52, 0xFF, 0xFF, 0x85, 0x00, 0x00, 0x00, 0x00, 0x00, 0x00, 0x00, // .-@@+.......
        0x00, 0x52, 0xFF, 0xFF, 0x85, 0x00, 0x00, 0x00, 0x00, 0x00, 0x00, 0x00, // .-@@+.......
        0x00, 0x52, 0xFF, 0xFF, 0x85, 0x00, 0x00, 0x00, 0x00, 0x00, 0x00, 0x00, // .-@@+.......
        0x00, 0x52, 0xFF, 0xFF, 0x85, 0x00, 0x19, 0x2F, 0x0B, 0x00, 0x00, 0x00, // .-@@+..:....
        0x00, 0x52, 0xFF, 0xFF, 0x89, 0xA1, 0xFE, 0xFF, 0xF3, 0x57, 0x00, 0x00, // .-@@+*%@%-..
        0x00, 0x52, 0xFF, 0xFF, 0xE4, 0xFF, 0xFF, 0xFF, 0xFF, 0xF4, 0x12, 0x00, // .-@@%@@@@%..
        0x00, 0x52, 0xFF, 0xFF, 0xFC, 0x62, 0x30, 0xD3, 0xFF, 0xFF, 0x55, 0x00, // .-@@%=:#@@-.
        0x00, 0x52, 0xFF, 0xFF, 0xB1, 0x00, 0x00, 0x73, 0xFF, 0xFF, 0x71, 0x00, // .-@@*..=@@=.
        0x00, 0x52, 0xFF, 0xFF, 0x88, 0x00, 0x00, 0x62, 0xFF, 0xFF, 0x75, 0x00, // .-@@+..=@@=.
        0x00, 0x52, 0xFF, 0xFF, 0x85, 0x00, 0x00, 0x62, 0xFF, 0xFF, 0x75, 0x00, // .-@@+..=@@=.
        0x00, 0x52, 0xFF, 0xFF, 0x85, 0x00, 0x00, 0x62, 0xFF, 0xFF, 0x75, 0x00, // .-@@+..=@@=.
        0x00, 0x52, 0xFF, 0xFF, 0x85, 0x00, 0x00, 0x62, 0xFF, 0xFF, 0x75, 0x00, // .-@@+..=@@=.
        0x00, 0x52, 0xFF, 0xFF, 0x85, 0x00, 0x00, 0x62, 0xFF, 0xFF, 0x75, 0x00, // .-@@+..=@@=.
        0x00, 0x52, 0xFF, 0xFF, 0x85, 0x00, 0x00, 0x62, 0xFF, 0xFF, 0x75, 0x00, // .-@@+..=@@=.
        0x00, 0x52, 0xFF, 0xFF, 0x85, 0x00, 0x00, 0x62, 0xFF, 0xFF, 0x75, 0x00, // .-@@+..=@@=.
        0x00, 0x00, 0x00, 0x00, 0x00, 0x00, 0x00, 0x00, 0x00, 0x00, 0x00, 0x00, // ............
        0x00, 0x00, 0x00, 0x00, 0x00, 0x00, 0x00, 0x00, 0x00, 0x00, 0x00, 0x00, // ............
        0x00, 0x00, 0x00, 0x00, 0x00, 0x00, 0x00, 0x00, 0x00, 0x00, 0x00, 0x00, // ............
        0x00, 0x00, 0x00, 0x00, 0x00, 0x00, 0x00, 0x00, 0x00, 0x00, 0x00, 0x00, // ............
        0x00, 0x00, 0x00, 0x00, 0x00, 0x00, 0x00, 0x00, 0x00, 0x00, 0x00, 0x00, // ............
    ],
    // 0x69 'i'
    [
        0x00, 0x00, 0x00, 0x00, 0x00, 0x00, 0x00, 0x00, 0x00, 0x00, 0x00, 0x00, // ............
        0x00, 0x00, 0x00, 0x00, 0x00, 0x00, 0x00, 0x00, 0x00, 0x00, 0x00, 0x00, // ............
        0x00, 0x00, 0x00, 0x00, 0x00, 0x00, 0x00, 0x00, 0x00, 0x00, 0x00, 0x00, // ............
        0x00, 0x00, 0x00, 0x00, 0x7D, 0x8F, 0x89, 0x00, 0x00, 0x00, 0x00, 0x00, // ....=++.....
        0x00, 0x00, 0x00, 0x00, 0xE3, 0xFF, 0xF8, 0x00, 0x00, 0x00, 0x00, 0x00, // ....%@%.....
        0x00, 0x00, 0x00, 0x00, 0xE3, 0xFF, 0xF8, 0x00, 0x00, 0x00, 0x00, 0x00, // ....%@%.....
        0x00, 0x00, 0x00, 0x00, 0xA7, 0xBF, 0xB7, 0x00, 0x00, 0x00, 0x00, 0x00, // ....***.....
        0x00, 0x00, 0x00, 0x00, 0x00, 0x00, 0x00, 0x00, 0x00, 0x00, 0x00, 0x00, // ............
        0x00, 0x31, 0xEF, 0xEF, 0xEF, 0xEF, 0xE9, 0x00, 0x00, 0x00, 0x00, 0x00, // .:%%%%%.....
        0x00, 0x34, 0xFF, 0xFF, 0xFF, 0xFF, 0xF8, 0x00, 0x00, 0x00, 0x00, 0x00, // .:@@@@%.....
        0x00, 0x0D, 0x40, 0x40, 0xEA, 0xFF, 0xF8, 0x00, 0x00, 0x00, 0x00, 0x00, // ..--%@%.....
        0x00, 0x00, 0x00, 0x00, 0xE3, 0xFF, 0xF8, 0x00, 0x00, 0x00, 0x00, 0x00, // ....%@%.....
        0x00, 0x00, 0x00, 0x00, 0xE3, 0xFF, 0xF8, 0x00, 0x00, 0x00, 0x00, 0x00, // ....%@%.....
        0x00, 0x00, 0x00, 0x00, 0xE3, 0xFF, 0xF8, 0x00, 0x00, 0x00, 0x00, 0x00, // ....%@%.....
        0x00, 0x00, 0x00, 0x00, 0xE2, 0xFF, 0xF9, 0x00, 0x00, 0x00, 0x00, 0x00, // ....%@%.....
        0x00, 0x00, 0x00, 0x00, 0xD7, 0xFF, 0xFF, 0x0F, 0x00, 0x00, 0x00, 0x00, // ....#@@.....
        0x00, 0x00, 0x00, 0x00, 0xB0, 0xFF, 0xFF, 0x8F, 0x19, 0x10, 0x10, 0x00, // ....*@@+....
        0x00, 0x00, 0x00, 0x00, 0x54, 0xFF, 0xFF, 0xFF, 0xFF, 0xFF, 0xFF, 0x04, // ....-@@@@@@.
        0x00, 0x00, 0x00, 0x00, 0x00, 0x77, 0xED, 0xFF, 0xFF, 0xFF, 0xFF, 0x04, // .....=%@@@@.
        0x00, 0x00, 0x00, 0x00, 0x00, 0x00, 0x02, 0x1A, 0x20, 0x20, 0x20, 0x00, // ........:::.
        0x00, 0x00, 0x00, 0x00, 0x00, 0x00, 0x00, 0x00, 0x00, 0x00, 0x00, 0x00, // ............
        0x00, 0x00, 0x00, 0x00, 0x00, 0x00, 0x00, 0x00, 0x00, 0x00, 0x00, 0x00, // ............
        0x00, 0x00, 0x00, 0x00, 0x00, 0x00, 0x00, 0x00, 0x00, 0x00, 0x00, 0x00, // ............
        0x00, 0x00, 0x00, 0x00, 0x00, 0x00, 0x00, 0x00, 0x00, 0x00, 0x00, 0x00, // ............
    ],
    // 0x6A 'j'
    [
        0x00, 0x00, 0x00, 0x00, 0x00, 0x00, 0x00, 0x00, 0x00, 0x00, 0x00, 0x00, // ............
        0x00, 0x00, 0x00, 0x00, 0x00, 0x00, 0x00, 0x00, 0x00, 0x00, 0x00, 0x00, // ............
        0x00, 0x00, 0x00, 0x00, 0x00, 0x00, 0x00, 0x00, 0x00, 0x00, 0x00, 0x00, // ............
        0x00, 0x00, 0x00, 0x00, 0x00, 0x28, 0x8F, 0x8F, 0x4E, 0x00, 0x00, 0x00, // .....:++-...
        0x00, 0x00, 0x00, 0x00, 0x00, 0x4C, 0xFF, 0xFF, 0x90, 0x00, 0x00, 0x00, // .....-@@+...
        0x00, 0x00, 0x00, 0x00, 0x00, 0x4C, 0xFF, 0xFF, 0x90, 0x00, 0x00, 0x00, // .....-@@+...
        0x00, 0x00, 0x00, 0x00, 0x00, 0x36, 0xBF, 0xBF, 0x69, 0x00, 0x00, 0x00, // .....:**=...
        0x00, 0x00, 0x00, 0x00, 0x00, 0x00, 0x00, 0x00, 0x00, 0x00, 0x00, 0x00, // ............
        0x00, 0x00, 0x2F, 0xEF, 0xEF, 0xEF, 0xEF, 0xEF, 0x87, 0x00, 0x00, 0x00, // ..:%%%%%+...
        0x00, 0x00, 0x32, 0xFF, 0xFF, 0xFF, 0xFF, 0xFF, 0x90, 0x00, 0x00, 0x00, // ..:@@@@@+...
        0x00, 0x00, 0x0D, 0x40, 0x40, 0x79, 0xFF, 0xFF, 0x90, 0x00, 0x00, 0x00, // ...--=@@+...
        0x00, 0x00, 0x00, 0x00, 0x00, 0x4C, 0xFF, 0xFF, 0x90, 0x00, 0x00, 0x00, // .....-@@+...
        0x00, 0x00, 0x00, 0x00, 0x00, 0x4C, 0xFF, 0xFF, 0x90, 0x00, 0x00, 0x00, // .....-@@+...
        0x00, 0x00, 0x00, 0x00, 0x00, 0x4C, 0xFF, 0xFF, 0x90, 0x00, 0x00, 0x00, // .....-@@+...
        0x00, 0x00, 0x00, 0x00, 0x00, 0x4C, 0xFF, 0xFF, 0x90, 0x00, 0x00, 0x00, // .....-@@+...
        0x00, 0x00, 0x00, 0x00, 0x00, 0x4C, 0xFF, 0xFF, 0x90, 0x00, 0x00, 0x00, // .....-@@+...
        0x00, 0x00, 0x00, 0x00, 0x00, 0x4C, 0xFF, 0xFF, 0x90, 0x00, 0x00, 0x00, // .....-@@+...
        0x00, 0x00, 0x00, 0x00, 0x00, 0x4C, 0xFF, 0xFF, 0x90, 0x00, 0x00, 0x00, // .....-@@+...
        0x00, 0x00, 0x00, 0x00, 0x00, 0x4C, 0xFF, 0xFF, 0x8F, 0x00, 0x00, 0x00, // .....-@@+...
        0x00, 0x00, 0x00, 0x00, 0x00, 0x61, 0xFF, 0xFF, 0x85, 0x00, 0x00, 0x00, // .....=@@+...
        0x00, 0x05, 0x10, 0x10, 0x23, 0xCA, 0xFF, 0xFF, 0x5F, 0x00, 0x00, 0x00, // ....:#@@-...
        0x00, 0x57, 0xFF, 0xFF, 0xFF, 0xFF, 0xFF, 0xF2, 0x14, 0x00, 0x00, 0x00, // .-@@@@@%....
        0x00, 0x57, 0xFF, 0xFF, 0xFF, 0xFF, 0xDB, 0x44, 0x00, 0x00, 0x00, 0x00, // .-@@@@#-....
        0x00, 0x0B, 0x20, 0x20, 0x20, 0x17, 0x00, 0x00, 0x00, 0x00, 0x00, 0x00, // ..:::.......
    ],
    // 0x6B 'k'
    [
        0x00, 0x00, 0x00, 0x00, 0x00, 0x00, 0x00, 0x00, 0x00, 0x00, 0x00, 0x00, // ............
        0x00, 0x00, 0x00, 0x00, 0x00, 0x00, 0x00, 0x00, 0x00, 0x00, 0x00, 0x00, // ............
        0x00, 0x00, 0x00, 0x00, 0x00, 0x00, 0x00, 0x00, 0x00, 0x00, 0x00, 0x00, // ............
        0x00, 0x0E, 0x30, 0x30, 0x1B, 0x00, 0x00, 0x00, 0x00, 0x00, 0x00, 0x00, // ..::........
        0x00, 0x4D, 0xFF, 0xFF, 0x8F, 0x00, 0x00, 0x00, 0x00, 0x00, 0x00, 0x00, // .-@@+.......
        0x00, 0x4D, 0xFF, 0xFF, 0x8F, 0x00, 0x00, 0x00, 0x00, 0x00, 0x00, 0x00, // .-@@+.......
        0x00, 0x4D, 0xFF, 0xFF, 0x8F, 0x00, 0x00, 0x00, 0x00, 0x00, 0x00, 0x00, // .-@@+.......
        0x00, 0x4D, 0xFF, 0xFF, 0x8F, 0x00, 0x00, 0x00, 0x00, 0x00, 0x00, 0x00, // .-@@+.......
        0x00, 0x4D, 0xFF, 0xFF, 0x8F, 0x00, 0x00, 0x68, 0xEF, 0xEF, 0xD1, 0x1B, // .-@@+..=%%#.
        0x00, 0x4D, 0xFF, 0xFF, 0x8F, 0x00, 0x57, 0xFD, 0xFF, 0xE0, 0x21, 0x00, // .-@@+.-%@%:.
        0x00, 0x4D, 0xFF, 0xFF, 0x8F, 0x47, 0xF9, 0xFF, 0xDE, 0x1F, 0x00, 0x00, // .-@@+-%@#...
        0x00, 0x4D, 0xFF, 0xFF, 0xC2, 0xF4, 0xFF, 0xDC, 0x1E, 0x00, 0x00, 0x00, // .-@@#%@#....
        0x00, 0x4D, 0xFF, 0xFF, 0xFF, 0xFF, 0xFF, 0x91, 0x00, 0x00, 0x00, 0x00, // .-@@@@@+....
        0x00, 0x4D, 0xFF, 0xFF, 0xFF, 0xFC, 0xFF, 0xFC, 0x34, 0x00, 0x00, 0x00, // .-@@@%@%:...
        0x00, 0x4D, 0xFF, 0xFF, 0xD3, 0x37, 0xF7, 0xFF, 0xCF, 0x04, 0x00, 0x00, // .-@@#:%@#...
        0x00, 0x4D, 0xFF, 0xFF, 0x8F, 0x00, 0x83, 0xFF, 0xFF, 0x77, 0x00, 0x00, // .-@@+.+@@=..
        0x00, 0x4D, 0xFF, 0xFF, 0x8F, 0x00, 0x0B, 0xE2, 0xFF, 0xF6, 0x24, 0x00, // .-@@+..%@%:.
        0x00, 0x4D, 0xFF, 0xFF, 0x8F, 0x00, 0x00, 0x58, 0xFF, 0xFF, 0xBD, 0x01, // .-@@+..-@@*.
        0x00, 0x4D, 0xFF, 0xFF, 0x8F, 0x00, 0x00, 0x01, 0xC1, 0xFF, 0xFF, 0x61, // .-@@+...#@@=
        0x00, 0x00, 0x00, 0x00, 0x00, 0x00, 0x00, 0x00, 0x00, 0x00, 0x00, 0x00, // ............
        0x00, 0x00, 0x00, 0x00, 0x00, 0x00, 0x00, 0x00, 0x00, 0x00, 0x00, 0x00, // ............
        0x00, 0x00, 0x00, 0x00, 0x00, 0x00, 0x00, 0x00, 0x00, 0x00, 0x00, 0x00, // ............
        0x00, 0x00, 0x00, 0x00, 0x00, 0x00, 0x00, 0x00, 0x00, 0x00, 0x00, 0x00, // ............
        0x00, 0x00, 0x00, 0x00, 0x00, 0x00, 0x00, 0x00, 0x00, 0x00, 0x00, 0x00, // ............
    ],
    // 0x6C 'l'
    [
        0x00, 0x00, 0x00, 0x00, 0x00, 0x00, 0x00, 0x00, 0x00, 0x00, 0x00, 0x00, // ............
        0x00, 0x00, 0x00, 0x00, 0x00, 0x00, 0x00, 0x00, 0x00, 0x00, 0x00, 0x00, // ............
        0x00, 0x00, 0x00, 0x00, 0x00, 0x00, 0x00, 0x00, 0x00, 0x00, 0x00, 0x00, // ............
        0x01, 0x30, 0x30, 0x30, 0x30, 0x30, 0x23, 0x00, 0x00, 0x00, 0x00, 0x00, // .::::::.....
        0x06, 0xFF, 0xFF, 0xFF, 0xFF, 0xFF, 0xBC, 0x00, 0x00, 0x00, 0x00, 0x00, // .@@@@@*.....
        0x06, 0xFF, 0xFF, 0xFF, 0xFF, 0xFF, 0xBC, 0x00, 0x00, 0x00, 0x00, 0x00, // .@@@@@*.....
        0x00, 0x00, 0x00, 0x1F, 0xFF, 0xFF, 0xBC, 0x00, 0x00, 0x00, 0x00, 0x00, // ....@@*.....
        0x00, 0x00, 0x00, 0x1F, 0xFF, 0xFF, 0xBC, 0x00, 0x00, 0x00, 0x00, 0x00, // ....@@*.....
        0x00, 0x00, 0x00, 0x1F, 0xFF, 0xFF, 0xBC, 0x00, 0x00, 0x00, 0x00, 0x00, // ....@@*.....
        0x00, 0x00, 0x00, 0x1F, 0xFF, 0xFF, 0xBC, 0x00, 0x00, 0x00, 0x00, 0x00, // ....@@*.....
        0x00, 0x00, 0x00, 0x1F, 0xFF, 0xFF, 0xBC, 0x00, 0x00, 0x00, 0x00, 0x00, // ....@@*.....
        0x00, 0x00, 0x00, 0x1F, 0xFF, 0xFF, 0xBC, 0x00, 0x00, 0x00, 0x00, 0x00, // ....@@*.....
        0x00, 0x00, 0x00, 0x1F, 0xFF, 0xFF, 0xBC, 0x00, 0x00, 0x00, 0x00, 0x00, // ....@@*.....
        0x00, 0x00, 0x00, 0x1F, 0xFF, 0xFF, 0xBC, 0x00, 0x00, 0x00, 0x00, 0x00, // ....@@*.....
        0x00, 0x00, 0x00, 0x1F, 0xFF, 0xFF, 0xBD, 0x00, 0x00, 0x00, 0x00, 0x00, // ....@@*.....
        0x00, 0x00, 0x00, 0x13, 0xFF, 0xFF, 0xD4, 0x00, 0x00, 0x00, 0x00, 0x00, // ....@@#.....
        0x00, 0x00, 0x00, 0x00, 0xE9, 0xFF, 0xFF, 0x68, 0x21, 0x20, 0x19, 0x00, // ....%@@=::..
        0x00, 0x00, 0x00, 0x00, 0x8A, 0xFF, 0xFF, 0xFF, 0xFF, 0xFF, 0xC7, 0x00, // ....+@@@@@#.
        0x00, 0x00, 0x00, 0x00, 0x08, 0x94, 0xF1, 0xFF, 0xFF, 0xFF, 0xC7, 0x00, // .....+%@@@#.
        0x00, 0x00, 0x00, 0x00, 0x00, 0x00, 0x01, 0x10, 0x10, 0x10, 0x0C, 0x00, // ............
        0x00, 0x00, 0x00, 0x00, 0x00, 0x00, 0x00, 0x00, 0x00, 0x00, 0x00, 0x00, // ............
        0x00, 0x00, 0x00, 0x00, 0x00, 0x00, 0x00, 0x00, 0x00, 0x00, 0x00, 0x00, // ............
        0x00, 0x00, 0x00, 0x00, 0x00, 0x00, 0x00, 0x00, 0x00, 0x00, 0x00, 0x00, // ............
        0x00, 0x00, 0x00, 0x00, 0x00, 0x00, 0x00, 0x00, 0x00, 0x00, 0x00, 0x00, // ............
    ],
    // 0x6D 'm'
    [
        0x00, 0x00, 0x00, 0x00, 0x00, 0x00, 0x00, 0x00, 0x00, 0x00, 0x00, 0x00, // ............
        0x00, 0x00, 0x00, 0x00, 0x00, 0x00, 0x00, 0x00, 0x00, 0x00, 0x00, 0x00, // ............
        0x00, 0x00, 0x00, 0x00, 0x00, 0x00, 0x00, 0x00, 0x00, 0x00, 0x00, 0x00, // ............
        0x00, 0x00, 0x00, 0x00, 0x00, 0x00, 0x00, 0x00, 0x00, 0x00, 0x00, 0x00, // ............
        0x00, 0x00, 0x00, 0x00, 0x00, 0x00, 0x00, 0x00, 0x00, 0x00, 0x00, 0x00, // ............
        0x00, 0x00, 0x00, 0x00, 0x00, 0x00, 0x00, 0x00, 0x00, 0x00, 0x00, 0x00, // ............
        0x00, 0x00, 0x00, 0x00, 0x00, 0x00, 0x00, 0x00, 0x00, 0x00, 0x00, 0x00, // ............
        0x00, 0x00, 0x00, 0x00, 0x27, 0x17, 0x00, 0x01, 0x29, 0x1D, 0x00, 0x00, // ....:...:...
        0x30, 0xEF, 0xAB, 0xA8, 0xFF, 0xFB, 0x64, 0xC1, 0xFF, 0xFF, 0x81, 0x00, // :%**@%=#@@+.
        0x33, 0xFF, 0xFC, 0xFB, 0xFB, 0xFF, 0xFD, 0xFC, 0xFA, 0xFF, 0xF6, 0x07, // :@%%%@%%%@%.
        0x33, 0xFF, 0xFF, 0x51, 0x4D, 0xFF, 0xFF, 0x62, 0x3D, 0xFF, 0xFF, 0x2B, // :@@--@@=:@@:
        0x33, 0xFF, 0xFF, 0x28, 0x22, 0xFF, 0xFF, 0x36, 0x14, 0xFF, 0xFF, 0x3F, // :@@::@@:.@@:
        0x33, 0xFF, 0xFF, 0x25, 0x1E, 0xFF, 0xFF, 0x32, 0x10, 0xFF, 0xFF, 0x46, // :@@:.@@:.@@-
        0x33, 0xFF, 0xFF, 0x25, 0x1E, 0xFF, 0xFF, 0x32, 0x10, 0xFF, 0xFF, 0x47, // :@@:.@@:.@@-
        0x33, 0xFF, 0xFF, 0x25, 0x1E, 0xFF, 0xFF, 0x32, 0x10, 0xFF, 0xFF, 0x47, // :@@:.@@:.@@-
        0x33, 0xFF, 0xFF, 0x25, 0x1E, 0xFF, 0xFF, 0x32, 0x10, 0xFF, 0xFF, 0x47, // :@@:.@@:.@@-
        0x33, 0xFF, 0xFF, 0x25, 0x1E, 0xFF, 0xFF, 0x32, 0x10, 0xFF, 0xFF, 0x47, // :@@:.@@:.@@-
        0x33, 0xFF, 0xFF, 0x25, 0x1E, 0xFF, 0xFF, 0x32, 0x10, 0xFF, 0xFF, 0x47, // :@@:.@@:.@@-
        0x33, 0xFF, 0xFF, 0x25, 0x1E, 0xFF, 0xFF, 0x32, 0x10, 0xFF, 0xFF, 0x47, // :@@:.@@:.@@-
        0x00, 0x00, 0x00, 0x00, 0x00, 0x00, 0x00, 0x00, 0x00, 0x00, 0x00, 0x00, // ............
        0x00, 0x00, 0x00, 0x00, 0x00, 0x00, 0x00, 0x00, 0x00, 0x00, 0x00, 0x00, // ............
        0x00, 0x00, 0x00, 0x00, 0x00, 0x00, 0x00, 0x00, 0x00, 0x00, 0x00, 0x00, // ............
        0x00, 0x00, 0x00, 0x00, 0x00, 0x00, 0x00, 0x00, 0x00, 0x00, 0x00, 0x00, // ............
        0x00, 0x00, 0x00, 0x00, 0x00, 0x00, 0x00, 0x00, 0x00, 0x00, 0x00, 0x00, // ............
    ],
    // 0x6E 'n'
    [
        0x00, 0x00, 0x00, 0x00, 0x00, 0x00, 0x00, 0x00, 0x00, 0x00, 0x00, 0x00, // ............
        0x00, 0x00, 0x00, 0x00, 0x00, 0x00, 0x00, 0x00, 0x00, 0x00, 0x00, 0x00, // ............
        0x00, 0x00, 0x00, 0x00, 0x00, 0x00, 0x00, 0x00, 0x00, 0x00, 0x00, 0x00, // ............
        0x00, 0x00, 0x00, 0x00, 0x00, 0x00, 0x00, 0x00, 0x00, 0x00, 0x00, 0x00, // ............
        0x00, 0x00, 0x00, 0x00, 0x00, 0x00, 0x00, 0x00, 0x00, 0x00, 0x00, 0x00, // ............
        0x00, 0x00, 0x00, 0x00, 0x00, 0x00, 0x00, 0x00, 0x00, 0x00, 0x00, 0x00, // ............
        0x00, 0x00, 0x00, 0x00, 0x00, 0x00, 0x00, 0x00, 0x00, 0x00, 0x00, 0x00, // ............
        0x00, 0x00, 0x00, 0x00, 0x00, 0x00, 0x19, 0x2F, 0x0B, 0x00, 0x00, 0x00, // .......:....
        0x00, 0x4D, 0xEF, 0xEF, 0x50, 0xA1, 0xFE, 0xFF, 0xF3, 0x57, 0x00, 0x00, // .-%%-*%@%-..
        0x00, 0x52, 0xFF, 0xFF, 0xD9, 0xFF, 0xFF, 0xFF, 0xFF, 0xF4, 0x12, 0x00, // .-@@#@@@@%..
        0x00, 0x52, 0xFF, 0xFF, 0xFC, 0x5F, 0x2B, 0xD1, 0xFF, 0xFF, 0x55, 0x00, // .-@@%-:#@@-.
        0x00, 0x52, 0xFF, 0xFF, 0xB2, 0x00, 0x00, 0x73, 0xFF, 0xFF, 0x71, 0x00, // .-@@*..=@@=.
        0x00, 0x52, 0xFF, 0xFF, 0x88, 0x00, 0x00, 0x62, 0xFF, 0xFF, 0x75, 0x00, // .-@@+..=@@=.
        0x00, 0x52, 0xFF, 0xFF, 0x85, 0x00, 0x00, 0x62, 0xFF, 0xFF, 0x75, 0x00, // .-@@+..=@@=.
        0x00, 0x52, 0xFF, 0xFF, 0x85, 0x00, 0x00, 0x62, 0xFF, 0xFF, 0x75, 0x00, // .-@@+..=@@=.
        0x00, 0x52, 0xFF, 0xFF, 0x85, 0x00, 0x00, 0x62, 0xFF, 0xFF, 0x75, 0x00, // .-@@+..=@@=.
        0x00, 0x52, 0xFF, 0xFF, 0x85, 0x00, 0x00, 0x62, 0xFF, 0xFF, 0x75, 0x00, // .-@@+..=@@=.
        0x00, 0x52, 0xFF, 0xFF, 0x85, 0x00, 0x00, 0x62, 0xFF, 0xFF, 0x75, 0x00, // .-@@+..=@@=.
        0x00, 0x52, 0xFF, 0xFF, 0x85, 0x00, 0x00, 0x62, 0xFF, 0xFF, 0x75, 0x00, // .-@@+..=@@=.
        0x00, 0x00, 0x00, 0x00, 0x00, 0x00, 0x00, 0x00, 0x00, 0x00, 0x00, 0x00, // ............
        0x00, 0x00, 0x00, 0x00, 0x00, 0x00, 0x00, 0x00, 0x00, 0x00, 0x00, 0x00, // ............
        0x00, 0x00, 0x00, 0x00, 0x00, 0x00, 0x00, 0x00, 0x00, 0x00, 0x00, 0x00, // ............
        0x00, 0x00, 0x00, 0x00, 0x00, 0x00, 0x00, 0x00, 0x00, 0x00, 0x00, 0x00, // ............
        0x00, 0x00, 0x00, 0x00, 0x00, 0x00, 0x00, 0x00, 0x00, 0x00, 0x00, 0x00, // ............
    ],
    // 0x6F 'o'
    [
        0x00, 0x00, 0x00, 0x00, 0x00, 0x00, 0x00, 0x00, 0x00, 0x00, 0x00, 0x00, // ............
        0x00, 0x00, 0x00, 0x00, 0x00, 0x00, 0x00, 0x00, 0x00, 0x00, 0x00, 0x00, // ............
        0x00, 0x00, 0x00, 0x00, 0x00, 0x00, 0x00, 0x00, 0x00, 0x00, 0x00, 0x00, // ............
        0x00, 0x00, 0x00, 0x00, 0x00, 0x00, 0x00, 0x00, 0x00, 0x00, 0x00, 0x00, // ............
        0x00, 0x00, 0x00, 0x00, 0x00, 0x00, 0x00, 0x00, 0x00, 0x00, 0x00, 0x00, // ............
        0x00, 0x00, 0x00, 0x00, 0x00, 0x00, 0x00, 0x00, 0x00, 0x00, 0x00, 0x00, // ............
        0x00, 0x00, 0x00, 0x00, 0x00, 0x00, 0x00, 0x00, 0x00, 0x00, 0x00, 0x00, // ............
        0x00, 0x00, 0x00, 0x00, 0x07, 0x2B, 0x2D, 0x0B, 0x00, 0x00, 0x00, 0x00, // .....::.....
        0x00, 0x00, 0x0B, 0x92, 0xF4, 0xFF, 0xFF, 0xF9, 0xA2, 0x13, 0x00, 0x00, // ...+%@@%*...
        0x00, 0x04, 0xC1, 0xFF, 0xFF, 0xFF, 0xFF, 0xFF, 0xFF, 0xD1, 0x0A, 0x00, // ..#@@@@@@#..
        0x00, 0x69, 0xFF, 0xFF, 0xD2, 0x38, 0x35, 0xCB, 0xFF, 0xFF, 0x7B, 0x00, // .=@@#::#@@=.
        0x00, 0xC8, 0xFF, 0xFF, 0x31, 0x00, 0x00, 0x26, 0xFE, 0xFF, 0xD7, 0x00, // .#@@:..:%@#.
        0x01, 0xF8, 0xFF, 0xE7, 0x00, 0x00, 0x00, 0x00, 0xDC, 0xFF, 0xFE, 0x08, // .%@%....#@%.
        0x09, 0xFF, 0xFF, 0xD2, 0x00, 0x00, 0x00, 0x00, 0xC8, 0xFF, 0xFF, 0x14, // .@@#....#@@.
        0x02, 0xFA, 0xFF, 0xE3, 0x00, 0x00, 0x00, 0x00, 0xD9, 0xFF, 0xFE, 0x07, // .%@%....#@%.
        0x00, 0xCF, 0xFF, 0xFF, 0x28, 0x00, 0x00, 0x1F, 0xFD, 0xFF, 0xD7, 0x00, // .#@@:...%@#.
        0x00, 0x76, 0xFF, 0xFF, 0xC6, 0x24, 0x21, 0xBE, 0xFF, 0xFF, 0x7C, 0x00, // .=@@#::*@@=.
        0x00, 0x09, 0xD2, 0xFF, 0xFF, 0xFF, 0xFF, 0xFF, 0xFF, 0xD6, 0x0B, 0x00, // ..#@@@@@@#..
        0x00, 0x00, 0x15, 0xAB, 0xFD, 0xFF, 0xFF, 0xFD, 0xAF, 0x17, 0x00, 0x00, // ...*%@@%*...
        0x00, 0x00, 0x00, 0x00, 0x16, 0x3F, 0x40, 0x18, 0x00, 0x00, 0x00, 0x00, // .....:-.....
        0x00, 0x00, 0x00, 0x00, 0x00, 0x00, 0x00, 0x00, 0x00, 0x00, 0x00, 0x00, // ............
        0x00, 0x00, 0x00, 0x00, 0x00, 0x00, 0x00, 0x00, 0x00, 0x00, 0x00, 0x00, // ............
        0x00, 0x00, 0x00, 0x00, 0x00, 0x00, 0x00, 0x00, 0x00, 0x00, 0x00, 0x00, // ............
        0x00, 0x00, 0x00, 0x00, 0x00, 0x00, 0x00, 0x00, 0x00, 0x00, 0x00, 0x00, // ............
    ],
    // 0x70 'p'
    [
        0x00, 0x00, 0x00, 0x00, 0x00, 0x00, 0x00, 0x00, 0x00, 0x00, 0x00, 0x00, // ............
        0x00, 0x00, 0x00, 0x00, 0x00, 0x00, 0x00, 0x00, 0x00, 0x00, 0x00, 0x00, // ............
        0x00, 0x00, 0x00, 0x00, 0x00, 0x00, 0x00, 0x00, 0x00, 0x00, 0x00, 0x00, // ............
        0x00, 0x00, 0x00, 0x00, 0x00, 0x00, 0x00, 0x00, 0x00, 0x00, 0x00, 0x00, // ............
        0x00, 0x00, 0x00, 0x00, 0x00, 0x00, 0x00, 0x00, 0x00, 0x00, 0x00, 0x00, // ............
        0x00, 0x00, 0x00, 0x00, 0x00, 0x00, 0x00, 0x00, 0x00, 0x00, 0x00, 0x00, // ............
        0x00, 0x00, 0x00, 0x00, 0x00, 0x00, 0x00, 0x00, 0x00, 0x00, 0x00, 0x00, // ............
        0x00, 0x00, 0x00, 0x00, 0x00, 0x00, 0x1D, 0x2D, 0x08, 0x00, 0x00, 0x00, // .......:....
        0x00, 0x80, 0xEF, 0xEF, 0x26, 0xB1, 0xFF, 0xFF, 0xEF, 0x5B, 0x00, 0x00, // .+%%:*@@%-..
        0x00, 0x88, 0xFF, 0xFF, 0xD0, 0xFF, 0xFF, 0xFF, 0xFF, 0xFC, 0x39, 0x00, // .+@@#@@@@%:.
        0x00, 0x88, 0xFF, 0xFF, 0xFE, 0x6E, 0x2C, 0xAC, 0xFF, 0xFF, 0xB1, 0x00, // .+@@%=:*@@*.
        0x00, 0x88, 0xFF, 0xFF, 0xAB, 0x00, 0x00, 0x0F, 0xF5, 0xFF, 0xF5, 0x03, // .+@@*...%@%.
        0x00, 0x88, 0xFF, 0xFF, 0x65, 0x00, 0x00, 0x00, 0xC4, 0xFF, 0xFF, 0x1D, // .+@@=...#@@.
        0x00, 0x88, 0xFF, 0xFF, 0x52, 0x00, 0x00, 0x00, 0xB4, 0xFF, 0xFF, 0x28, // .+@@-...*@@:
        0x00, 0x88, 0xFF, 0xFF, 0x63, 0x00, 0x00, 0x00, 0xC6, 0xFF, 0xFF, 0x1F, // .+@@=...#@@.
        0x00, 0x88, 0xFF, 0xFF, 0xA5, 0x00, 0x00, 0x11, 0xF7, 0xFF, 0xF8, 0x05, // .+@@*...%@%.
        0x00, 0x88, 0xFF, 0xFF, 0xFC, 0x61, 0x25, 0xAD, 0xFF, 0xFF, 0xBA, 0x00, // .+@@%=:*@@*.
        0x00, 0x88, 0xFF, 0xFF, 0xE7, 0xFF, 0xFF, 0xFF, 0xFF, 0xFE, 0x45, 0x00, // .+@@%@@@@%-.
        0x00, 0x88, 0xFF, 0xFF, 0x61, 0xC2, 0xFF, 0xFF, 0xF8, 0x70, 0x00, 0x00, // .+@@=#@@%=..
        0x00, 0x88, 0xFF, 0xFF, 0x51, 0x01, 0x2F, 0x40, 0x14, 0x00, 0x00, 0x00, // .+@@-.:-....
        0x00, 0x88, 0xFF, 0xFF, 0x51, 0x00, 0x00, 0x00, 0x00, 0x00, 0x00, 0x00, // .+@@-.......
        0x00, 0x88, 0xFF, 0xFF, 0x51, 0x00, 0x00, 0x00, 0x00, 0x00, 0x00, 0x00, // .+@@-.......
        0x00, 0x88, 0xFF, 0xFF, 0x51, 0x00, 0x00, 0x00, 0x00, 0x00, 0x00, 0x00, // .+@@-.......
        0x00, 0x1A, 0x30, 0x30, 0x0F, 0x00, 0x00, 0x00, 0x00, 0x00, 0x00, 0x00, // ..::........
    ],
    // 0x71 'q'
    [
        0x00, 0x00, 0x00, 0x00, 0x00, 0x00, 0x00, 0x00, 0x00, 0x00, 0x00, 0x00, // ............
        0x00, 0x00, 0x00, 0x00, 0x00, 0x00, 0x00, 0x00, 0x00, 0x00, 0x00, 0x00, // ............
        0x00, 0x00, 0x00, 0x00, 0x00, 0x00, 0x00, 0x00, 0x00, 0x00, 0x00, 0x00, // ............
        0x00, 0x00, 0x00, 0x00, 0x00, 0x00, 0x00, 0x00, 0x00, 0x00, 0x00, 0x00, // ............
        0x00, 0x00, 0x00, 0x00, 0x00, 0x00, 0x00, 0x00, 0x00, 0x00, 0x00, 0x00, // ............
        0x00, 0x00, 0x00, 0x00, 0x00, 0x00, 0x00, 0x00, 0x00, 0x00, 0x00, 0x00, // ............
        0x00, 0x00, 0x00, 0x00, 0x00, 0x00, 0x00, 0x00, 0x00, 0x00, 0x00, 0x00, // ............
        0x00, 0x00, 0x00, 0x06, 0x2C, 0x1F, 0x00, 0x00, 0x00, 0x00, 0x00, 0x00, // ....:.......
        0x00, 0x00, 0x53, 0xEC, 0xFF, 0xFF, 0xB8, 0x1F, 0xEF, 0xEF, 0x8A, 0x00, // ..-%@@*.%%+.
        0x00, 0x30, 0xFA, 0xFF, 0xFF, 0xFF, 0xFF, 0xD0, 0xFF, 0xFF, 0x93, 0x00, // .:%@@@@#@@+.
        0x00, 0xA7, 0xFF, 0xFF, 0xB4, 0x2D, 0x67, 0xFC, 0xFF, 0xFF, 0x93, 0x00, // .*@@*:=%@@+.
        0x00, 0xED, 0xFF, 0xFA, 0x15, 0x00, 0x00, 0xA0, 0xFF, 0xFF, 0x93, 0x00, // .%@%...*@@+.
        0x12, 0xFF, 0xFF, 0xCE, 0x00, 0x00, 0x00, 0x5B, 0xFF, 0xFF, 0x93, 0x00, // .@@#...-@@+.
        0x1D, 0xFF, 0xFF, 0xBE, 0x00, 0x00, 0x00, 0x48, 0xFF, 0xFF, 0x93, 0x00, // .@@*...-@@+.
        0x14, 0xFF, 0xFF, 0xD1, 0x00, 0x00, 0x00, 0x59, 0xFF, 0xFF, 0x93, 0x00, // .@@#...-@@+.
        0x01, 0xF0, 0xFF, 0xFB, 0x17, 0x00, 0x00, 0x9B, 0xFF, 0xFF, 0x93, 0x00, // .%@%...+@@+.
        0x00, 0xAE, 0xFF, 0xFF, 0xB4, 0x27, 0x5A, 0xFA, 0xFF, 0xFF, 0x93, 0x00, // .*@@*:-%@@+.
        0x00, 0x39, 0xFD, 0xFF, 0xFF, 0xFF, 0xFF, 0xE7, 0xFF, 0xFF, 0x93, 0x00, // .:%@@@@%@@+.
        0x00, 0x00, 0x64, 0xF5, 0xFF, 0xFF, 0xC6, 0x5A, 0xFF, 0xFF, 0x93, 0x00, // ..=%@@#-@@+.
        0x00, 0x00, 0x00, 0x11, 0x3F, 0x31, 0x01, 0x46, 0xFF, 0xFF, 0x93, 0x00, // ....::.-@@+.
        0x00, 0x00, 0x00, 0x00, 0x00, 0x00, 0x00, 0x46, 0xFF, 0xFF, 0x93, 0x00, // .......-@@+.
        0x00, 0x00, 0x00, 0x00, 0x00, 0x00, 0x00, 0x46, 0xFF, 0xFF, 0x93, 0x00, // .......-@@+.
        0x00, 0x00, 0x00, 0x00, 0x00, 0x00, 0x00, 0x46, 0xFF, 0xFF, 0x93, 0x00, // .......-@@+.
        0x00, 0x00, 0x00, 0x00, 0x00, 0x00, 0x00, 0x0D, 0x30, 0x30, 0x1C, 0x00, // ........::..
    ],
    // 0x72 'r'
    [
        0x00, 0x00, 0x00, 0x00, 0x00, 0x00, 0x00, 0x00, 0x00, 0x00, 0x00, 0x00, // ............
        0x00, 0x00, 0x00, 0x00, 0x00, 0x00, 0x00, 0x00, 0x00, 0x00, 0x00, 0x00, // ............
        0x00, 0x00, 0x00, 0x00, 0x00, 0x00, 0x00, 0x00, 0x00, 0x00, 0x00, 0x00, // ............
        0x00, 0x00, 0x00, 0x00, 0x00, 0x00, 0x00, 0x00, 0x00, 0x00, 0x00, 0x00, // ............
        0x00, 0x00, 0x00, 0x00, 0x00, 0x00, 0x00, 0x00, 0x00, 0x00, 0x00, 0x00, // ............
        0x00, 0x00, 0x00, 0x00, 0x00, 0x00, 0x00, 0x00, 0x00, 0x00, 0x00, 0x00, // ............
        0x00, 0x00, 0x00, 0x00, 0x00, 0x00, 0x00, 0x00, 0x00, 0x00, 0x00, 0x00, // ............
        0x00, 0x00, 0x00, 0x00, 0x00, 0x00, 0x00, 0x14, 0x30, 0x18, 0x00, 0x00, // ........:...
        0x00, 0x00, 0x9B, 0xEF, 0xEC, 0x13, 0xA9, 0xFD, 0xFF, 0xFF, 0x9D, 0x00, // ..+%%.*%@@+.
        0x00, 0x00, 0xA5, 0xFF, 0xFF, 0xC9, 0xFF, 0xFF, 0xFF, 0xFF, 0xC0, 0x00, // ..*@@#@@@@#.
        0x00, 0x00, 0xA5, 0xFF, 0xFF, 0xFF, 0xA8, 0x4C, 0x40, 0x66, 0x99, 0x00, // ..*@@@*--=+.
        0x00, 0x00, 0xA5, 0xFF, 0xFF, 0xA6, 0x00, 0x00, 0x00, 0x00, 0x01, 0x00, // ..*@@*......
        0x00, 0x00, 0xA5, 0xFF, 0xFF, 0x4C, 0x00, 0x00, 0x00, 0x00, 0x00, 0x00, // ..*@@-......
        0x00, 0x00, 0xA5, 0xFF, 0xFF, 0x38, 0x00, 0x00, 0x00, 0x00, 0x00, 0x00, // ..*@@:......
        0x00, 0x00, 0xA5, 0xFF, 0xFF, 0x37, 0x00, 0x00, 0x00, 0x00, 0x00, 0x00, // ..*@@:......
        0x00, 0x00, 0xA5, 0xFF, 0xFF, 0x37, 0x00, 0x00, 0x00, 0x00, 0x00, 0x00, // ..*@@:......
        0x00, 0x00, 0xA5, 0xFF, 0xFF, 0x37, 0x00, 0x00, 0x00, 0x00, 0x00, 0x00, // ..*@@:......
        0x00, 0x00, 0xA5, 0xFF, 0xFF, 0x37, 0x00, 0x00, 0x00, 0x00, 0x00, 0x00, // ..*@@:......
        0x00, 0x00, 0xA5, 0xFF, 0xFF, 0x37, 0x00, 0x00, 0x00, 0x00, 0x00, 0x00, // ..*@@:......
        0x00, 0x00, 0x00, 0x00, 0x00, 0x00, 0x00, 0x00, 0x00, 0x00, 0x00, 0x00, // ............
        0x00, 0x00, 0x00, 0x00, 0x00, 0x00, 0x00, 0x00, 0x00, 0x00, 0x00, 0x00, // ............
        0x00, 0x00, 0x00, 0x00, 0x00, 0x00, 0x00, 0x00, 0x00, 0x00, 0x00, 0x00, // ............
        0x00, 0x00, 0x00, 0x00, 0x00, 0x00, 0x00, 0x00, 0x00, 0x00, 0x00, 0x00, // ............
        0x00, 0x00, 0x00, 0x00, 0x00, 0x00, 0x00, 0x00, 0x00, 0x00, 0x00, 0x00, // ............
    ],
    // 0x73 's'
    [
        0x00, 0x00, 0x00, 0x00, 0x00, 0x00, 0x00, 0x00, 0x00, 0x00, 0x00, 0x00, // ............
        0x00, 0x00, 0x00, 0x00, 0x00, 0x00, 0x00, 0x00, 0x00, 0x00, 0x00, 0x00, // ............
        0x00, 0x00, 0x00, 0x00, 0x00, 0x00, 0x00, 0x00, 0x00, 0x00, 0x00, 0x00, // ............
        0x00, 0x00, 0x00, 0x00, 0x00, 0x00, 0x00, 0x00, 0x00, 0x00, 0x00, 0x00, // ............
        0x00, 0x00, 0x00, 0x00, 0x00, 0x00, 0x00, 0x00, 0x00, 0x00, 0x00, 0x00, // ............
        0x00, 0x00, 0x00, 0x00, 0x00, 0x00, 0x00, 0x00, 0x00, 0x00, 0x00, 0x00, // ............
        0x00, 0x00, 0x00, 0x00, 0x00, 0x00, 0x00, 0x00, 0x00, 0x00, 0x00, 0x00, // ............
        0x00, 0x00, 0x00, 0x00, 0x0B, 0x2B, 0x30, 0x1E, 0x01, 0x00, 0x00, 0x00, // .....::.....
        0x00, 0x00, 0x1D, 0xB0, 0xFB, 0xFF, 0xFF, 0xFF, 0xED, 0x7A, 0x00, 0x00, // ...*%@@@%=..
        0x00, 0x05, 0xD8, 0xFF, 0xFF, 0xF4, 0xE0, 0xF9, 0xFF, 0xAD, 0x00, 0x00, // ..#@@%%%@*..
        0x00, 0x3F, 0xFF, 0xFF, 0x99, 0x05, 0x00, 0x06, 0x4D, 0x7A, 0x00, 0x00, // .:@@+...-=..
        0x00, 0x4A, 0xFF, 0xFF, 0xB0, 0x11, 0x00, 0x00, 0x00, 0x00, 0x00, 0x00, // .-@@*.......
        0x00, 0x12, 0xF3, 0xFF, 0xFF, 0xF8, 0xBD, 0x7E, 0x28, 0x00, 0x00, 0x00, // ..%@@%*=:...
        0x00, 0x00, 0x49, 0xEA, 0xFF, 0xFF, 0xFF, 0xFF, 0xFD, 0x7C, 0x00, 0x00, // ..-%@@@@%=..
        0x00, 0x00, 0x00, 0x0A, 0x54, 0x92, 0xD5, 0xFF, 0xFF, 0xFE, 0x2D, 0x00, // ....-+#@@%:.
        0x00, 0x00, 0x00, 0x00, 0x00, 0x00, 0x00, 0x7E, 0xFF, 0xFF, 0x65, 0x00, // .......=@@=.
        0x00, 0x20, 0x92, 0x2B, 0x00, 0x00, 0x00, 0x76, 0xFF, 0xFF, 0x59, 0x00, // .:+:...=@@-.
        0x00, 0x25, 0xFF, 0xFF, 0xEA, 0xCF, 0xDE, 0xFF, 0xFF, 0xF2, 0x15, 0x00, // .:@@%##@@%..
        0x00, 0x17, 0xC7, 0xFB, 0xFF, 0xFF, 0xFF, 0xFF, 0xD7, 0x3E, 0x00, 0x00, // ..#%@@@@#:..
        0x00, 0x00, 0x00, 0x09, 0x2E, 0x42, 0x40, 0x23, 0x00, 0x00, 0x00, 0x00, // ....:--:....
        0x00, 0x00, 0x00, 0x00, 0x00, 0x00, 0x00, 0x00, 0x00, 0x00, 0x00, 0x00, // ............
        0x00, 0x00, 0x00, 0x00, 0x00, 0x00, 0x00, 0x00, 0x00, 0x00, 0x00, 0x00, // ............
        0x00, 0x00, 0x00, 0x00, 0x00, 0x00, 0x00, 0x00, 0x00, 0x00, 0x00, 0x00, // ............
        0x00, 0x00, 0x00, 0x00, 0x00, 0x00, 0x00, 0x00, 0x00, 0x00, 0x00, 0x00, // ............
    ],
    // 0x74 't'
    [
        0x00, 0x00, 0x00, 0x00, 0x00, 0x00, 0x00, 0x00, 0x00, 0x00, 0x00, 0x00, // ............
        0x00, 0x00, 0x00, 0x00, 0x00, 0x00, 0x00, 0x00, 0x00, 0x00, 0x00, 0x00, // ............
        0x00, 0x00, 0x00, 0x00, 0x00, 0x00, 0x00, 0x00, 0x00, 0x00, 0x00, 0x00, // ............
        0x00, 0x00, 0x00, 0x00, 0x00, 0x00, 0x0B, 0x00, 0x00, 0x00, 0x00, 0x00, // ............
        0x00, 0x00, 0x00, 0x00, 0x34, 0xA5, 0xB7, 0x00, 0x00, 0x00, 0x00, 0x00, // ....:**.....
        0x00, 0x00, 0x00, 0x1E, 0xFF, 0xFF, 0xBC, 0x00, 0x00, 0x00, 0x00, 0x00, // ....@@*.....
        0x00, 0x00, 0x00, 0x1F, 0xFF, 0xFF, 0xBC, 0x00, 0x00, 0x00, 0x00, 0x00, // ....@@*.....
        0x00, 0x00, 0x00, 0x1F, 0xFF, 0xFF, 0xBC, 0x00, 0x00, 0x00, 0x00, 0x00, // ....@@*.....
        0x00, 0xDB, 0xEF, 0xF1, 0xFF, 0xFF, 0xFB, 0xEF, 0xEF, 0xEF, 0x72, 0x00, // .#%%@@%%%%=.
        0x00, 0xEA, 0xFF, 0xFF, 0xFF, 0xFF, 0xFF, 0xFF, 0xFF, 0xFF, 0x7A, 0x00, // .%@@@@@@@@=.
        0x00, 0x3A, 0x40, 0x57, 0xFF, 0xFF, 0xCD, 0x40, 0x40, 0x40, 0x1F, 0x00, // .:--@@#---..
        0x00, 0x00, 0x00, 0x1F, 0xFF, 0xFF, 0xBC, 0x00, 0x00, 0x00, 0x00, 0x00, // ....@@*.....
        0x00, 0x00, 0x00, 0x1F, 0xFF, 0xFF, 0xBC, 0x00, 0x00, 0x00, 0x00, 0x00, // ....@@*.....
        0x00, 0x00, 0x00, 0x1F, 0xFF, 0xFF, 0xBC, 0x00, 0x00, 0x00, 0x00, 0x00, // ....@@*.....
        0x00, 0x00, 0x00, 0x1F, 0xFF, 0xFF, 0xBC, 0x00, 0x00, 0x00, 0x00, 0x00, // ....@@*.....
        0x00, 0x00, 0x00, 0x1E, 0xFF, 0xFF, 0xBF, 0x00, 0x00, 0x00, 0x00, 0x00, // ....@@*.....
        0x00, 0x00, 0x00, 0x0B, 0xFD, 0xFF, 0xF3, 0x4D, 0x30, 0x30, 0x17, 0x00, // ....%@%-::..
        0x00, 0x00, 0x00, 0x00, 0xC0, 0xFF, 0xFF, 0xFF, 0xFF, 0xFF, 0x7A, 0x00, // ....#@@@@@=.
        0x00, 0x00, 0x00, 0x00, 0x1D, 0xAB, 0xEE, 0xFF, 0xFF, 0xFF, 0x7A, 0x00, // .....*%@@@=.
        0x00, 0x00, 0x00, 0x00, 0x00, 0x00, 0x00, 0x06, 0x10, 0x10, 0x08, 0x00, // ............
        0x00, 0x00, 0x00, 0x00, 0x00, 0x00, 0x00, 0x00, 0x00, 0x00, 0x00, 0x00, // ............
        0x00, 0x00, 0x00, 0x00, 0x00, 0x00, 0x00, 0x00, 0x00, 0x00, 0x00, 0x00, // ............
        0x00, 0x00, 0x00, 0x00, 0x00, 0x00, 0x00, 0x00, 0x00, 0x00, 0x00, 0x00, // ............
        0x00, 0x00, 0x00, 0x00, 0x00, 0x00, 0x00, 0x00, 0x00, 0x00, 0x00, 0x00, // ............
    ],
    // 0x75 'u'
    [
        0x00, 0x00, 0x00, 0x00, 0x00, 0x00, 0x00, 0x00, 0x00, 0x00, 0x00, 0x00, // ............
        0x00, 0x00, 0x00, 0x00, 0x00, 0x00, 0x00, 0x00, 0x00, 0x00, 0x00, 0x00, // ............
        0x00, 0x00, 0x00, 0x00, 0x00, 0x00, 0x00, 0x00, 0x00, 0x00, 0x00, 0x00, // ............
        0x00, 0x00, 0x00, 0x00, 0x00, 0x00, 0x00, 0x00, 0x00, 0x00, 0x00, 0x00, // ............
        0x00, 0x00, 0x00, 0x00, 0x00, 0x00, 0x00, 0x00, 0x00, 0x00, 0x00, 0x00, // ............
        0x00, 0x00, 0x00, 0x00, 0x00, 0x00, 0x00, 0x00, 0x00, 0x00, 0x00, 0x00, // ............
        0x00, 0x00, 0x00, 0x00, 0x00, 0x00, 0x00, 0x00, 0x00, 0x00, 0x00, 0x00, // ............
        0x00, 0x00, 0x00, 0x00, 0x00, 0x00, 0x00, 0x00, 0x00, 0x00, 0x00, 0x00, // ............
        0x00, 0x69, 0xEF, 0xEF, 0x65, 0x00, 0x00, 0x78, 0xEF, 0xEF, 0x56, 0x00, // .=%%=..=%%-.
        0x00, 0x70, 0xFF, 0xFF, 0x6C, 0x00, 0x00, 0x80, 0xFF, 0xFF, 0x5C, 0x00, // .=@@=..+@@-.
        0x00, 0x70, 0xFF, 0xFF, 0x6C, 0x00, 0x00, 0x80, 0xFF, 0xFF, 0x5C, 0x00, // .=@@=..+@@-.
        0x00, 0x70, 0xFF, 0xFF, 0x6C, 0x00, 0x00, 0x80, 0xFF, 0xFF, 0x5C, 0x00, // .=@@=..+@@-.
        0x00, 0x70, 0xFF, 0xFF, 0x6C, 0x00, 0x00, 0x80, 0xFF, 0xFF, 0x5C, 0x00, // .=@@=..+@@-.
        0x00, 0x70, 0xFF, 0xFF, 0x6C, 0x00, 0x00, 0x80, 0xFF, 0xFF, 0x5C, 0x00, // .=@@=..+@@-.
        0x00, 0x70, 0xFF, 0xFF, 0x6C, 0x00, 0x00, 0x82, 0xFF, 0xFF, 0x5C, 0x00, // .=@@=..+@@-.
        0x00, 0x6D, 0xFF, 0xFF, 0x7D, 0x00, 0x00, 0xA5, 0xFF, 0xFF, 0x5C, 0x00, // .=@@=..*@@-.
        0x00, 0x53, 0xFF, 0xFF, 0xD5, 0x20, 0x47, 0xF7, 0xFF, 0xFF, 0x5C, 0x00, // .-@@#:-%@@-.
        0x00, 0x13, 0xF5, 0xFF, 0xFF, 0xFF, 0xFF, 0xE1, 0xFF, 0xFF, 0x5C, 0x00, // ..%@@@@%@@-.
        0x00, 0x00, 0x60, 0xF9, 0xFF, 0xFF, 0xBD, 0x56, 0xFF, 0xFF, 0x5C, 0x00, // ..=%@@*-@@-.
        0x00, 0x00, 0x00, 0x16, 0x41, 0x2F, 0x01, 0x00, 0x00, 0x00, 0x00, 0x00, // ....-:......
        0x00, 0x00, 0x00, 0x00, 0x00, 0x00, 0x00, 0x00, 0x00, 0x00, 0x00, 0x00, // ............
        0x00, 0x00, 0x00, 0x00, 0x00, 0x00, 0x00, 0x00, 0x00, 0x00, 0x00, 0x00, // ............
        0x00, 0x00, 0x00, 0x00, 0x00, 0x00, 0x00, 0x00, 0x00, 0x00, 0x00, 0x00, // ............
        0x00, 0x00, 0x00, 0x00, 0x00, 0x00, 0x00, 0x00, 0x00, 0x00, 0x00, 0x00, // ............
    ],
    // 0x76 'v'
    [
        0x00, 0x00, 0x00, 0x00, 0x00, 0x00, 0x00, 0x00, 0x00, 0x00, 0x00, 0x00, // ............
        0x00, 0x00, 0x00, 0x00, 0x00, 0x00, 0x00, 0x00, 0x00, 0x00, 0x00, 0x00, // ............
        0x00, 0x00, 0x00, 0x00, 0x00, 0x00, 0x00, 0x00, 0x00, 0x00, 0x00, 0x00, // ............
        0x00, 0x00, 0x00, 0x00, 0x00, 0x00, 0x00, 0x00, 0x00, 0x00, 0x00, 0x00, // ............
        0x00, 0x00, 0x00, 0x00, 0x00, 0x00, 0x00, 0x00, 0x00, 0x00, 0x00, 0x00, // ............
        0x00, 0x00, 0x00, 0x00, 0x00, 0x00, 0x00, 0x00, 0x00, 0x00, 0x00, 0x00, // ............
        0x00, 0x00, 0x00, 0x00, 0x00, 0x00, 0x00, 0x00, 0x00, 0x00, 0x00, 0x00, // ............
        0x00, 0x00, 0x00, 0x00, 0x00, 0x00, 0x00, 0x00, 0x00, 0x00, 0x00, 0x00, // ............
        0x13, 0xED, 0xEF, 0xC2, 0x00, 0x00, 0x00, 0x00, 0xB8, 0xEF, 0xEE, 0x1B, // .%%#....*%%.
        0x00, 0xC2, 0xFF, 0xFD, 0x15, 0x00, 0x00, 0x0E, 0xFA, 0xFF, 0xCD, 0x00, // .#@%....%@#.
        0x00, 0x71, 0xFF, 0xFF, 0x59, 0x00, 0x00, 0x4F, 0xFF, 0xFF, 0x7C, 0x00, // .=@@-..-@@=.
        0x00, 0x21, 0xFF, 0xFF, 0x9F, 0x00, 0x00, 0x95, 0xFF, 0xFF, 0x2B, 0x00, // .:@@+..+@@:.
        0x00, 0x00, 0xCE, 0xFF, 0xE4, 0x00, 0x00, 0xDB, 0xFF, 0xD9, 0x00, 0x00, // ..#@%..#@#..
        0x00, 0x00, 0x7D, 0xFF, 0xFF, 0x2B, 0x22, 0xFF, 0xFF, 0x88, 0x00, 0x00, // ..=@@::@@+..
        0x00, 0x00, 0x2C, 0xFF, 0xFF, 0x71, 0x68, 0xFF, 0xFF, 0x36, 0x00, 0x00, // ..:@@==@@:..
        0x00, 0x00, 0x00, 0xDA, 0xFF, 0xB6, 0xAE, 0xFF, 0xE3, 0x01, 0x00, 0x00, // ...#@**@%...
        0x00, 0x00, 0x00, 0x89, 0xFF, 0xF5, 0xF0, 0xFF, 0x93, 0x00, 0x00, 0x00, // ...+@%%@+...
        0x00, 0x00, 0x00, 0x38, 0xFF, 0xFF, 0xFF, 0xFF, 0x42, 0x00, 0x00, 0x00, // ...:@@@@-...
        0x00, 0x00, 0x00, 0x01, 0xE4, 0xFF, 0xFF, 0xEC, 0x04, 0x00, 0x00, 0x00, // ....%@@%....
        0x00, 0x00, 0x00, 0x00, 0x00, 0x00, 0x00, 0x00, 0x00, 0x00, 0x00, 0x00, // ............
        0x00, 0x00, 0x00, 0x00, 0x00, 0x00, 0x00, 0x00, 0x00, 0x00, 0x00, 0x00, // ............
        0x00, 0x00, 0x00, 0x00, 0x00, 0x00, 0x00, 0x00, 0x00, 0x00, 0x00, 0x00, // ............
        0x00, 0x00, 0x00, 0x00, 0x00, 0x00, 0x00, 0x00, 0x00, 0x00, 0x00, 0x00, // ............
        0x00, 0x00, 0x00, 0x00, 0x00, 0x00, 0x00, 0x00, 0x00, 0x00, 0x00, 0x00, // ............
    ],
    // 0x77 'w'
    [
        0x00, 0x00, 0x00, 0x00, 0x00, 0x00, 0x00, 0x00, 0x00, 0x00, 0x00, 0x00, // ............
        0x00, 0x00, 0x00, 0x00, 0x00, 0x00, 0x00, 0x00, 0x00, 0x00, 0x00, 0x00, // ............
        0x00, 0x00, 0x00, 0x00, 0x00, 0x00, 0x00, 0x00, 0x00, 0x00, 0x00, 0x00, // ............
        0x00, 0x00, 0x00, 0x00, 0x00, 0x00, 0x00, 0x00, 0x00, 0x00, 0x00, 0x00, // ............
        0x00, 0x00, 0x00, 0x00, 0x00, 0x00, 0x00, 0x00, 0x00, 0x00, 0x00, 0x00, // ............
        0x00, 0x00, 0x00, 0x00, 0x00, 0x00, 0x00, 0x00, 0x00, 0x00, 0x00, 0x00, // ............
        0x00, 0x00, 0x00, 0x00, 0x00, 0x00, 0x00, 0x00, 0x00, 0x00, 0x00, 0x00, // ............
        0x00, 0x00, 0x00, 0x00, 0x00, 0x00, 0x00, 0x00, 0x00, 0x00, 0x00, 0x00, // ............
        0xDB, 0xEF, 0x6D, 0x00, 0x00, 0x00, 0x00, 0x00, 0x00, 0x63, 0xEF, 0xE3, // #%=......=%%
        0xBD, 0xFF, 0x9A, 0x00, 0x00, 0x00, 0x00, 0x00, 0x00, 0x91, 0xFF, 0xC7, // *@+......+@#
        0x8E, 0xFF, 0xC2, 0x00, 0x02, 0x10, 0x10, 0x03, 0x00, 0xB9, 0xFF, 0x99, // +@#......*@+
        0x60, 0xFF, 0xE9, 0x00, 0x42, 0xFF, 0xFF, 0x4C, 0x00, 0xE1, 0xFF, 0x6B, // =@%.-@@-.%@=
        0x32, 0xFF, 0xFF, 0x12, 0x79, 0xFF, 0xFF, 0x82, 0x0B, 0xFE, 0xFF, 0x3C, // :@@.=@@+.%@:
        0x08, 0xFB, 0xFF, 0x3A, 0xB0, 0xF4, 0xEE, 0xB8, 0x32, 0xFF, 0xFE, 0x0F, // .%@:*%%*:@%.
        0x00, 0xD4, 0xFF, 0x61, 0xE6, 0xBD, 0xB4, 0xED, 0x5B, 0xFF, 0xDF, 0x00, // .#@=%**%-@#.
        0x00, 0xA6, 0xFF, 0xA6, 0xFF, 0x82, 0x79, 0xFF, 0xA7, 0xFF, 0xB1, 0x00, // .*@*@+=@*@*.
        0x00, 0x78, 0xFF, 0xF6, 0xFF, 0x47, 0x3D, 0xFF, 0xF6, 0xFF, 0x82, 0x00, // .=@%@-:@%@+.
        0x00, 0x4A, 0xFF, 0xFF, 0xFC, 0x0E, 0x08, 0xF8, 0xFF, 0xFF, 0x54, 0x00, // .-@@%..%@@-.
        0x00, 0x1C, 0xFF, 0xFF, 0xCF, 0x00, 0x00, 0xC5, 0xFF, 0xFF, 0x26, 0x00, // ..@@#..#@@:.
        0x00, 0x00, 0x00, 0x00, 0x00, 0x00, 0x00, 0x00, 0x00, 0x00, 0x00, 0x00, // ............
        0x00, 0x00, 0x00, 0x00, 0x00, 0x00, 0x00, 0x00, 0x00, 0x00, 0x00, 0x00, // ............
        0x00, 0x00, 0x00, 0x00, 0x00, 0x00, 0x00, 0x00, 0x00, 0x00, 0x00, 0x00, // ............
        0x00, 0x00, 0x00, 0x00, 0x00, 0x00, 0x00, 0x00, 0x00, 0x00, 0x00, 0x00, // ............
        0x00, 0x00, 0x00, 0x00, 0x00, 0x00, 0x00, 0x00, 0x00, 0x00, 0x00, 0x00, // ............
    ],
    // 0x78 'x'
    [
        0x00, 0x00, 0x00, 0x00, 0x00, 0x00, 0x00, 0x00, 0x00, 0x00, 0x00, 0x00, // ............
        0x00, 0x00, 0x00, 0x00, 0x00, 0x00, 0x00, 0x00, 0x00, 0x00, 0x00, 0x00, // ............
        0x00, 0x00, 0x00, 0x00, 0x00, 0x00, 0x00, 0x00, 0x00, 0x00, 0x00, 0x00, // ............
        0x00, 0x00, 0x00, 0x00, 0x00, 0x00, 0x00, 0x00, 0x00, 0x00, 0x00, 0x00, // ............
        0x00, 0x00, 0x00, 0x00, 0x00, 0x00, 0x00, 0x00, 0x00, 0x00, 0x00, 0x00, // ............
        0x00, 0x00, 0x00, 0x00, 0x00, 0x00, 0x00, 0x00, 0x00, 0x00, 0x00, 0x00, // ............
        0x00, 0x00, 0x00, 0x00, 0x00, 0x00, 0x00, 0x00, 0x00, 0x00, 0x00, 0x00, // ............
        0x00, 0x00, 0x00, 0x00, 0x00, 0x00, 0x00, 0x00, 0x00, 0x00, 0x00, 0x00, // ............
        0x04, 0xBD, 0xEF, 0xEF, 0x6E, 0x00, 0x00, 0x65, 0xEF, 0xEF, 0xC6, 0x06, // .*%%=..=%%#.
        0x00, 0x28, 0xF5, 0xFF, 0xED, 0x12, 0x0D, 0xE8, 0xFF, 0xF9, 0x31, 0x00, // .:%@%..%@%:.
        0x00, 0x00, 0x68, 0xFF, 0xFF, 0x8E, 0x85, 0xFF, 0xFF, 0x77, 0x00, 0x00, // ..=@@++@@=..
        0x00, 0x00, 0x00, 0xB1, 0xFF, 0xF9, 0xF6, 0xFF, 0xC0, 0x02, 0x00, 0x00, // ...*@%%@#...
        0x00, 0x00, 0x00, 0x15, 0xE7, 0xFF, 0xFF, 0xF0, 0x1F, 0x00, 0x00, 0x00, // ....%@@%....
        0x00, 0x00, 0x00, 0x00, 0xA0, 0xFF, 0xFF, 0xB4, 0x00, 0x00, 0x00, 0x00, // ....*@@*....
        0x00, 0x00, 0x00, 0x47, 0xFE, 0xFF, 0xFF, 0xFF, 0x58, 0x00, 0x00, 0x00, // ...-%@@@-...
        0x00, 0x00, 0x14, 0xE6, 0xFF, 0xDF, 0xDA, 0xFF, 0xEE, 0x1D, 0x00, 0x00, // ...%@##@%...
        0x00, 0x00, 0xB0, 0xFF, 0xFF, 0x54, 0x4B, 0xFF, 0xFF, 0xBD, 0x02, 0x00, // ..*@@--@@*..
        0x00, 0x66, 0xFF, 0xFF, 0xBE, 0x00, 0x00, 0xB5, 0xFF, 0xFF, 0x73, 0x00, // .=@@*..*@@=.
        0x26, 0xF4, 0xFF, 0xFC, 0x2E, 0x00, 0x00, 0x26, 0xF9, 0xFF, 0xF8, 0x2E, // :%@%:..:%@%:
        0x00, 0x00, 0x00, 0x00, 0x00, 0x00, 0x00, 0x00, 0x00, 0x00, 0x00, 0x00, // ............
        0x00, 0x00, 0x00, 0x00, 0x00, 0x00, 0x00, 0x00, 0x00, 0x00, 0x00, 0x00, // ............
        0x00, 0x00, 0x00, 0x00, 0x00, 0x00, 0x00, 0x00, 0x00, 0x00, 0x00, 0x00, // ............
        0x00, 0x00, 0x00, 0x00, 0x00, 0x00, 0x00, 0x00, 0x00, 0x00, 0x00, 0x00, // ............
        0x00, 0x00, 0x00, 0x00, 0x00, 0x00, 0x00, 0x00, 0x00, 0x00, 0x00, 0x00, // ............
    ],
    // 0x79 'y'
    [
        0x00, 0x00, 0x00, 0x00, 0x00, 0x00, 0x00, 0x00, 0x00, 0x00, 0x00, 0x00, // ............
        0x00, 0x00, 0x00, 0x00, 0x00, 0x00, 0x00, 0x00, 0x00, 0x00, 0x00, 0x00, // ............
        0x00, 0x00, 0x00, 0x00, 0x00, 0x00, 0x00, 0x00, 0x00, 0x00, 0x00, 0x00, // ............
        0x00, 0x00, 0x00, 0x00, 0x00, 0x00, 0x00, 0x00, 0x00, 0x00, 0x00, 0x00, // ............
        0x00, 0x00, 0x00, 0x00, 0x00, 0x00, 0x00, 0x00, 0x00, 0x00, 0x00, 0x00, // ............
        0x00, 0x00, 0x00, 0x00, 0x00, 0x00, 0x00, 0x00, 0x00, 0x00, 0x00, 0x00, // ............
        0x00, 0x00, 0x00, 0x00, 0x00, 0x00, 0x00, 0x00, 0x00, 0x00, 0x00, 0x00, // ............
        0x00, 0x00, 0x00, 0x00, 0x00, 0x00, 0x00, 0x00, 0x00, 0x00, 0x00, 0x00, // ............
        0x23, 0xEF, 0xEF, 0xCA, 0x00, 0x00, 0x00, 0x00, 0x8C, 0xEF, 0xEF, 0x61, // :%%#....+%%=
        0x00, 0xC3, 0xFF, 0xFF, 0x30, 0x00, 0x00, 0x02, 0xE6, 0xFF, 0xF8, 0x12, // .#@@:...%@%.
        0x00, 0x5F, 0xFF, 0xFF, 0x8A, 0x00, 0x00, 0x3F, 0xFF, 0xFF, 0xAB, 0x00, // .-@@+..:@@*.
        0x00, 0x0A, 0xF0, 0xFF, 0xE2, 0x02, 0x00, 0x95, 0xFF, 0xFF, 0x4B, 0x00, // ..%@%..+@@-.
        0x00, 0x00, 0x97, 0xFF, 0xFF, 0x3E, 0x03, 0xE8, 0xFF, 0xE7, 0x04, 0x00, // ..+@@:.%@%..
        0x00, 0x00, 0x33, 0xFF, 0xFF, 0x98, 0x42, 0xFF, 0xFF, 0x8B, 0x00, 0x00, // ..:@@+-@@+..
        0x00, 0x00, 0x00, 0xCE, 0xFF, 0xEC, 0x9D, 0xFF, 0xFF, 0x2B, 0x00, 0x00, // ...#@%+@@:..
        0x00, 0x00, 0x00, 0x6A, 0xFF, 0xFF, 0xFD, 0xFF, 0xCB, 0x00, 0x00, 0x00, // ...=@@%@#...
        0x00, 0x00, 0x00, 0x10, 0xF6, 0xFF, 0xFF, 0xFF, 0x6B, 0x00, 0x00, 0x00, // ....%@@@=...
        0x00, 0x00, 0x00, 0x00, 0xA2, 0xFF, 0xFF, 0xF8, 0x12, 0x00, 0x00, 0x00, // ....*@@%....
        0x00, 0x00, 0x00, 0x00, 0x47, 0xFF, 0xFF, 0xAB, 0x00, 0x00, 0x00, 0x00, // ....-@@*....
        0x00, 0x00, 0x00, 0x00, 0x79, 0xFF, 0xFF, 0x4C, 0x00, 0x00, 0x00, 0x00, // ....=@@-....
        0x00, 0x0B, 0x10, 0x39, 0xEB, 0xFF, 0xE4, 0x04, 0x00, 0x00, 0x00, 0x00, // ...:%@%.....
        0x00, 0xA9, 0xFF, 0xFF, 0xFF, 0xFF, 0x67, 0x00, 0x00, 0x00, 0x00, 0x00, // .*@@@@=.....
        0x00, 0xA9, 0xFF, 0xFF, 0xFA, 0x89, 0x01, 0x00, 0x00, 0x00, 0x00, 0x00, // .*@@%+......
        0x00, 0x15, 0x20, 0x20, 0x0E, 0x00, 0x00, 0x00, 0x00, 0x00, 0x00, 0x00, // ..::........
    ],
    // 0x7A 'z'
    [
        0x00, 0x00, 0x00, 0x00, 0x00, 0x00, 0x00, 0x00, 0x00, 0x00, 0x00, 0x00, // ............
        0x00, 0x00, 0x00, 0x00, 0x00, 0x00, 0x00, 0x00, 0x00, 0x00, 0x00, 0x00, // ............
        0x00, 0x00, 0x00, 0x00, 0x00, 0x00, 0x00, 0x00, 0x00, 0x00, 0x00, 0x00, // ............
        0x00, 0x00, 0x00, 0x00, 0x00, 0x00, 0x00, 0x00, 0x00, 0x00, 0x00, 0x00, // ............
        0x00, 0x00, 0x00, 0x00, 0x00, 0x00, 0x00, 0x00, 0x00, 0x00, 0x00, 0x00, // ............
        0x00, 0x00, 0x00, 0x00, 0x00, 0x00, 0x00, 0x00, 0x00, 0x00, 0x00, 0x00, // ............
        0x00, 0x00, 0x00, 0x00, 0x00, 0x00, 0x00, 0x00, 0x00, 0x00, 0x00, 0x00, // ............
        0x00, 0x00, 0x00, 0x00, 0x00, 0x00, 0x00, 0x00, 0x00, 0x00, 0x00, 0x00, // ............
        0x00, 0x2C, 0xEF, 0xEF, 0xEF, 0xEF, 0xEF, 0xEF, 0xEF, 0xEF, 0x85, 0x00, // .:%%%%%%%%+.
        0x00, 0x2F, 0xFF, 0xFF, 0xFF, 0xFF, 0xFF, 0xFF, 0xFF, 0xFF, 0x8E, 0x00, // .:@@@@@@@@+.
        0x00, 0x09, 0x30, 0x30, 0x30, 0x30, 0x42, 0xED, 0xFF, 0xFF, 0x58, 0x00, // ..::::-%@@-.
        0x00, 0x00, 0x00, 0x00, 0x00, 0x08, 0xC3, 0xFF, 0xFF, 0x80, 0x00, 0x00, // ......#@@+..
        0x00, 0x00, 0x00, 0x00, 0x02, 0xAA, 0xFF, 0xFF, 0x9F, 0x01, 0x00, 0x00, // .....*@@+...
        0x00, 0x00, 0x00, 0x00, 0x8D, 0xFF, 0xFF, 0xBA, 0x05, 0x00, 0x00, 0x00, // ....+@@*....
        0x00, 0x00, 0x00, 0x6E, 0xFF, 0xFF, 0xD1, 0x0E, 0x00, 0x00, 0x00, 0x00, // ...=@@#.....
        0x00, 0x00, 0x51, 0xFD, 0xFF, 0xE3, 0x1C, 0x00, 0x00, 0x00, 0x00, 0x00, // ..-%@%......
        0x00, 0x33, 0xF6, 0xFF, 0xF9, 0x4D, 0x20, 0x20, 0x20, 0x20, 0x12, 0x00, // .:%@%-::::..
        0x00, 0x6B, 0xFF, 0xFF, 0xFF, 0xFF, 0xFF, 0xFF, 0xFF, 0xFF, 0x8E, 0x00, // .=@@@@@@@@+.
        0x00, 0x6B, 0xFF, 0xFF, 0xFF, 0xFF, 0xFF, 0xFF, 0xFF, 0xFF, 0x8E, 0x00, // .=@@@@@@@@+.
        0x00, 0x00, 0x00, 0x00, 0x00, 0x00, 0x00, 0x00, 0x00, 0x00, 0x00, 0x00, // ............
        0x00, 0x00, 0x00, 0x00, 0x00, 0x00, 0x00, 0x00, 0x00, 0x00, 0x00, 0x00, // ............
        0x00, 0x00, 0x00, 0x00, 0x00, 0x00, 0x00, 0x00, 0x00, 0x00, 0x00, 0x00, // ............
        0x00, 0x00, 0x00, 0x00, 0x00, 0x00, 0x00, 0x00, 0x00, 0x00, 0x00, 0x00, // ............
        0x00, 0x00, 0x00, 0x00, 0x00, 0x00, 0x00, 0x00, 0x00, 0x00, 0x00, 0x00, // ............
    ],
    // 0x7B '{'
    [
        0x00, 0x00, 0x00, 0x00, 0x00, 0x00, 0x00, 0x00, 0x00, 0x00, 0x00, 0x00, // ............
        0x00, 0x00, 0x00, 0x00, 0x00, 0x00, 0x00, 0x00, 0x00, 0x00, 0x00, 0x00, // ............
        0x00, 0x00, 0x00, 0x00, 0x00, 0x00, 0x00, 0x00, 0x00, 0x00, 0x00, 0x00, // ............
        0x00, 0x00, 0x00, 0x00, 0x00, 0x00, 0x0F, 0x2B, 0x30, 0x26, 0x00, 0x00, // .......:::..
        0x00, 0x00, 0x00, 0x00, 0x11, 0xBA, 0xFD, 0xFF, 0xFF, 0xCB, 0x00, 0x00, // .....*%@@#..
        0x00, 0x00, 0x00, 0x00, 0x7F, 0xFF, 0xFF, 0xDE, 0xAF, 0x8B, 0x00, 0x00, // ....=@@#*+..
        0x00, 0x00, 0x00, 0x00, 0xB3, 0xFF, 0xFC, 0x13, 0x00, 0x00, 0x00, 0x00, // ....*@%.....
        0x00, 0x00, 0x00, 0x00, 0xBF, 0xFF, 0xE7, 0x00, 0x00, 0x00, 0x00, 0x00, // ....*@%.....
        0x00, 0x00, 0x00, 0x00, 0xC0, 0xFF, 0xE4, 0x00, 0x00, 0x00, 0x00, 0x00, // ....#@%.....
        0x00, 0x00, 0x00, 0x00, 0xC1, 0xFF, 0xE4, 0x00, 0x00, 0x00, 0x00, 0x00, // ....#@%.....
        0x00, 0x00, 0x00, 0x00, 0xD7, 0xFF, 0xDE, 0x00, 0x00, 0x00, 0x00, 0x00, // ....#@#.....
        0x00, 0x00, 0x01, 0x55, 0xFF, 0xFF, 0xB4, 0x00, 0x00, 0x00, 0x00, 0x00, // ...-@@*.....
        0x0E, 0xE1, 0xF5, 0xFF, 0xFF, 0xCD, 0x2D, 0x00, 0x00, 0x00, 0x00, 0x00, // .%%@@#:.....
        0x0F, 0xEF, 0xFD, 0xFF, 0xFB, 0xBE, 0x24, 0x00, 0x00, 0x00, 0x00, 0x00, // .%%@%*:.....
        0x00, 0x00, 0x06, 0x62, 0xFF, 0xFF, 0xAE, 0x00, 0x00, 0x00, 0x00, 0x00, // ...=@@*.....
        0x00, 0x00, 0x00, 0x00, 0xD9, 0xFF, 0xDC, 0x00, 0x00, 0x00, 0x00, 0x00, // ....#@#.....
        0x00, 0x00, 0x00, 0x00, 0xC1, 0xFF, 0xE4, 0x00, 0x00, 0x00, 0x00, 0x00, // ....#@%.....
        0x00, 0x00, 0x00, 0x00, 0xC0, 0xFF, 0xE4, 0x00, 0x00, 0x00, 0x00, 0x00, // ....#@%.....
        0x00, 0x00, 0x00, 0x00, 0xBF, 0xFF, 0xE7, 0x00, 0x00, 0x00, 0x00, 0x00, // ....*@%.....
        0x00, 0x00, 0x00, 0x00, 0xB4, 0xFF, 0xFB, 0x0F, 0x00, 0x00, 0x00, 0x00, // ....*@%.....
        0x00, 0x00, 0x00, 0x00, 0x84, 0xFF, 0xFF, 0xD4, 0x9F, 0x7F, 0x00, 0x00, // ....+@@#+=..
        0x00, 0x00, 0x00, 0x00, 0x16, 0xC8, 0xFF, 0xFF, 0xFF, 0xCB, 0x00, 0x00, // .....#@@@#..
        0x00, 0x00, 0x00, 0x00, 0x00, 0x00, 0x1C, 0x3C, 0x40, 0x33, 0x00, 0x00, // .......:-:..
        0x00, 0x00, 0x00, 0x00, 0x00, 0x00, 0x00, 0x00, 0x00, 0x00, 0x00, 0x00, // ............
    ],
    // 0x7C '|'
    [
        0x00, 0x00, 0x00, 0x00, 0x00, 0x00, 0x00, 0x00, 0x00, 0x00, 0x00, 0x00, // ............
        0x00, 0x00, 0x00, 0x00, 0x00, 0x00, 0x00, 0x00, 0x00, 0x00, 0x00, 0x00, // ............
        0x00, 0x00, 0x00, 0x00, 0x00, 0x00, 0x00, 0x00, 0x00, 0x00, 0x00, 0x00, // ............
        0x00, 0x00, 0x00, 0x00, 0x08, 0x50, 0x50, 0x09, 0x00, 0x00, 0x00, 0x00, // .....--.....
        0x00, 0x00, 0x00, 0x00, 0x19, 0xFF, 0xFF, 0x1E, 0x00, 0x00, 0x00, 0x00, // .....@@.....
        0x00, 0x00, 0x00, 0x00, 0x19, 0xFF, 0xFF, 0x1E, 0x00, 0x00, 0x00, 0x00, // .....@@.....
        0x00, 0x00, 0x00, 0x00, 0x19, 0xFF, 0xFF, 0x1E, 0x00, 0x00, 0x00, 0x00, // .....@@.....
        0x00, 0x00, 0x00, 0x00, 0x19, 0xFF, 0xFF, 0x1E, 0x00, 0x00, 0x00, 0x00, // .....@@.....
        0x00, 0x00, 0x00, 0x00, 0x19, 0xFF, 0xFF, 0x1E, 0x00, 0x00, 0x00, 0x00, // .....@@.....
        0x00, 0x00, 0x00, 0x00, 0x19, 0xFF, 0xFF, 0x1E, 0x00, 0x00, 0x00, 0x00, // .....@@.....
        0x00, 0x00, 0x00, 0x00, 0x19, 0xFF, 0xFF, 0x1E, 0x00, 0x00, 0x00, 0x00, // .....@@.....
        0x00, 0x00, 0x00, 0x00, 0x19, 0xFF, 0xFF, 0x1E, 0x00, 0x00, 0x00, 0x00, // .....@@.....
        0x00, 0x00, 0x00, 0x00, 0x19, 0xFF, 0xFF, 0x1E, 0x00, 0x00, 0x00, 0x00, // .....@@.....
        0x00, 0x00, 0x00, 0x00, 0x19, 0xFF, 0xFF, 0x1E, 0x00, 0x00, 0x00, 0x00, // .....@@.....
        0x00, 0x00, 0x00, 0x00, 0x19, 0xFF, 0xFF, 0x1E, 0x00, 0x00, 0x00, 0x00, // .....@@.....
        0x00, 0x00, 0x00, 0x00, 0x19, 0xFF, 0xFF, 0x1E, 0x00, 0x00, 0x00, 0x00, // .....@@.....
        0x00, 0x00, 0x00, 0x00, 0x19, 0xFF, 0xFF, 0x1E, 0x00, 0x00, 0x00, 0x00, // .....@@.....
        0x00, 0x00, 0x00, 0x00, 0x19, 0xFF, 0xFF, 0x1E, 0x00, 0x00, 0x00, 0x00, // .....@@.....
        0x00, 0x00, 0x00, 0x00, 0x19, 0xFF, 0xFF, 0x1E, 0x00, 0x00, 0x00, 0x00, // .....@@.....
        0x00, 0x00, 0x00, 0x00, 0x19, 0xFF, 0xFF, 0x1E, 0x00, 0x00, 0x00, 0x00, // .....@@.....
        0x00, 0x00, 0x00, 0x00, 0x19, 0xFF, 0xFF, 0x1E, 0x00, 0x00, 0x00, 0x00, // .....@@.....
        0x00, 0x00, 0x00, 0x00, 0x19, 0xFF, 0xFF, 0x1E, 0x00, 0x00, 0x00, 0x00, // .....@@.....
        0x00, 0x00, 0x00, 0x00, 0x19, 0xFF, 0xFF, 0x1E, 0x00, 0x00, 0x00, 0x00, // .....@@.....
        0x00, 0x00, 0x00, 0x00, 0x11, 0xAF, 0xAF, 0x15, 0x00, 0x00, 0x00, 0x00, // .....**.....
    ],
    // 0x7D '}'
    [
        0x00, 0x00, 0x00, 0x00, 0x00, 0x00, 0x00, 0x00, 0x00, 0x00, 0x00, 0x00, // ............
        0x00, 0x00, 0x00, 0x00, 0x00, 0x00, 0x00, 0x00, 0x00, 0x00, 0x00, 0x00, // ............
        0x00, 0x00, 0x00, 0x00, 0x00, 0x00, 0x00, 0x00, 0x00, 0x00, 0x00, 0x00, // ............
        0x00, 0x00, 0x24, 0x30, 0x2C, 0x10, 0x00, 0x00, 0x00, 0x00, 0x00, 0x00, // ..:::.......
        0x00, 0x00, 0xC0, 0xFF, 0xFF, 0xFE, 0xBE, 0x14, 0x00, 0x00, 0x00, 0x00, // ..#@@%*.....
        0x00, 0x00, 0x84, 0xAF, 0xDC, 0xFF, 0xFF, 0x83, 0x00, 0x00, 0x00, 0x00, // ..+*#@@+....
        0x00, 0x00, 0x00, 0x00, 0x0D, 0xF8, 0xFF, 0xB6, 0x00, 0x00, 0x00, 0x00, // .....%@*....
        0x00, 0x00, 0x00, 0x00, 0x00, 0xDD, 0xFF, 0xC2, 0x00, 0x00, 0x00, 0x00, // .....#@#....
        0x00, 0x00, 0x00, 0x00, 0x00, 0xDA, 0xFF, 0xC3, 0x00, 0x00, 0x00, 0x00, // .....#@#....
        0x00, 0x00, 0x00, 0x00, 0x00, 0xDA, 0xFF, 0xC5, 0x00, 0x00, 0x00, 0x00, // .....#@#....
        0x00, 0x00, 0x00, 0x00, 0x00, 0xD3, 0xFF, 0xDF, 0x00, 0x00, 0x00, 0x00, // .....#@#....
        0x00, 0x00, 0x00, 0x00, 0x00, 0xAA, 0xFF, 0xFF, 0x59, 0x03, 0x00, 0x00, // .....*@@-...
        0x00, 0x00, 0x00, 0x00, 0x00, 0x28, 0xCB, 0xFF, 0xFF, 0xF7, 0xE2, 0x17, // .....:#@@%%.
        0x00, 0x00, 0x00, 0x00, 0x00, 0x1E, 0xBB, 0xFA, 0xFF, 0xFE, 0xEF, 0x19, // ......*%@%%.
        0x00, 0x00, 0x00, 0x00, 0x00, 0xA4, 0xFF, 0xFF, 0x6B, 0x07, 0x00, 0x00, // .....*@@=...
        0x00, 0x00, 0x00, 0x00, 0x00, 0xD2, 0xFF, 0xDE, 0x00, 0x00, 0x00, 0x00, // .....#@#....
        0x00, 0x00, 0x00, 0x00, 0x00, 0xDA, 0xFF, 0xC4, 0x00, 0x00, 0x00, 0x00, // .....#@#....
        0x00, 0x00, 0x00, 0x00, 0x00, 0xDA, 0xFF, 0xC3, 0x00, 0x00, 0x00, 0x00, // .....#@#....
        0x00, 0x00, 0x00, 0x00, 0x00, 0xDD, 0xFF, 0xC2, 0x00, 0x00, 0x00, 0x00, // .....#@#....
        0x00, 0x00, 0x00, 0x00, 0x0B, 0xF7, 0xFF, 0xB8, 0x00, 0x00, 0x00, 0x00, // .....%@*....
        0x00, 0x00, 0x78, 0x9F, 0xD2, 0xFF, 0xFF, 0x88, 0x00, 0x00, 0x00, 0x00, // ..=+#@@+....
        0x00, 0x00, 0xC0, 0xFF, 0xFF, 0xFF, 0xCC, 0x18, 0x00, 0x00, 0x00, 0x00, // ..#@@@#.....
        0x00, 0x00, 0x30, 0x40, 0x3C, 0x1E, 0x00, 0x00, 0x00, 0x00, 0x00, 0x00, // ..:-:.......
        0x00, 0x00, 0x00, 0x00, 0x00, 0x00, 0x00, 0x00, 0x00, 0x00, 0x00, 0x00, // ............
    ],
    // 0x7E '~'
    [
        0x00, 0x00, 0x00, 0x00, 0x00, 0x00, 0x00, 0x00, 0x00, 0x00, 0x00, 0x00, // ............
        0x00, 0x00, 0x00, 0x00, 0x00, 0x00, 0x00, 0x00, 0x00, 0x00, 0x00, 0x00, // ............
        0x00, 0x00, 0x00, 0x00, 0x00, 0x00, 0x00, 0x00, 0x00, 0x00, 0x00, 0x00, // ............
        0x00, 0x00, 0x00, 0x00, 0x00, 0x00, 0x00, 0x00, 0x00, 0x00, 0x00, 0x00, // ............
        0x00, 0x00, 0x00, 0x00, 0x00, 0x00, 0x00, 0x00, 0x00, 0x00, 0x00, 0x00, // ............
        0x00, 0x00, 0x00, 0x00, 0x00, 0x00, 0x00, 0x00, 0x00, 0x00, 0x00, 0x00, // ............
        0x00, 0x00, 0x00, 0x00, 0x00, 0x00, 0x00, 0x00, 0x00, 0x00, 0x00, 0x00, // ............
        0x00, 0x00, 0x00, 0x00, 0x00, 0x00, 0x00, 0x00, 0x00, 0x00, 0x00, 0x00, // ............
        0x00, 0x00, 0x00, 0x00, 0x00, 0x00, 0x00, 0x00, 0x00, 0x00, 0x00, 0x00, // ............
        0x00, 0x00, 0x00, 0x00, 0x00, 0x00, 0x00, 0x00, 0x00, 0x00, 0x00, 0x00, // ............
        0x00, 0x00, 0x32, 0x86, 0x7D, 0x1C, 0x00, 0x00, 0x00, 0x7D, 0x80, 0x2F, // ..:+=....=+:
        0x00, 0x4B, 0xFB, 0xFF, 0xFF, 0xED, 0x32, 0x00, 0x06, 0xFF, 0xFF, 0x53, // .-%@@%:..@@-
        0x00, 0xD6, 0xFF, 0xE9, 0xF1, 0xFF, 0xE0, 0x14, 0x29, 0xFF, 0xFF, 0x39, // .#@%%@%.:@@:
        0x1B, 0xFF, 0xFF, 0x46, 0x2F, 0xF5, 0xFF, 0xD0, 0xBD, 0xFF, 0xF6, 0x0B, // .@@-:%@#*@%.
        0x41, 0xFF, 0xFF, 0x18, 0x00, 0x61, 0xFF, 0xFF, 0xFF, 0xFF, 0x8A, 0x00, // -@@..=@@@@+.
        0x3D, 0xBF, 0xBF, 0x04, 0x00, 0x00, 0x5B, 0xC3, 0xCB, 0x7F, 0x04, 0x00, // :**...-##=..
        0x00, 0x00, 0x00, 0x00, 0x00, 0x00, 0x00, 0x00, 0x00, 0x00, 0x00, 0x00, // ............
        0x00, 0x00, 0x00, 0x00, 0x00, 0x00, 0x00, 0x00, 0x00, 0x00, 0x00, 0x00, // ............
        0x00, 0x00, 0x00, 0x00, 0x00, 0x00, 0x00, 0x00, 0x00, 0x00, 0x00, 0x00, // ............
        0x00, 0x00, 0x00, 0x00, 0x00, 0x00, 0x00, 0x00, 0x00, 0x00, 0x00, 0x00, // ............
        0x00, 0x00, 0x00, 0x00, 0x00, 0x00, 0x00, 0x00, 0x00, 0x00, 0x00, 0x00, // ............
        0x00, 0x00, 0x00, 0x00, 0x00, 0x00, 0x00, 0x00, 0x00, 0x00, 0x00, 0x00, // ............
        0x00, 0x00, 0x00, 0x00, 0x00, 0x00, 0x00, 0x00, 0x00, 0x00, 0x00, 0x00, // ............
        0x00, 0x00, 0x00, 0x00, 0x00, 0x00, 0x00, 0x00, 0x00, 0x00, 0x00, 0x00, // ............
    ],
];

/// Bold, for every character outside [`BOLD`]: U+25A1 WHITE SQUARE.
#[rustfmt::skip]
pub(crate) static BOLD_REPLACEMENT: Cell = [
    0x00, 0x00, 0x00, 0x00, 0x00, 0x00, 0x00, 0x00, 0x00, 0x00, 0x00, 0x00, // ............
    0x00, 0x00, 0x00, 0x00, 0x00, 0x00, 0x00, 0x00, 0x00, 0x00, 0x00, 0x00, // ............
    0x00, 0x00, 0x00, 0x00, 0x00, 0x00, 0x00, 0x00, 0x00, 0x00, 0x00, 0x00, // ............
    0x00, 0x00, 0x00, 0x00, 0x00, 0x00, 0x00, 0x00, 0x00, 0x00, 0x00, 0x00, // ............
    0x00, 0x00, 0x00, 0x00, 0x00, 0x00, 0x00, 0x00, 0x00, 0x00, 0x00, 0x00, // ............
    0x00, 0x00, 0x00, 0x00, 0x00, 0x00, 0x00, 0x00, 0x00, 0x00, 0x00, 0x00, // ............
    0x00, 0x00, 0x00, 0x00, 0x00, 0x00, 0x00, 0x00, 0x00, 0x00, 0x00, 0x00, // ............
    0x1E, 0x20, 0x20, 0x20, 0x20, 0x20, 0x20, 0x20, 0x20, 0x20, 0x20, 0x1F, // .::::::::::.
    0xF0, 0xF2, 0xEF, 0xEF, 0xEF, 0xEF, 0xEF, 0xEF, 0xEF, 0xEF, 0xF1, 0xFB, // %%%%%%%%%%%%
    0xF0, 0x2C, 0x00, 0x00, 0x00, 0x00, 0x00, 0x00, 0x00, 0x00, 0x21, 0xFB, // %:........:%
    0xF0, 0x2C, 0x00, 0x00, 0x00, 0x00, 0x00, 0x00, 0x00, 0x00, 0x21, 0xFB, // %:........:%
    0xF0, 0x2C, 0x00, 0x00, 0x00, 0x00, 0x00, 0x00, 0x00, 0x00, 0x21, 0xFB, // %:........:%
    0xF0, 0x2C, 0x00, 0x00, 0x00, 0x00, 0x00, 0x00, 0x00, 0x00, 0x21, 0xFB, // %:........:%
    0xF0, 0x2C, 0x00, 0x00, 0x00, 0x00, 0x00, 0x00, 0x00, 0x00, 0x21, 0xFB, // %:........:%
    0xF0, 0x2C, 0x00, 0x00, 0x00, 0x00, 0x00, 0x00, 0x00, 0x00, 0x21, 0xFB, // %:........:%
    0xF0, 0x2C, 0x00, 0x00, 0x00, 0x00, 0x00, 0x00, 0x00, 0x00, 0x21, 0xFB, // %:........:%
    0xF0, 0x2C, 0x00, 0x00, 0x00, 0x00, 0x00, 0x00, 0x00, 0x00, 0x21, 0xFB, // %:........:%
    0xF0, 0x2C, 0x00, 0x00, 0x00, 0x00, 0x00, 0x00, 0x00, 0x00, 0x21, 0xFB, // %:........:%
    0xF0, 0x7B, 0x60, 0x60, 0x60, 0x60, 0x60, 0x60, 0x60, 0x60, 0x74, 0xFB, // %==========%
    0xB4, 0xBF, 0xBF, 0xBF, 0xBF, 0xBF, 0xBF, 0xBF, 0xBF, 0xBF, 0xBF, 0xBC, // ************
    0x00, 0x00, 0x00, 0x00, 0x00, 0x00, 0x00, 0x00, 0x00, 0x00, 0x00, 0x00, // ............
    0x00, 0x00, 0x00, 0x00, 0x00, 0x00, 0x00, 0x00, 0x00, 0x00, 0x00, 0x00, // ............
    0x00, 0x00, 0x00, 0x00, 0x00, 0x00, 0x00, 0x00, 0x00, 0x00, 0x00, 0x00, // ............
    0x00, 0x00, 0x00, 0x00, 0x00, 0x00, 0x00, 0x00, 0x00, 0x00, 0x00, 0x00, // ............
];
